{
    "model_global_ndcg": {
        "mean": 0.137241495086603,
        "margin": 0.035494768868545246,
        "interval": [
            0.10174672621805775,
            0.137241495086603,
            0.17273626395514824
        ]
    }
}