{
    "T16": [
        0.3342780543133145,
        0.5210309917857152,
        0.707783929258116
    ],
    "T35": [
        0.21024368273944866,
        0.2965872110760855,
        0.3829307394127223
    ],
    "T45": [
        0.11509639866831667,
        0.1744512851390301,
        0.23380617160974354
    ],
    "T37": [
        0.1566445635132695,
        0.24500078783560036,
        0.33335701215793123
    ],
    "T11": [
        0.029603330627066576,
        0.06821398569595119,
        0.1068246407648358
    ],
    "T43": [
        0.057111696750620666,
        0.1964263086904791,
        0.33574092063033756
    ],
    "T32": [
        0.0,
        0.0,
        0.0
    ],
    "T38": [
        0.07113847903722359,
        0.13925385960005446,
        0.20736924016288533
    ],
    "T34": [
        0.03011835648095107,
        0.0833071407598788,
        0.13649592503880653
    ],
    "T18": [
        0.04414118915367429,
        0.12349850027297521,
        0.20285581139227613
    ],
    "T2": [
        0.229640874606317,
        0.31048632338664994,
        0.3913317721669829
    ],
    "T26": [
        0.0,
        0.054364325119048575,
        0.13370939377573202
    ],
    "T28": [
        0.004229691154525261,
        0.13333333333333333,
        0.2624369755121414
    ],
    "T13": [
        0.00634569933184663,
        0.03945509439670166,
        0.07256448946155669
    ],
    "T23": [
        0.0031722638026704386,
        0.03878496552211849,
        0.07439766724156655
    ],
    "T19": [
        0.40051375690814495,
        0.4693759836783601,
        0.5382382104485752
    ],
    "T4": [
        0.027952125564912667,
        0.07580213250772999,
        0.12365213945054732
    ],
    "T24": [
        0.0,
        0.00805111669963138,
        0.024517499225987095
    ],
    "T39": [
        0.036340386943197106,
        0.10145764084020556,
        0.166574894737214
    ],
    "T44": [
        0.06902991909836453,
        0.13742240268916964,
        0.20581488627997474
    ],
    "T41": [
        0.04042041920053174,
        0.11554976248988827,
        0.1906791057792448
    ],
    "T20": [
        0.0618396760016392,
        0.13218809773493073,
        0.20253651946822226
    ],
    "T1": [
        0.04687582115506414,
        0.09497077929662447,
        0.1430657374381848
    ],
    "T40": [
        0.05466206565271475,
        0.14768355857929036,
        0.24070505150586596
    ],
    "T8": [
        0.05767945561378374,
        0.1576844499166879,
        0.25768944421959206
    ],
    "T30": [
        0.0,
        0.0026058805912505733,
        0.007935504820334543
    ],
    "T31": [
        0.0,
        0.0,
        0.0
    ],
    "T10": [
        0.0,
        0.0,
        0.0
    ],
    "T33": [
        0.029894382641113992,
        0.10732956830458781,
        0.18476475396806163
    ],
    "T3": [
        0.0558715394693636,
        0.1350103906382639,
        0.2141492418071642
    ],
    "T29": [
        0.08659733762262428,
        0.15390612400632975,
        0.2212149103900352
    ],
    "T27": [
        0.020033159852089824,
        0.04800002194739981,
        0.07596688404270979
    ],
    "T15": [
        0.14167513961318107,
        0.20601641281131283,
        0.2703576860094446
    ],
    "T9": [
        0.0,
        0.0,
        0.0
    ],
    "T14": [
        0.0,
        0.0705495970866746,
        0.14335252958710665
    ],
    "T12": [
        0.06437006014397734,
        0.158906870553383,
        0.2534436809627887
    ],
    "T21": [
        0.16776657707525927,
        0.2959174932871354,
        0.42406840949901153
    ],
    "T6": [
        0.11184234402943088,
        0.17799651812559336,
        0.24415069222175584
    ],
    "T5": [
        0.08178873331852554,
        0.14784262966885164,
        0.21389652601917775
    ],
    "T17": [
        0.003947743335229466,
        0.02862420867130273,
        0.053300674007375995
    ],
    "T22": [
        0.18509430879836125,
        0.24313394019129062,
        0.30117357158422
    ],
    "T42": [
        0.024246760836497322,
        0.08836068395200364,
        0.15247460706750995
    ],
    "T7": [
        0.010660817419714336,
        0.08259715608818775,
        0.15453349475666117
    ],
    "T25": [
        0.0,
        0.017376534287144,
        0.05291553728874618
    ],
    "T36": [
        0.2827504466367127,
        0.34731321164028406,
        0.4118759766438554
    ]
}