{
    "model_global_ndcg": {
        "mean": 0.15165016006651064,
        "margin": 0.0343424794535144,
        "interval": [
            0.11730768061299623,
            0.15165016006651064,
            0.18599263952002504
        ]
    }
}