{
    "T1": [
        0.0011963142499530205,
        0.008307096779344512,
        0.015417879308736004
    ],
    "T6": [
        0.11067525374773474,
        0.1843781207797913,
        0.25808098781184785
    ],
    "T28": [
        0.004229691154525261,
        0.13333333333333333,
        0.2624369755121414
    ],
    "T12": [
        0.05185649649325147,
        0.13494408624216644,
        0.21803167599108142
    ],
    "T24": [
        0.013827743455198105,
        0.058113242780501,
        0.1023987421058039
    ],
    "T22": [
        0.054116097384880574,
        0.08740974916617543,
        0.12070340094747029
    ],
    "T32": [
        0.0,
        0.021469644532350344,
        0.055822837760696895
    ],
    "T31": [
        0.0,
        0.04914683296243451,
        0.10041086280583894
    ],
    "T41": [
        0.12258877574374483,
        0.2230929086742522,
        0.32359704160475955
    ],
    "T35": [
        0.19557214835035736,
        0.2810146092827292,
        0.36645707021510104
    ],
    "T13": [
        0.039510490980694035,
        0.09259713435976917,
        0.1456837777388443
    ],
    "T34": [
        0.16966076726099844,
        0.2558238565090638,
        0.3419869457571292
    ],
    "T10": [
        0.0019628124060336316,
        0.05577644874809784,
        0.10959008509016205
    ],
    "T18": [
        0.052871963300136604,
        0.13175824399114605,
        0.2106445246821555
    ],
    "T42": [
        0.09276883486299453,
        0.17616503607197653,
        0.25956123728095853
    ],
    "T8": [
        0.05738360227921216,
        0.14836734830569245,
        0.23935109433217275
    ],
    "T16": [
        0.3822122306084905,
        0.5549570771459151,
        0.7277019236833397
    ],
    "T27": [
        0.059266006739312094,
        0.10335907165664339,
        0.14745213657397468
    ],
    "T30": [
        0.0,
        0.053888828877918446,
        0.11311780605573166
    ],
    "T38": [
        0.058403585337089,
        0.11870607184576563,
        0.17900855835444227
    ],
    "T15": [
        0.05852863284702303,
        0.12052598887663282,
        0.1825233449062426
    ],
    "T33": [
        0.018244417419466585,
        0.084950032553811,
        0.15165564768815543
    ],
    "T21": [
        0.07780444488082466,
        0.17851681455942406,
        0.27922918423802345
    ],
    "T5": [
        0.19546673182608343,
        0.2690110382000878,
        0.3425553445740922
    ],
    "T11": [
        0.09753271764472918,
        0.16168392855581748,
        0.22583513946690578
    ],
    "T9": [
        0.0,
        0.024856103915865995,
        0.05959999973155411
    ],
    "T17": [
        0.03449502591380024,
        0.11166281316287763,
        0.188830600411955
    ],
    "T43": [
        0.0,
        0.06666666666666667,
        0.16140283998979837
    ],
    "T4": [
        0.14447798388733707,
        0.22824361348504585,
        0.31200924308275463
    ],
    "T23": [
        0.06435769933151969,
        0.11635295440519847,
        0.16834820947887724
    ],
    "T36": [
        0.20870612371263036,
        0.2705203983479873,
        0.33233467298334424
    ],
    "T37": [
        0.163228311141271,
        0.25439963188885,
        0.345570952636429
    ],
    "T29": [
        0.06897448758154046,
        0.11862096612144526,
        0.16826744466135007
    ],
    "T44": [
        0.11696639279595633,
        0.19897628124917938,
        0.2809861697024024
    ],
    "T2": [
        0.23761110375555872,
        0.303920673708275,
        0.37023024366099133
    ],
    "T40": [
        0.02481335558085973,
        0.10588787437803046,
        0.1869623931752012
    ],
    "T7": [
        0.024006086127617093,
        0.07337495705923307,
        0.12274382799084904
    ],
    "T14": [
        0.0,
        0.00918038507920622,
        0.02795638076939156
    ],
    "T25": [
        0.0,
        0.0740086502978591,
        0.15370790310355686
    ],
    "T3": [
        0.18202086272794737,
        0.27989017830872337,
        0.37775949388949936
    ],
    "T19": [
        0.4042523886306226,
        0.47316804404769347,
        0.5420836994647643
    ],
    "T45": [
        0.09263622643693042,
        0.15894693194553042,
        0.2252576374541304
    ],
    "T39": [
        0.0,
        0.0,
        0.0
    ],
    "T26": [
        0.0,
        0.06666666666666667,
        0.16140283998979837
    ],
    "T20": [
        0.12351010234118287,
        0.20161686746780486,
        0.27972363259442684
    ]
}