{
    "model_global_ndcg": {
        "mean": 0.7542618265953379,
        "margin": 0.08359984912853724,
        "interval": [
            0.6706619774668007,
            0.7542618265953379,
            0.8378616757238752
        ]
    }
}