{
    "model_global_ndcg": {
        "mean": 0.1779071575278912,
        "margin": 0.043624824545874824,
        "interval": [
            0.1342823329820164,
            0.1779071575278912,
            0.22153198207376604
        ]
    }
}