{
    "T1": [
        0.07233543462137237,
        0.13963376617557774,
        0.2069320977297831
    ],
    "T2": [
        0.28930773024207523,
        0.3812050522291887,
        0.4731023742163022
    ],
    "T3": [
        0.02323786142271464,
        0.10018530420514511,
        0.17713274698757558
    ],
    "T4": [
        0.11523936194213952,
        0.18412081397867788,
        0.25300226601521625
    ],
    "T5": [
        0.24235658027132323,
        0.30702182016652496,
        0.3716870600617267
    ],
    "T6": [
        0.15841929776403663,
        0.233645342273272,
        0.30887138678250736
    ],
    "T7": [
        0.02006739888940194,
        0.05990274983975345,
        0.09973810079010496
    ],
    "T8": [
        0.09518934957629913,
        0.1633682565055354,
        0.2315471634347717
    ],
    "T9": [
        0.0011446419081382088,
        0.015453504886146044,
        0.02976236786415388
    ],
    "T10": [
        0.0,
        0.012362186513076438,
        0.0299293801754118
    ],
    "T11": [
        0.2473414069072437,
        0.33283789855498624,
        0.4183343902027288
    ],
    "T12": [
        0.04489047847348862,
        0.124577763586899,
        0.20426504870030937
    ],
    "T13": [
        0.04506758041440201,
        0.09954920410179162,
        0.15403082778918123
    ],
    "T14": [
        0.0,
        0.027541155237618666,
        0.0838691423081747
    ],
    "T15": [
        0.0832222713799595,
        0.1498720528762625,
        0.21652183437256553
    ],
    "T16": [
        0.6432285144448495,
        0.777448860626259,
        0.9116692068076684
    ],
    "T17": [
        0.0,
        0.05805770635948621,
        0.11682792344437778
    ],
    "T18": [
        0.030983181187094644,
        0.09221107497776877,
        0.1534389687684429
    ],
    "T19": [
        0.5082961934877912,
        0.5640129447894208,
        0.6197296960910503
    ],
    "T20": [
        0.09493382557929603,
        0.16668690390509003,
        0.23843998223088403
    ],
    "T21": [
        0.15025578739705026,
        0.2722548845460078,
        0.3942539816949654
    ],
    "T22": [
        0.1060327709812276,
        0.14330570875247411,
        0.18057864652372063
    ],
    "T23": [
        0.03092923264571354,
        0.10215013738030171,
        0.17337104211488988
    ],
    "T24": [
        0.0,
        0.012458388386501188,
        0.030162289009158204
    ],
    "T25": [
        0.07442419912961945,
        0.20592224839023773,
        0.337420297650856
    ],
    "T26": [
        0.08659997509726536,
        0.2316153039626464,
        0.37663063282802745
    ],
    "T27": [
        0.1382083327770452,
        0.1820921266895624,
        0.2259759206020796
    ],
    "T28": [
        0.025127435798330655,
        0.16666666666666666,
        0.30820589753500266
    ],
    "T29": [
        0.056667977234932276,
        0.11072265298175892,
        0.16477732872858555
    ],
    "T30": [
        0.051193096550390615,
        0.13844947951577316,
        0.2257058624811557
    ],
    "T31": [
        0.0,
        0.025106040568368602,
        0.055823077903310675
    ],
    "T32": [
        0.0,
        0.011437576083147027,
        0.029981880964770634
    ],
    "T33": [
        0.10738189801147285,
        0.20745028447349365,
        0.30751867093551444
    ],
    "T34": [
        0.17047071111243856,
        0.2582724559641749,
        0.3460742008159113
    ],
    "T35": [
        0.1975921850384929,
        0.2871745262742428,
        0.37675686750999265
    ],
    "T36": [
        0.2331445510685069,
        0.2864464574442521,
        0.33974836381999735
    ],
    "T37": [
        0.22961090304208015,
        0.3051286438223223,
        0.38064638460256445
    ],
    "T38": [
        0.07204918341344427,
        0.13149161742481016,
        0.19093405143617606
    ],
    "T39": [
        0.0,
        0.012095426926689004,
        0.025962443436782914
    ],
    "T40": [
        0.04528682736846662,
        0.13951442658987157,
        0.2337420258112765
    ],
    "T41": [
        0.08876938177549076,
        0.17989017830872334,
        0.2710109748419559
    ],
    "T42": [
        0.06959596919012978,
        0.1536647841522939,
        0.23773359911445802
    ],
    "T43": [
        0.0,
        0.06666666666666667,
        0.16140283998979837
    ],
    "T44": [
        0.1742104559159895,
        0.25813541194534423,
        0.34206036797469896
    ],
    "T45": [
        0.06638627962490362,
        0.12801563305029445,
        0.18964498647568528
    ]
}