{
    "model_global_ndcg": {
        "mean": 0.21158399726830213,
        "margin": 0.0483176463429027,
        "interval": [
            0.16326635092539943,
            0.21158399726830213,
            0.2599016436112048
        ]
    }
}