{
    "T1": [
        0.48087042897765875,
        0.5476035644190087,
        0.6143366998603587
    ],
    "T2": [
        0.2353469873990024,
        0.31587686278619603,
        0.39640673817338967
    ],
    "T3": [
        0.018120946581675595,
        0.09277134465419028,
        0.16742174272670496
    ],
    "T4": [
        0.2508289660721324,
        0.29707065838774194,
        0.3433123507033515
    ],
    "T5": [
        0.166528461664869,
        0.22987524769678475,
        0.2932220337287005
    ],
    "T6": [
        0.13882344463559304,
        0.2079338890086585,
        0.27704433338172396
    ],
    "T7": [
        0.013766465821127713,
        0.050053807185647135,
        0.08634114855016656
    ],
    "T8": [
        0.09400372755074343,
        0.17819650915472982,
        0.2623892907587162
    ],
    "T9": [
        0.00025843720394755354,
        0.026837055665437932,
        0.05341567412692831
    ],
    "T10": [
        0.0,
        0.012362186513076438,
        0.0299293801754118
    ],
    "T11": [
        0.273116614215064,
        0.3262468496186044,
        0.3793770850221448
    ],
    "T12": [
        0.198598479838751,
        0.28460272960672334,
        0.37060697937469567
    ],
    "T13": [
        0.036230324581700585,
        0.08997576948951867,
        0.14372121439733676
    ],
    "T14": [
        0.0,
        0.027541155237618666,
        0.0838691423081747
    ],
    "T15": [
        0.09435930827522673,
        0.1647046854231934,
        0.23505006257116004
    ],
    "T16": [
        0.6531321658926064,
        0.7976892186024465,
        0.9422462713122866
    ],
    "T17": [
        0.012365999929500882,
        0.07207499902786221,
        0.13178399812622354
    ],
    "T18": [
        0.05029113043977179,
        0.11832497186972973,
        0.18635881329968768
    ],
    "T19": [
        0.5135067218145105,
        0.553506584013597,
        0.5935064462126834
    ],
    "T20": [
        0.25927096042206726,
        0.31437373288025333,
        0.3694765053384394
    ],
    "T21": [
        0.1398899626997827,
        0.26628387932498204,
        0.3926777959501814
    ],
    "T22": [
        0.17230295121919886,
        0.21720308615614714,
        0.2621032210930954
    ],
    "T23": [
        0.03909623912838778,
        0.10314102220232603,
        0.16718580527626428
    ],
    "T24": [
        0.013682855934346927,
        0.06560428950767155,
        0.11752572308099618
    ],
    "T25": [
        0.06528894360008392,
        0.19737827920293374,
        0.32946761480578357
    ],
    "T26": [
        0.018894631595123113,
        0.15,
        0.2811053684048769
    ],
    "T27": [
        0.16420826960071278,
        0.19444926199007911,
        0.22469025437944545
    ],
    "T28": [
        0.025127435798330655,
        0.16666666666666666,
        0.30820589753500266
    ],
    "T29": [
        0.17184824271064109,
        0.2320216645271696,
        0.2921950863436981
    ],
    "T30": [
        0.051821737939702406,
        0.13056767900433253,
        0.20931362006896265
    ],
    "T31": [
        0.0,
        0.013548530053842897,
        0.030614351846014576
    ],
    "T32": [
        0.0,
        0.007679029285650559,
        0.02338440760346819
    ],
    "T33": [
        0.5360353687530656,
        0.5804359947064597,
        0.6248366206598538
    ],
    "T34": [
        0.14842349726434012,
        0.2306105422949764,
        0.3127975873256127
    ],
    "T35": [
        0.19168848735671518,
        0.27969175445152206,
        0.36769502154632894
    ],
    "T36": [
        0.17306543870696978,
        0.22118071421828392,
        0.26929598972959806
    ],
    "T37": [
        0.26398104839069686,
        0.3284961092756122,
        0.3930111701605275
    ],
    "T38": [
        0.08024466065987956,
        0.14618569719209693,
        0.2121267337243143
    ],
    "T39": [
        0.0693332066982609,
        0.12393519856928399,
        0.17853719044030708
    ],
    "T40": [
        0.08393513224870919,
        0.18189157352559496,
        0.2798480148024807
    ],
    "T41": [
        0.1688633611877841,
        0.24982697699454906,
        0.330790592801314
    ],
    "T42": [
        0.15859720398312876,
        0.25724940701000715,
        0.35590161003688553
    ],
    "T43": [
        0.0,
        0.06666666666666667,
        0.16140283998979837
    ],
    "T44": [
        0.10385019087471603,
        0.18723282306230526,
        0.2706154552498945
    ],
    "T45": [
        0.14998455274696693,
        0.21571120994341406,
        0.2814378671398612
    ]
}