{
    "model_global_ndcg": {
        "mean": 0.6376795335053476,
        "margin": 0.0922447762289671,
        "interval": [
            0.5454347572763805,
            0.6376795335053476,
            0.7299243097343147
        ]
    }
}