{
    "model_global_ndcg": {
        "mean": 0.16839699079402623,
        "margin": 0.03815848713292738,
        "interval": [
            0.13023850366109885,
            0.16839699079402623,
            0.2065554779269536
        ]
    }
}