{
    "model_global_ndcg": {
        "mean": 0.16839699079402626,
        "margin": 0.03815848713292738,
        "interval": [
            0.13023850366109888,
            0.16839699079402626,
            0.20655547792695364
        ]
    }
}