{
    "model_global_ndcg": {
        "mean": 0.16839699079402629,
        "margin": 0.03815848713292738,
        "interval": [
            0.1302385036610989,
            0.16839699079402629,
            0.20655547792695367
        ]
    }
}