{
    "T22": [
        0.13960553914914736,
        0.18027083440672312,
        0.22093612966429887
    ],
    "T3": [
        0.14146032236026845,
        0.23635315389451259,
        0.3312459854287567
    ],
    "T37": [
        0.19624299386775168,
        0.28546689566709355,
        0.3746907974664354
    ],
    "T17": [
        0.03046319342474968,
        0.06821520003767113,
        0.10596720665059259
    ],
    "T32": [
        0.0,
        0.021469644532350344,
        0.05582283776069688
    ],
    "T28": [
        0.004229691154525261,
        0.13333333333333333,
        0.2624369755121414
    ],
    "T29": [
        0.10231971980551907,
        0.17917337265227257,
        0.25602702549902606
    ],
    "T4": [
        0.1256226511131281,
        0.22676565067769705,
        0.327908650242266
    ],
    "T35": [
        0.2098526492939048,
        0.29709132351952633,
        0.38432999774514787
    ],
    "T27": [
        0.11476114432766613,
        0.15533965151527565,
        0.19591815870288518
    ],
    "T1": [
        0.13381646565342492,
        0.21193540404142056,
        0.2900543424294162
    ],
    "T16": [
        0.4484092982332153,
        0.6164094289906081,
        0.784409559748001
    ],
    "T18": [
        0.05341490425306061,
        0.14136041129210392,
        0.22930591833114722
    ],
    "T45": [
        0.11120030973522735,
        0.17458327233939772,
        0.23796623494356808
    ],
    "T30": [
        0.0,
        0.01944613961560009,
        0.04420433712967562
    ],
    "T33": [
        0.0745390285191157,
        0.1536647841522939,
        0.2327905397854721
    ],
    "T5": [
        0.10693057202562156,
        0.17544276106115989,
        0.2439549500966982
    ],
    "T12": [
        0.07489770998349887,
        0.1738688894974873,
        0.2728400690114757
    ],
    "T21": [
        0.1693505799897453,
        0.29173939786476427,
        0.41412821573978326
    ],
    "T26": [
        0.0,
        0.0672594186935333,
        0.14965458469256165
    ],
    "T20": [
        0.1314959961927713,
        0.2138886806470143,
        0.2962813651012573
    ],
    "T9": [
        0.0,
        0.020894200416722117,
        0.046053269777310064
    ],
    "T39": [
        0.0,
        0.0,
        0.0
    ],
    "T25": [
        0.0006126721148923125,
        0.05051367623614184,
        0.10041468035739137
    ],
    "T42": [
        0.07465783276126048,
        0.15534184145722446,
        0.23602585015318844
    ],
    "T36": [
        0.28642439000172115,
        0.35036584658212205,
        0.41430730316252296
    ],
    "T10": [
        0.0,
        0.0,
        0.0
    ],
    "T7": [
        0.02615170011475848,
        0.09943741511253726,
        0.17272313011031604
    ],
    "T40": [
        0.05466206565271475,
        0.14768355857929036,
        0.24070505150586596
    ],
    "T43": [
        0.0572879997239496,
        0.20205354372149503,
        0.34681908771904046
    ],
    "T19": [
        0.46457014254059337,
        0.5271216431743978,
        0.5896731438082022
    ],
    "T31": [
        0.0,
        0.010072982875731518,
        0.02336617678401746
    ],
    "T14": [
        0.0,
        0.00918038507920622,
        0.02795638076939156
    ],
    "T24": [
        0.0,
        0.01610223339926276,
        0.04903499845197419
    ],
    "T34": [
        0.14193710943458632,
        0.22484032572993798,
        0.30774354202528964
    ],
    "T38": [
        0.07810544953369947,
        0.14638673509120537,
        0.21466802064871127
    ],
    "T44": [
        0.11776922527871247,
        0.20583480464100556,
        0.29390038400329865
    ],
    "T8": [
        0.06187108450060913,
        0.16004089823575943,
        0.2582107119709097
    ],
    "T2": [
        0.22069114218557345,
        0.2972859707869376,
        0.3738807993883017
    ],
    "T23": [
        0.03709662680881473,
        0.08734644416554475,
        0.13759626152227478
    ],
    "T41": [
        0.12258877574374477,
        0.22309290867425216,
        0.32359704160475955
    ],
    "T15": [
        0.16192934487917937,
        0.23317975809159439,
        0.3044301713040094
    ],
    "T11": [
        0.07343994063338316,
        0.13465306613043324,
        0.1958661916274833
    ],
    "T13": [
        0.016898888493705924,
        0.05435021206309686,
        0.0918015356324878
    ],
    "T6": [
        0.12556377664614676,
        0.1990084870554443,
        0.27245319746474184
    ]
}