{
    "T1": [
        0.13381646565342492,
        0.21193540404142056,
        0.2900543424294162
    ],
    "T6": [
        0.12556377664614665,
        0.19900848705544422,
        0.2724531974647418
    ],
    "T28": [
        0.004229691154525261,
        0.13333333333333333,
        0.2624369755121414
    ],
    "T12": [
        0.07489770998349887,
        0.1738688894974873,
        0.2728400690114757
    ],
    "T24": [
        0.0,
        0.01610223339926276,
        0.04903499845197419
    ],
    "T22": [
        0.13960553914914736,
        0.18027083440672312,
        0.22093612966429887
    ],
    "T32": [
        0.0,
        0.021469644532350344,
        0.055822837760696895
    ],
    "T31": [
        0.0,
        0.010072982875731518,
        0.023366176784017464
    ],
    "T41": [
        0.12258877574374483,
        0.2230929086742522,
        0.32359704160475955
    ],
    "T35": [
        0.20985264929390485,
        0.2970913235195264,
        0.3843299977451479
    ],
    "T13": [
        0.016898888493705924,
        0.05435021206309686,
        0.0918015356324878
    ],
    "T34": [
        0.14193710943458632,
        0.22484032572993798,
        0.30774354202528964
    ],
    "T10": [
        0.0,
        0.0,
        0.0
    ],
    "T18": [
        0.05341490425306061,
        0.14136041129210392,
        0.22930591833114722
    ],
    "T42": [
        0.07465783276126048,
        0.15534184145722446,
        0.23602585015318844
    ],
    "T8": [
        0.06187108450060913,
        0.1600408982357594,
        0.25821071197090967
    ],
    "T16": [
        0.4484092982332153,
        0.6164094289906081,
        0.784409559748001
    ],
    "T27": [
        0.1147611443276661,
        0.15533965151527565,
        0.1959181587028852
    ],
    "T30": [
        0.0,
        0.01944613961560009,
        0.04420433712967562
    ],
    "T38": [
        0.07810544953369947,
        0.14638673509120537,
        0.21466802064871127
    ],
    "T15": [
        0.16192934487917937,
        0.23317975809159439,
        0.3044301713040094
    ],
    "T33": [
        0.07453902851911573,
        0.15366478415229393,
        0.23279053978547212
    ],
    "T21": [
        0.16935057998974534,
        0.2917393978647643,
        0.4141282157397833
    ],
    "T5": [
        0.10693057202562156,
        0.17544276106115989,
        0.2439549500966982
    ],
    "T11": [
        0.0734399406333831,
        0.1346530661304332,
        0.1958661916274833
    ],
    "T9": [
        0.0,
        0.020894200416722117,
        0.046053269777310064
    ],
    "T17": [
        0.030463193424749693,
        0.06821520003767115,
        0.1059672066505926
    ],
    "T43": [
        0.0572879997239496,
        0.20205354372149503,
        0.34681908771904046
    ],
    "T4": [
        0.12562265111312804,
        0.22676565067769702,
        0.327908650242266
    ],
    "T23": [
        0.03709662680881473,
        0.08734644416554477,
        0.1375962615222748
    ],
    "T36": [
        0.28642439000172115,
        0.35036584658212205,
        0.41430730316252296
    ],
    "T37": [
        0.19624299386775174,
        0.2854668956670936,
        0.37469079746643547
    ],
    "T29": [
        0.10231971980551907,
        0.17917337265227257,
        0.25602702549902606
    ],
    "T44": [
        0.11776922527871247,
        0.20583480464100556,
        0.29390038400329865
    ],
    "T2": [
        0.2206911421855734,
        0.2972859707869375,
        0.37388079938830165
    ],
    "T40": [
        0.05466206565271475,
        0.14768355857929036,
        0.24070505150586596
    ],
    "T7": [
        0.02615170011475848,
        0.09943741511253727,
        0.17272313011031606
    ],
    "T14": [
        0.0,
        0.00918038507920622,
        0.02795638076939156
    ],
    "T25": [
        0.0006126721148923125,
        0.05051367623614184,
        0.10041468035739137
    ],
    "T3": [
        0.14146032236026845,
        0.23635315389451259,
        0.3312459854287567
    ],
    "T19": [
        0.46457014254059337,
        0.5271216431743978,
        0.5896731438082022
    ],
    "T45": [
        0.11120030973522735,
        0.17458327233939772,
        0.23796623494356808
    ],
    "T39": [
        0.0,
        0.0,
        0.0
    ],
    "T26": [
        0.0,
        0.0672594186935333,
        0.14965458469256165
    ],
    "T20": [
        0.1314959961927713,
        0.21388868064701427,
        0.29628136510125724
    ]
}