{
    "model_global_ndcg": {
        "mean": 0.16273528181646155,
        "margin": 0.0416319052915409,
        "interval": [
            0.12110337652492065,
            0.16273528181646155,
            0.20436718710800245
        ]
    }
}