{
    "T1": [
        0.010562842923602558,
        0.034478574020179294,
        0.05839430511675603
    ],
    "T2": [
        0.2739364778804824,
        0.36530960919630495,
        0.4566827405121275
    ],
    "T3": [
        0.026884039526847064,
        0.09481942958600652,
        0.16275481964516597
    ],
    "T4": [
        0.07932229535189933,
        0.1370793129453723,
        0.19483633053884525
    ],
    "T5": [
        0.18787200461680303,
        0.2538545778429893,
        0.3198371510691756
    ],
    "T6": [
        0.14900501130934257,
        0.22405140704865864,
        0.2990978027879747
    ],
    "T7": [
        0.015327799588646718,
        0.05269967634261226,
        0.0900715530965778
    ],
    "T8": [
        0.12222621116503685,
        0.2003536175333808,
        0.27848102390172474
    ],
    "T9": [
        0.0044636076815264755,
        0.025972362534065083,
        0.04748111738660369
    ],
    "T10": [
        0.0,
        0.008843145225394759,
        0.02243394610275155
    ],
    "T11": [
        0.16588251581407848,
        0.24737761991322973,
        0.328872724012381
    ],
    "T12": [
        0.05277088581549555,
        0.12979977280976737,
        0.2068286598040392
    ],
    "T13": [
        0.018035620319796136,
        0.04281465140087145,
        0.06759368248194676
    ],
    "T14": [
        0.0,
        0.027541155237618666,
        0.0838691423081747
    ],
    "T15": [
        0.06910141516913157,
        0.1309702819961291,
        0.1928391488231266
    ],
    "T16": [
        0.6368300174117933,
        0.7695108441976893,
        0.9021916709835853
    ],
    "T17": [
        0.0002133133234402257,
        0.06048557341012845,
        0.12075783349681668
    ],
    "T18": [
        0.03345020922285635,
        0.08581300817088183,
        0.1381758071189073
    ],
    "T19": [
        0.49849180862757214,
        0.5500842950380044,
        0.6016767814484366
    ],
    "T20": [
        0.09173547538210278,
        0.15719877191467618,
        0.2226620684472496
    ],
    "T21": [
        0.05632369357597655,
        0.16541877352006462,
        0.2745138534641527
    ],
    "T22": [
        0.10180046846803545,
        0.14727269096532228,
        0.1927449134626091
    ],
    "T23": [
        0.04038360158250198,
        0.11208906526892391,
        0.18379452895534584
    ],
    "T24": [
        0.0,
        0.019170630672652726,
        0.044077952879525206
    ],
    "T25": [
        0.06593384229399207,
        0.19196710154795568,
        0.3180003608019193
    ],
    "T26": [
        0.05337355117536824,
        0.19622842690781805,
        0.33908330264026787
    ],
    "T27": [
        0.10943619139491717,
        0.16221202898236609,
        0.214987866569815
    ],
    "T28": [
        0.025127435798330655,
        0.16666666666666666,
        0.30820589753500266
    ],
    "T29": [
        0.07526125822867114,
        0.14898582974577124,
        0.22271040126287134
    ],
    "T30": [
        0.026908991856881448,
        0.10477260906007285,
        0.18263622626326426
    ],
    "T31": [
        0.0,
        0.025188249421764806,
        0.05520679451887634
    ],
    "T32": [
        0.0,
        0.010830268581020099,
        0.02908766654803658
    ],
    "T33": [
        0.01182378368551798,
        0.08426451408837117,
        0.15670524449122436
    ],
    "T34": [
        0.152689764953647,
        0.24550436784679608,
        0.33831897073994516
    ],
    "T35": [
        0.18171997766635667,
        0.26593001235864405,
        0.35014004705093144
    ],
    "T36": [
        0.19662274004138114,
        0.25689065197913596,
        0.3171585639168908
    ],
    "T37": [
        0.19033456785757963,
        0.26267083823942344,
        0.33500710862126726
    ],
    "T38": [
        0.06264111075156059,
        0.12229584933637366,
        0.18195058792118673
    ],
    "T39": [
        0.06765477021327004,
        0.13060334037517998,
        0.19355191053708992
    ],
    "T40": [
        0.032049791269756545,
        0.11169950693544956,
        0.19134922260114257
    ],
    "T41": [
        0.1082905459825299,
        0.19962897237311436,
        0.2909673987636988
    ],
    "T42": [
        0.07529701517005755,
        0.1624497806341284,
        0.24960254609819926
    ],
    "T43": [
        0.0,
        0.06666666666666667,
        0.16140283998979837
    ],
    "T44": [
        0.15787856012886642,
        0.243740395643984,
        0.3296022311591016
    ],
    "T45": [
        0.05851992661051095,
        0.12088275755914354,
        0.18324558850777614
    ]
}