{
    "model_global_ndcg": {
        "mean": 0.15001451578838415,
        "margin": 0.035356360465636616,
        "interval": [
            0.11465815532274753,
            0.15001451578838415,
            0.18537087625402077
        ]
    }
}