{
    "T1": [
        0.04666903072266951,
        0.09710456376081682,
        0.14754009679896413
    ],
    "T2": [
        0.3102406104067996,
        0.37921110679343123,
        0.44818160318006284
    ],
    "T3": [
        0.0593422399016964,
        0.13333333333333333,
        0.20732442676497026
    ],
    "T4": [
        0.07871184072964188,
        0.14477056480494047,
        0.21082928888023905
    ],
    "T5": [
        0.18096604262025023,
        0.24360315489540088,
        0.30624026717055153
    ],
    "T6": [
        0.11541852923169887,
        0.186525205175904,
        0.25763188112010915
    ],
    "T7": [
        0.0014295327703978539,
        0.05140273345870358,
        0.10137593414700931
    ],
    "T8": [
        0.06008338869098884,
        0.15904666989299004,
        0.25800995109499125
    ],
    "T9": [
        0.0017799854820669814,
        0.0402555834981569,
        0.07873118151424682
    ],
    "T10": [
        0.0,
        0.03252404431645259,
        0.0729256692085957
    ],
    "T11": [
        0.03170765366792749,
        0.08539928684550849,
        0.13909092002308948
    ],
    "T12": [
        0.053853494438767746,
        0.12811131993737385,
        0.20236914543597995
    ],
    "T13": [
        0.052531049043657574,
        0.10369745640958625,
        0.15486386377551492
    ],
    "T14": [
        0.0,
        0.0,
        0.0
    ],
    "T15": [
        0.06810300681667159,
        0.13106289772273613,
        0.19402278862880068
    ],
    "T16": [
        0.45759814789037356,
        0.6157392711055074,
        0.7738803943206413
    ],
    "T17": [
        0.07247230186258258,
        0.1785890248619815,
        0.2847057478613804
    ],
    "T18": [
        0.00939669867326838,
        0.05803668248471778,
        0.10667666629616718
    ],
    "T19": [
        0.3491623854176569,
        0.408673787521235,
        0.46818518962481315
    ],
    "T20": [
        0.024211152960851356,
        0.08775046212491865,
        0.15128977128898594
    ],
    "T21": [
        0.06430627901234409,
        0.17292859668008295,
        0.2815509143478218
    ],
    "T22": [
        0.10687903125251139,
        0.15847037936737715,
        0.21006172748224292
    ],
    "T23": [
        0.03814566234992539,
        0.09340313221281224,
        0.1486606020756991
    ],
    "T24": [
        0.0,
        0.06258701109067026,
        0.1267536716295017
    ],
    "T25": [
        0.007645691257151976,
        0.10393221214916615,
        0.20021873304118032
    ],
    "T26": [
        0.0,
        0.08769765845238191,
        0.18977904819956176
    ],
    "T27": [
        0.1252637203750729,
        0.1823220219942164,
        0.2393803236133599
    ],
    "T28": [
        0.0,
        0.1,
        0.21393688301366892
    ],
    "T29": [
        0.04655656438568295,
        0.09429179843346086,
        0.14202703248123877
    ],
    "T30": [
        0.02704981051973121,
        0.09685934773846007,
        0.16666888495718893
    ],
    "T31": [
        0.0,
        0.013869012617430844,
        0.042234328329712884
    ],
    "T32": [
        0.0,
        0.0,
        0.0
    ],
    "T33": [
        0.044491890874334056,
        0.12923716346970088,
        0.2139824360650677
    ],
    "T34": [
        0.21722286575824246,
        0.30010355893623397,
        0.3829842521142255
    ],
    "T35": [
        0.08076550063265692,
        0.1515678642733224,
        0.22237022791398786
    ],
    "T36": [
        0.2771201705111072,
        0.3476432920485441,
        0.418166413585981
    ],
    "T37": [
        0.13488925943025343,
        0.2153912572589473,
        0.2958932550876412
    ],
    "T38": [
        0.014797095673812752,
        0.06852852136484383,
        0.12225994705587491
    ],
    "T39": [
        0.0,
        0.0,
        0.0
    ],
    "T40": [
        0.026749138705675163,
        0.11125967861768794,
        0.19577021852970072
    ],
    "T41": [
        0.09283158004367398,
        0.19962897237311436,
        0.30642636470255474
    ],
    "T42": [
        0.1604026446684989,
        0.2391065605018964,
        0.3178104763352939
    ],
    "T43": [
        0.027729375512397847,
        0.14974276232394146,
        0.27175614913548507
    ],
    "T44": [
        0.11383067912410716,
        0.19085173993115173,
        0.2678728007381963
    ],
    "T45": [
        0.15290029405716998,
        0.21639351969814952,
        0.27988674533912905
    ]
}