{
    "model_global_ndcg": {
        "mean": 0.7566837390616221,
        "margin": 0.0710944206797477,
        "interval": [
            0.6855893183818744,
            0.7566837390616221,
            0.8277781597413698
        ]
    }
}