{
    "model_global_ndcg": {
        "mean": 0.19478343458193256,
        "margin": 0.04372104218306297,
        "interval": [
            0.1510623923988696,
            0.19478343458193256,
            0.23850447676499553
        ]
    }
}