{
    "T1": [
        0.12774975861050414,
        0.19887042268038846,
        0.2699910867502728
    ],
    "T2": [
        0.2982122299722801,
        0.3831738886648042,
        0.46813554735732826
    ],
    "T3": [
        0.030006351873860915,
        0.10692221575516338,
        0.18383807963646584
    ],
    "T4": [
        0.1079553412338824,
        0.17457840057767895,
        0.24120145992147551
    ],
    "T5": [
        0.2221551453953905,
        0.28927044482348274,
        0.356385744251575
    ],
    "T6": [
        0.15722642421291044,
        0.2311037985365196,
        0.30498117286012877
    ],
    "T7": [
        0.01931454652157112,
        0.05813883706844338,
        0.09696312761531564
    ],
    "T8": [
        0.15718842020584917,
        0.22490049725544886,
        0.29261257430504856
    ],
    "T9": [
        0.002810467187624288,
        0.03530182101094771,
        0.06779317483427114
    ],
    "T10": [
        0.0,
        0.012362186513076438,
        0.0299293801754118
    ],
    "T11": [
        0.2734616581532222,
        0.3521998854179215,
        0.43093811268262083
    ],
    "T12": [
        0.04497568503405422,
        0.12468767925358094,
        0.20439967347310767
    ],
    "T13": [
        0.06496950355770276,
        0.12476295679057188,
        0.184556410023441
    ],
    "T14": [
        0.0,
        0.027541155237618666,
        0.0838691423081747
    ],
    "T15": [
        0.0891608908706269,
        0.1577227515942225,
        0.2262846123178181
    ],
    "T16": [
        0.6571274136096156,
        0.7884882922619096,
        0.9198491709142037
    ],
    "T17": [
        0.026778834900450826,
        0.09729024772919906,
        0.1678016605579473
    ],
    "T18": [
        0.03375242145844959,
        0.09868812526550869,
        0.16362382907256778
    ],
    "T19": [
        0.5378349718309205,
        0.5954397845444382,
        0.6530445972579559
    ],
    "T20": [
        0.09775245308019084,
        0.1670550288914712,
        0.23635760470275155
    ],
    "T21": [
        0.15444105810750408,
        0.2790761998637991,
        0.40371134162009414
    ],
    "T22": [
        0.14112236037194809,
        0.17160757722003217,
        0.20209279406811625
    ],
    "T23": [
        0.03514530036409114,
        0.10928301287145262,
        0.1834207253788141
    ],
    "T24": [
        0.02610562473409761,
        0.07341465728978286,
        0.12072368984546811
    ],
    "T25": [
        0.08209473286009988,
        0.2138298016856395,
        0.3455648705111791
    ],
    "T26": [
        0.05452227916633834,
        0.19768921860244643,
        0.3408561580385545
    ],
    "T27": [
        0.11202290113067004,
        0.1546106293392213,
        0.19719835754777254
    ],
    "T28": [
        0.025127435798330655,
        0.16666666666666666,
        0.30820589753500266
    ],
    "T29": [
        0.0717389009429577,
        0.1331101236673096,
        0.19448134639166148
    ],
    "T30": [
        0.07009867518013038,
        0.15903296880263956,
        0.24796726242514874
    ],
    "T31": [
        0.007649992339502483,
        0.03052619553180271,
        0.053402398724102934
    ],
    "T32": [
        0.0,
        0.010362734852194352,
        0.027336974560515905
    ],
    "T33": [
        0.098894687471827,
        0.19590383013636756,
        0.2929129728009081
    ],
    "T34": [
        0.15519353340504866,
        0.23555164960729236,
        0.31590976580953606
    ],
    "T35": [
        0.2448197750609198,
        0.33687688389558174,
        0.4289339927302437
    ],
    "T36": [
        0.2621970119782015,
        0.31140866001555684,
        0.3606203080529122
    ],
    "T37": [
        0.2690496702918558,
        0.3436011142854745,
        0.41815255827909326
    ],
    "T38": [
        0.09008785342823752,
        0.15244148097731586,
        0.2147951085263942
    ],
    "T39": [
        0.04062606651958671,
        0.07028921046667298,
        0.09995235441375926
    ],
    "T40": [
        0.04528682736846662,
        0.13951442658987157,
        0.2337420258112765
    ],
    "T41": [
        0.22108540736577353,
        0.2987864128162299,
        0.3764874182666863
    ],
    "T42": [
        0.16700028748156054,
        0.24472274657901483,
        0.3224452056764691
    ],
    "T43": [
        0.0,
        0.09537843720489288,
        0.1958147362296029
    ],
    "T44": [
        0.14790289364716508,
        0.238500010146681,
        0.32909712664619695
    ],
    "T45": [
        0.08718076002792974,
        0.15457148720062866,
        0.22196221437332758
    ]
}