{
    "model_global_ndcg": {
        "mean": 0.20642721166490555,
        "margin": 0.04432409634642834,
        "interval": [
            0.1621031153184772,
            0.20642721166490555,
            0.2507513080113339
        ]
    }
}