{
    "T1": [
        0.20984735558110224,
        0.2879513964868143,
        0.36605543739252633
    ],
    "T2": [
        0.3021848215947595,
        0.3897957568264777,
        0.4774066920581959
    ],
    "T3": [
        0.03144413483375591,
        0.1086921347709642,
        0.1859401347081725
    ],
    "T4": [
        0.07820850180807959,
        0.13708155045283743,
        0.19595459909759527
    ],
    "T5": [
        0.20573802877133912,
        0.2673367047251454,
        0.3289353806789517
    ],
    "T6": [
        0.14967028830666385,
        0.22185779012489912,
        0.2940452919431344
    ],
    "T7": [
        0.01649629900495246,
        0.054008614049954155,
        0.09152092909495585
    ],
    "T8": [
        0.15693635907121323,
        0.23948530053709124,
        0.32203424200296926
    ],
    "T9": [
        0.004934778470979562,
        0.03737821907536457,
        0.06982165967974958
    ],
    "T10": [
        0.0,
        0.012362186513076438,
        0.0299293801754118
    ],
    "T11": [
        0.3272026179670464,
        0.38794538582691307,
        0.4486881536867797
    ],
    "T12": [
        0.0631473415493084,
        0.14885912271775503,
        0.23457090388620166
    ],
    "T13": [
        0.07523648895273954,
        0.13495631499825228,
        0.19467614104376502
    ],
    "T14": [
        0.0,
        0.027541155237618666,
        0.0838691423081747
    ],
    "T15": [
        0.11949046848173189,
        0.1936124769691297,
        0.2677344854565275
    ],
    "T16": [
        0.6827985428648748,
        0.8172594186935332,
        0.9517202945221916
    ],
    "T17": [
        0.022751140922575935,
        0.08678082416809843,
        0.15081050741362093
    ],
    "T18": [
        0.05392923132361088,
        0.123114900255399,
        0.19230056918718713
    ],
    "T19": [
        0.5434539143121377,
        0.5946992539100628,
        0.6459445935079879
    ],
    "T20": [
        0.08874528517803743,
        0.15479877808650513,
        0.22085227099497284
    ],
    "T21": [
        0.15018159431900718,
        0.27997047002919084,
        0.4097593457393745
    ],
    "T22": [
        0.2572389711690138,
        0.3176458813237745,
        0.37805279147853527
    ],
    "T23": [
        0.0346928464756209,
        0.10672467786315488,
        0.17875650925068887
    ],
    "T24": [
        0.029594783001840153,
        0.08587581190284271,
        0.14215684080384527
    ],
    "T25": [
        0.07771496296741287,
        0.20923463797720038,
        0.3407543129869879
    ],
    "T26": [
        0.05915032525256153,
        0.19304960584250275,
        0.32694888643244396
    ],
    "T27": [
        0.12290721025136592,
        0.16684540804464593,
        0.21078360583792594
    ],
    "T28": [
        0.025127435798330655,
        0.16666666666666666,
        0.30820589753500266
    ],
    "T29": [
        0.11544858230995014,
        0.1810644073935578,
        0.24668023247716547
    ],
    "T30": [
        0.05751505323707254,
        0.14089576689438138,
        0.22427648055169022
    ],
    "T31": [
        0.002712527433130961,
        0.023564244973682428,
        0.044415962514233895
    ],
    "T32": [
        0.0,
        0.014985971157320298,
        0.03634487847594599
    ],
    "T33": [
        0.08892331324970826,
        0.18230929086742526,
        0.27569526848514225
    ],
    "T34": [
        0.15848382663336547,
        0.24513735275556128,
        0.3317908788777571
    ],
    "T35": [
        0.2283064089021022,
        0.31839059891795046,
        0.40847478893379874
    ],
    "T36": [
        0.22813866551836387,
        0.29099299429839065,
        0.35384732307841743
    ],
    "T37": [
        0.26112678920532795,
        0.3397454253214177,
        0.4183640614375075
    ],
    "T38": [
        0.08126028495445389,
        0.14844962768849096,
        0.21563897042252803
    ],
    "T39": [
        0.10314040881487391,
        0.1739496660639573,
        0.24475892331304067
    ],
    "T40": [
        0.11289745941979651,
        0.21381515362915826,
        0.31473284783852
    ],
    "T41": [
        0.18285913873223014,
        0.266295639039781,
        0.3497321393473318
    ],
    "T42": [
        0.17981484982377915,
        0.281317332811339,
        0.3828198157988989
    ],
    "T43": [
        0.0,
        0.09391764551026448,
        0.19369278463462225
    ],
    "T44": [
        0.14376297371854124,
        0.2303979148115688,
        0.31703285590459634
    ],
    "T45": [
        0.10732686211840814,
        0.19246504871063216,
        0.2776032353028562
    ]
}