{
    "model_global_ndcg": {
        "mean": 0.15918644916508906,
        "margin": 0.03847093798620371,
        "interval": [
            0.12071551117888535,
            0.15918644916508906,
            0.19765738715129277
        ]
    }
}