{
    "T1": [
        0.0734189793126051,
        0.13418611421365426,
        0.1949532491147034
    ],
    "T2": [
        0.2995859619178216,
        0.39654688202971783,
        0.49350780214161405
    ],
    "T3": [
        0.038485557914801655,
        0.11564262420075856,
        0.19279969048671547
    ],
    "T4": [
        0.02908663947363528,
        0.0721630412728033,
        0.11523944307197133
    ],
    "T5": [
        0.15276312273512577,
        0.20825624016487898,
        0.2637493575946322
    ],
    "T6": [
        0.08284813222890072,
        0.16103556146879328,
        0.23922299070868583
    ],
    "T7": [
        0.013790225749123766,
        0.04710074187903087,
        0.08041125800893797
    ],
    "T8": [
        0.11166902851081623,
        0.20603742957005786,
        0.3004058306292995
    ],
    "T9": [
        0.0,
        0.01731684477977324,
        0.036554096259012334
    ],
    "T10": [
        0.0,
        0.0,
        0.0
    ],
    "T11": [
        0.06406300412130417,
        0.14248242193170474,
        0.2209018397421053
    ],
    "T12": [
        0.06208886355825449,
        0.14298894898005296,
        0.22388903440185143
    ],
    "T13": [
        0.00031115462717992703,
        0.03580909333435155,
        0.07130703204152317
    ],
    "T14": [
        0.0,
        0.027541155237618666,
        0.0838691423081747
    ],
    "T15": [
        0.06015755124811231,
        0.11727957332404912,
        0.17440159539998593
    ],
    "T16": [
        0.4503148433421147,
        0.6333333333333333,
        0.8163518233245519
    ],
    "T17": [
        0.01997749970725915,
        0.08853467798276474,
        0.15709185625827032
    ],
    "T18": [
        0.023100296923975805,
        0.078673280352171,
        0.1342462637803662
    ],
    "T19": [
        0.5124946593651938,
        0.5728541096557932,
        0.6332135599463926
    ],
    "T20": [
        0.07665060149898595,
        0.14021839044231962,
        0.2037861793856533
    ],
    "T21": [
        0.06670574514009592,
        0.17478356135989856,
        0.2828613775797012
    ],
    "T22": [
        0.17190385843407482,
        0.19666811319053767,
        0.22143236794700052
    ],
    "T23": [
        0.03724576367657509,
        0.10425970946765238,
        0.17127365525872967
    ],
    "T24": [
        0.015260312081016317,
        0.06284453694082397,
        0.11042876180063162
    ],
    "T25": [
        0.049248616618897345,
        0.17442731650491822,
        0.2996060163909391
    ],
    "T26": [
        0.004229691154525261,
        0.13333333333333333,
        0.2624369755121414
    ],
    "T27": [
        0.07206559099063986,
        0.11843439974143984,
        0.1648032084922398
    ],
    "T28": [
        0.025127435798330655,
        0.16666666666666666,
        0.30820589753500266
    ],
    "T29": [
        0.07067022362147629,
        0.13386923750008373,
        0.19706825137869116
    ],
    "T30": [
        0.06520918825954886,
        0.15427600215899867,
        0.24334281605844849
    ],
    "T31": [
        0.0002696543829084075,
        0.01477819593493801,
        0.029286737486967612
    ],
    "T32": [
        0.0,
        0.012203912828465108,
        0.029417914716466126
    ],
    "T33": [
        0.07468950235250787,
        0.1642475541079648,
        0.2538056058634217
    ],
    "T34": [
        0.13512924994923892,
        0.2243148663248254,
        0.31350048270041186
    ],
    "T35": [
        0.19342645180155676,
        0.28354291423933586,
        0.37365937667711496
    ],
    "T36": [
        0.26715125705708564,
        0.33224076473852715,
        0.39733027241996866
    ],
    "T37": [
        0.20600143365361862,
        0.27422787857546754,
        0.34245432349731647
    ],
    "T38": [
        0.03571889534821959,
        0.09896855751768974,
        0.16221821968715988
    ],
    "T39": [
        0.0582654199153316,
        0.10446484738296054,
        0.15066427485058947
    ],
    "T40": [
        0.04057348329027033,
        0.12777822588185003,
        0.21498296847342974
    ],
    "T41": [
        0.12902329951889724,
        0.2086921347709642,
        0.2883609700230312
    ],
    "T42": [
        0.13982718911894354,
        0.23107167052174107,
        0.3223161519245386
    ],
    "T43": [
        0.0,
        0.06666666666666667,
        0.16140283998979837
    ],
    "T44": [
        0.08913275048708136,
        0.1616905984174499,
        0.23424844634781844
    ],
    "T45": [
        0.04384214470790915,
        0.10093808350218005,
        0.15803402229645094
    ]
}