{
    "model_global_ndcg": {
        "mean": 0.1946093191829961,
        "margin": 0.0438034601290877,
        "interval": [
            0.1508058590539084,
            0.1946093191829961,
            0.2384127793120838
        ]
    }
}