{
    "T1": [
        0.11826034314960499,
        0.18254654986952873,
        0.24683275658945247
    ],
    "T2": [
        0.2687462327236817,
        0.36468695289787456,
        0.4606276730720674
    ],
    "T3": [
        0.03144413483375591,
        0.10869213477096422,
        0.18594013470817253
    ],
    "T4": [
        0.09465199969347166,
        0.15595957605915114,
        0.21726715242483063
    ],
    "T5": [
        0.1938534847897131,
        0.26374692723453746,
        0.33364036967936184
    ],
    "T6": [
        0.1473724943855796,
        0.22157298388706045,
        0.2957734733885413
    ],
    "T7": [
        0.014432062372531362,
        0.05316664623001365,
        0.09190123008749594
    ],
    "T8": [
        0.15274272881560508,
        0.24045036451938637,
        0.32815800022316766
    ],
    "T9": [
        0.02458437873061492,
        0.06632644263918454,
        0.10806850654775416
    ],
    "T10": [
        0.0,
        0.008572266534608523,
        0.021968803063952443
    ],
    "T11": [
        0.28579121902369886,
        0.3602241572885223,
        0.43465709555334575
    ],
    "T12": [
        0.04733582999612329,
        0.13099304176165152,
        0.21465025352717976
    ],
    "T13": [
        0.021332712291675993,
        0.05063321814084891,
        0.07993372399002183
    ],
    "T14": [
        0.0,
        0.027541155237618666,
        0.0838691423081747
    ],
    "T15": [
        0.09205931129516798,
        0.15816773268229042,
        0.22427615406941287
    ],
    "T16": [
        0.6659942425519246,
        0.7984798524119742,
        0.9309654622720237
    ],
    "T17": [
        0.01782684205376256,
        0.09135434592024759,
        0.16488184978673262
    ],
    "T18": [
        0.05261635902820189,
        0.12330676221159628,
        0.19399716539499068
    ],
    "T19": [
        0.5496405998019288,
        0.6037156606707481,
        0.6577907215395674
    ],
    "T20": [
        0.10182439655504771,
        0.16976090838593652,
        0.23769742021682533
    ],
    "T21": [
        0.14890344506288322,
        0.2828050835954535,
        0.41670672212802373
    ],
    "T22": [
        0.15433108921065075,
        0.1859373946758842,
        0.21754370014111762
    ],
    "T23": [
        0.03043902806234991,
        0.1028466176904223,
        0.1752542073184947
    ],
    "T24": [
        0.02776004219916893,
        0.07159550100996073,
        0.11543095982075254
    ],
    "T25": [
        0.08050402447313776,
        0.21175233208520333,
        0.3430006396972689
    ],
    "T26": [
        0.04635006198914682,
        0.18015451226801804,
        0.31395896254688926
    ],
    "T27": [
        0.12293395528677353,
        0.16473677038865805,
        0.20653958549054258
    ],
    "T28": [
        0.025127435798330655,
        0.16666666666666666,
        0.30820589753500266
    ],
    "T29": [
        0.11796609575483247,
        0.19690148525178203,
        0.2758368747487316
    ],
    "T30": [
        0.061935871252126795,
        0.14311812179755046,
        0.22430037234297412
    ],
    "T31": [
        0.0014734559702358901,
        0.023361647589240038,
        0.045249839208244186
    ],
    "T32": [
        0.0,
        0.00805111669963138,
        0.024517499225987095
    ],
    "T33": [
        0.09071227350582867,
        0.18435737579924147,
        0.27800247809265427
    ],
    "T34": [
        0.1537809272161194,
        0.24172492615260407,
        0.32966892508908874
    ],
    "T35": [
        0.24352932009442652,
        0.33577333526997666,
        0.4280173504455268
    ],
    "T36": [
        0.26989847497980246,
        0.3323409442659399,
        0.39478341355207736
    ],
    "T37": [
        0.2649574180671695,
        0.3447259259248018,
        0.42449443378243407
    ],
    "T38": [
        0.0843131099143048,
        0.1564129077628437,
        0.2285127056113826
    ],
    "T39": [
        0.09110771768228171,
        0.1584115332248271,
        0.22571534876737248
    ],
    "T40": [
        0.048929947288342435,
        0.14635819942403663,
        0.24378645155973083
    ],
    "T41": [
        0.16688034807021862,
        0.2553418414572245,
        0.34380333484423037
    ],
    "T42": [
        0.13108999130795018,
        0.21731968150568912,
        0.30354937170342805
    ],
    "T43": [
        0.0,
        0.08769765845238192,
        0.18977904819956176
    ],
    "T44": [
        0.14441010466922638,
        0.23415646160906525,
        0.3239028185489041
    ],
    "T45": [
        0.0763705229165223,
        0.14497364331397525,
        0.2135767637114282
    ]
}