{
    "model_global_ndcg": {
        "mean": 0.20190777847853836,
        "margin": 0.0446817343463658,
        "interval": [
            0.15722604413217256,
            0.20190777847853836,
            0.24658951282490416
        ]
    }
}