{
    "T1": [
        0.18279292183113072,
        0.2544150881816589,
        0.3260372545321871
    ],
    "T2": [
        0.28849549708047073,
        0.3787827805526679,
        0.46907006402486506
    ],
    "T3": [
        0.03144413483375591,
        0.1086921347709642,
        0.1859401347081725
    ],
    "T4": [
        0.0933465744477483,
        0.15195429691055695,
        0.2105620193733656
    ],
    "T5": [
        0.20573802877133912,
        0.2673367047251454,
        0.3289353806789517
    ],
    "T6": [
        0.14962673829004802,
        0.2238488096642163,
        0.2980708810383846
    ],
    "T7": [
        0.01649629900495246,
        0.054008614049954155,
        0.09152092909495585
    ],
    "T8": [
        0.15832876622910114,
        0.24116345645021642,
        0.3239981466713317
    ],
    "T9": [
        0.01098676043823378,
        0.0455883650181871,
        0.08018996959814043
    ],
    "T10": [
        0.0,
        0.012362186513076438,
        0.0299293801754118
    ],
    "T11": [
        0.33717127161251464,
        0.3969867955063063,
        0.4568023194000979
    ],
    "T12": [
        0.05163538858471084,
        0.1345120830493332,
        0.21738877751395558
    ],
    "T13": [
        0.06226465126709507,
        0.11858984391718017,
        0.17491503656726526
    ],
    "T14": [
        0.0,
        0.027541155237618666,
        0.0838691423081747
    ],
    "T15": [
        0.12097277855449068,
        0.1950142583643559,
        0.2690557381742211
    ],
    "T16": [
        0.6827985428648748,
        0.8172594186935332,
        0.9517202945221916
    ],
    "T17": [
        0.022751140922575935,
        0.08678082416809843,
        0.15081050741362093
    ],
    "T18": [
        0.05392923132361088,
        0.123114900255399,
        0.19230056918718713
    ],
    "T19": [
        0.5610896588426063,
        0.6129784413922209,
        0.6648672239418355
    ],
    "T20": [
        0.08874528517803743,
        0.15479877808650513,
        0.22085227099497284
    ],
    "T21": [
        0.15018159431900718,
        0.27997047002919084,
        0.4097593457393745
    ],
    "T22": [
        0.1728378706936518,
        0.20308484984988484,
        0.23333182900611787
    ],
    "T23": [
        0.02997916192291361,
        0.10235117527941015,
        0.1747231886359067
    ],
    "T24": [
        0.029594783001840153,
        0.08587581190284271,
        0.14215684080384527
    ],
    "T25": [
        0.07771496296741287,
        0.20923463797720038,
        0.3407543129869879
    ],
    "T26": [
        0.05915032525256153,
        0.19304960584250275,
        0.32694888643244396
    ],
    "T27": [
        0.11934654493383035,
        0.16122347015440436,
        0.20310039537497837
    ],
    "T28": [
        0.025127435798330655,
        0.16666666666666666,
        0.30820589753500266
    ],
    "T29": [
        0.12456560660481952,
        0.1990538601395489,
        0.2735421136742783
    ],
    "T30": [
        0.05751505323707254,
        0.14089576689438138,
        0.22427648055169022
    ],
    "T31": [
        0.0016927472668890609,
        0.02567314969214518,
        0.0496535521174013
    ],
    "T32": [
        0.0,
        0.00805111669963138,
        0.024517499225987095
    ],
    "T33": [
        0.08892331324970826,
        0.18230929086742526,
        0.27569526848514225
    ],
    "T34": [
        0.15848382663336547,
        0.24513735275556128,
        0.3317908788777571
    ],
    "T35": [
        0.24760278350747844,
        0.34106724908310243,
        0.4345317146587264
    ],
    "T36": [
        0.27562828283209906,
        0.329972775534238,
        0.3843172682363769
    ],
    "T37": [
        0.2653727656183621,
        0.3446143703161745,
        0.42385597501398686
    ],
    "T38": [
        0.08100910808570724,
        0.14696942228523366,
        0.21292973648476007
    ],
    "T39": [
        0.09169077679652504,
        0.15955901985198903,
        0.22742726290745302
    ],
    "T40": [
        0.060777438948139584,
        0.1601923545316207,
        0.2596072701151018
    ],
    "T41": [
        0.18285913873223014,
        0.266295639039781,
        0.3497321393473318
    ],
    "T42": [
        0.1561513784530783,
        0.24547244442502897,
        0.33479351039697963
    ],
    "T43": [
        0.0,
        0.09391764551026448,
        0.19369278463462225
    ],
    "T44": [
        0.14376297371854124,
        0.2303979148115688,
        0.31703285590459634
    ],
    "T45": [
        0.0881988804092759,
        0.15908503588723374,
        0.2299711913651916
    ]
}