{
    "model_global_ndcg": {
        "mean": 0.1508050790934462,
        "margin": 0.034831373204042504,
        "interval": [
            0.1159737058894037,
            0.1508050790934462,
            0.1856364522974887
        ]
    }
}