{
    "T16": [
        0.4408882639394177,
        0.6130929753571458,
        0.7852976867748739
    ],
    "T35": [
        0.1427963726492233,
        0.22938935315869652,
        0.31598233366816975
    ],
    "T45": [
        0.09892420279802822,
        0.16601483286934987,
        0.23310546294067153
    ],
    "T37": [
        0.17613897158089675,
        0.262956388218525,
        0.3497738048561533
    ],
    "T11": [
        0.04701326496277736,
        0.10116537438805653,
        0.1553174838133357
    ],
    "T43": [
        0.0,
        0.1,
        0.21393688301366892
    ],
    "T32": [
        0.0,
        0.01610223339926276,
        0.04903499845197419
    ],
    "T38": [
        0.05326261438986182,
        0.1114859515715986,
        0.16970928875333538
    ],
    "T34": [
        0.1412416682484774,
        0.2305259539844979,
        0.3198102397205184
    ],
    "T18": [
        0.061940725894209625,
        0.14342278348291979,
        0.22490484107162995
    ],
    "T2": [
        0.2805526893881424,
        0.35172750376445994,
        0.4229023181407775
    ],
    "T26": [
        0.0,
        0.06666666666666667,
        0.1614028399897984
    ],
    "T28": [
        0.004229691154525261,
        0.13333333333333333,
        0.2624369755121414
    ],
    "T13": [
        0.045166595329000414,
        0.10010961853591355,
        0.15505264174282668
    ],
    "T23": [
        0.034965115868390184,
        0.08775046212491865,
        0.1405358083814471
    ],
    "T19": [
        0.4153326077494074,
        0.4751794863861864,
        0.5350263650229654
    ],
    "T4": [
        0.08616248560441692,
        0.16538546618525649,
        0.24460844676609605
    ],
    "T24": [
        0.0,
        0.046074175713903355,
        0.0945916375735242
    ],
    "T39": [
        0.0,
        0.0,
        0.0
    ],
    "T44": [
        0.10981484256573604,
        0.19448297702730458,
        0.2791511114888731
    ],
    "T41": [
        0.11519044220081692,
        0.2141871960235119,
        0.3131839498462069
    ],
    "T20": [
        0.04407369014505619,
        0.10914908859837141,
        0.17422448705168664
    ],
    "T1": [
        0.05642975355455265,
        0.1173133081230632,
        0.17819686269157375
    ],
    "T40": [
        0.02658039217260516,
        0.11059699904006105,
        0.19461360590751695
    ],
    "T8": [
        0.03201646457179952,
        0.11013430493524495,
        0.1882521452986904
    ],
    "T30": [
        0.021329905053517118,
        0.09558675100383399,
        0.16984359695415086
    ],
    "T31": [
        0.006704088437184452,
        0.053468442882898856,
        0.10023279732861326
    ],
    "T10": [
        0.0,
        0.03480530192784095,
        0.07615321858489019
    ],
    "T33": [
        0.06572985958612426,
        0.14683501089140538,
        0.2279401621966865
    ],
    "T3": [
        0.1809962614421733,
        0.28085386269017854,
        0.3807114639381838
    ],
    "T29": [
        0.03354988445483556,
        0.06550596459856836,
        0.09746204474230116
    ],
    "T27": [
        0.0845688766485938,
        0.14234098679462068,
        0.20011309694064755
    ],
    "T15": [
        0.08764487823618955,
        0.1532703501213801,
        0.21889582200657065
    ],
    "T9": [
        0.009834584472734165,
        0.05392873073356311,
        0.09802287699439205
    ],
    "T14": [
        0.0,
        0.00918038507920622,
        0.027956380769391567
    ],
    "T12": [
        0.0581826169097831,
        0.14566999408115305,
        0.233157371252523
    ],
    "T21": [
        0.06303401652403207,
        0.16594920526796533,
        0.2688643940118986
    ],
    "T6": [
        0.09601646147168835,
        0.16998853156623075,
        0.24396060166077316
    ],
    "T5": [
        0.14069097140262277,
        0.2161972525677687,
        0.29170353373291463
    ],
    "T17": [
        0.024590825079994244,
        0.10548490131078352,
        0.1863789775415728
    ],
    "T22": [
        0.0978302617535825,
        0.13171719947634025,
        0.165604137199098
    ],
    "T42": [
        0.09653298094823459,
        0.18193826324053958,
        0.26734354553284456
    ],
    "T7": [
        0.004641134223474494,
        0.06238884525896833,
        0.12013655629446217
    ],
    "T25": [
        0.0,
        0.043003470680219966,
        0.08817984598053863
    ],
    "T36": [
        0.20471763326712256,
        0.27186867614336585,
        0.33901971901960914
    ]
}