{
    "model_global_ndcg": {
        "mean": 0.14283093764687202,
        "margin": 0.03636580982941681,
        "interval": [
            0.10646512781745521,
            0.14283093764687202,
            0.17919674747628883
        ]
    }
}