{
    "T1": [
        0.10479182886771315,
        0.17561267675600328,
        0.2464335246442934
    ],
    "T2": [
        0.2353824251115924,
        0.3136769521353811,
        0.3919714791591698
    ],
    "T3": [
        7.964590120035364e-05,
        0.07243989383522971,
        0.14480014176925907
    ],
    "T4": [
        0.037005983861046116,
        0.08895590406614672,
        0.14090582427124732
    ],
    "T5": [
        0.1317828889384582,
        0.19651984104530554,
        0.2612567931521529
    ],
    "T6": [
        0.09120280521406657,
        0.1343796140030464,
        0.17755642279202624
    ],
    "T7": [
        0.0,
        0.024993090690033703,
        0.05057226876302594
    ],
    "T8": [
        0.06316162909855438,
        0.15014567320019523,
        0.23712971730183607
    ],
    "T9": [
        0.0,
        0.04838579386646633,
        0.10593559884837556
    ],
    "T10": [
        0.0,
        0.0,
        0.0
    ],
    "T11": [
        0.07573270795878967,
        0.13902656871417796,
        0.20232042946956624
    ],
    "T12": [
        0.05243779663682674,
        0.12992404206129973,
        0.20741028748577273
    ],
    "T13": [
        0.010712768360115338,
        0.04214939428800701,
        0.07358602021589868
    ],
    "T14": [
        0.0,
        0.027541155237618666,
        0.0838691423081747
    ],
    "T15": [
        0.06595164743575496,
        0.11609586399270125,
        0.16624008054964753
    ],
    "T16": [
        0.4252251204443176,
        0.5928526173809582,
        0.7604801143175988
    ],
    "T17": [
        0.0,
        0.011933691853663869,
        0.026657113713975965
    ],
    "T18": [
        0.020876000352870905,
        0.07713398810938546,
        0.13339197586590001
    ],
    "T19": [
        0.46507987707150666,
        0.5217274897138585,
        0.5783751023562104
    ],
    "T20": [
        0.07114068295476833,
        0.12989791425176864,
        0.18865514554876894
    ],
    "T21": [
        0.1577767471723583,
        0.29486099381137565,
        0.431945240450393
    ],
    "T22": [
        0.14794601629993087,
        0.1702862881868409,
        0.19262656007375095
    ],
    "T23": [
        0.007992500386698353,
        0.06365957637008693,
        0.1193266523534755
    ],
    "T24": [
        0.00018523265376362008,
        0.05252322309961941,
        0.1048612135454752
    ],
    "T25": [
        0.04637609905457085,
        0.1657366836933924,
        0.28509726833221394
    ],
    "T26": [
        0.02128934786228226,
        0.1543643251190486,
        0.28743930237581494
    ],
    "T27": [
        0.04669616755871381,
        0.07494082274088662,
        0.10318547792305943
    ],
    "T28": [
        0.025127435798330655,
        0.16666666666666666,
        0.30820589753500266
    ],
    "T29": [
        0.10507832989072008,
        0.18763666900882636,
        0.27019500812693265
    ],
    "T30": [
        0.0,
        0.029965281528463433,
        0.05993210915955388
    ],
    "T31": [
        0.0,
        0.006614023745127473,
        0.01677894554919344
    ],
    "T32": [
        0.0,
        0.006070164950059441,
        0.014757843598247451
    ],
    "T33": [
        0.0171140320423791,
        0.0941339111205667,
        0.1711537901987543
    ],
    "T34": [
        0.0636081934881253,
        0.11315669483875626,
        0.16270519618938722
    ],
    "T35": [
        0.2037773206643293,
        0.29631088158306224,
        0.3888444425017952
    ],
    "T36": [
        0.1681250502830613,
        0.2264711962314317,
        0.2848173421798021
    ],
    "T37": [
        0.16537403092174996,
        0.24748519275077346,
        0.32959635457979697
    ],
    "T38": [
        0.021827157159181126,
        0.08505820284353968,
        0.14828924852789824
    ],
    "T39": [
        0.02875486808144602,
        0.06362627966254131,
        0.0984976912436366
    ],
    "T40": [
        0.05283428071627477,
        0.14948862122932177,
        0.24614296174236877
    ],
    "T41": [
        0.126936540360653,
        0.2189042857554144,
        0.3108720311501758
    ],
    "T42": [
        0.0645515775615052,
        0.1302008478511561,
        0.195850118140807
    ],
    "T43": [
        0.06703373738462243,
        0.22103099178571525,
        0.3750282461868081
    ],
    "T44": [
        0.07429294579584267,
        0.14744505735853305,
        0.22059716892122344
    ],
    "T45": [
        0.02762893511587808,
        0.06736314697678726,
        0.10709735883769644
    ]
}