{
    "T16": [
        0.0,
        0.0,
        0.0
    ],
    "T35": [
        0.0,
        0.0,
        0.0
    ],
    "T45": [
        0.016308232213187307,
        0.06783204105472322,
        0.11935584989625914
    ],
    "T37": [
        0.0,
        0.0,
        0.0
    ],
    "T11": [
        0.20597761138272075,
        0.25230143487445544,
        0.29862525836619014
    ],
    "T43": [
        0.0,
        0.025790187148969444,
        0.06243914174568105
    ],
    "T32": [
        0.0,
        0.0,
        0.0
    ],
    "T38": [
        0.04272012305489151,
        0.10174806158208484,
        0.16077600010927817
    ],
    "T34": [
        0.0,
        0.0035768443097495997,
        0.008659692446924036
    ],
    "T18": [
        0.0,
        0.0,
        0.0
    ],
    "T2": [
        0.0,
        0.0,
        0.0
    ],
    "T26": [
        0.01820365940069818,
        0.1420619835714305,
        0.2659203077421628
    ],
    "T28": [
        0.0,
        0.0,
        0.0
    ],
    "T13": [
        0.0,
        0.0,
        0.0
    ],
    "T23": [
        0.00015756100237522552,
        0.032703966649239954,
        0.06525037229610468
    ],
    "T19": [
        0.3450338136798161,
        0.3925992835953516,
        0.44016475351088713
    ],
    "T4": [
        0.03348100750717403,
        0.09044272140629762,
        0.14740443530542122
    ],
    "T24": [
        0.0,
        0.0,
        0.0
    ],
    "T39": [
        0.2091795219855372,
        0.29017678167176597,
        0.37117404135799476
    ],
    "T44": [
        0.03776828103073007,
        0.05563289029186124,
        0.07349749955299241
    ],
    "T41": [
        0.0,
        0.0,
        0.0
    ],
    "T20": [
        0.07619852775508473,
        0.15437044930152022,
        0.2325423708479557
    ],
    "T1": [
        0.2999195903652795,
        0.3681386264467792,
        0.4363576625282789
    ],
    "T40": [
        0.0,
        0.0,
        0.0
    ],
    "T8": [
        0.0,
        0.0,
        0.0
    ],
    "T30": [
        0.0,
        0.0,
        0.0
    ],
    "T31": [
        0.0,
        0.0,
        0.0
    ],
    "T10": [
        0.0,
        0.0,
        0.0
    ],
    "T33": [
        0.10359853694302429,
        0.19758088744129812,
        0.29156323793957195
    ],
    "T3": [
        0.0,
        0.0,
        0.0
    ],
    "T29": [
        0.10071040874400178,
        0.15403547186400038,
        0.20736053498399898
    ],
    "T27": [
        0.06485210783923515,
        0.08800034745544193,
        0.11114858707164871
    ],
    "T15": [
        0.0,
        0.0,
        0.0
    ],
    "T9": [
        0.0,
        0.0,
        0.0
    ],
    "T14": [
        0.0,
        0.010654373218155079,
        0.03244501314227065
    ],
    "T12": [
        0.0143335183251845,
        0.03428923178946797,
        0.05424494525375143
    ],
    "T21": [
        0.0,
        0.0,
        0.0
    ],
    "T6": [
        0.0,
        0.0,
        0.0
    ],
    "T5": [
        0.0021709698270580904,
        0.00907730010816422,
        0.01598363038927035
    ],
    "T17": [
        0.07007053138443564,
        0.1668895179265319,
        0.26370850446862815
    ],
    "T22": [
        0.018423130715742878,
        0.043182275987439664,
        0.06794142125913645
    ],
    "T42": [
        0.0,
        0.0,
        0.0
    ],
    "T7": [
        0.0,
        0.0,
        0.0
    ],
    "T25": [
        0.0,
        0.0,
        0.0
    ],
    "T36": [
        0.15983796994291632,
        0.20290139264469217,
        0.24596481534646802
    ]
}