{
    "T16": [
        0.41632363432646535,
        0.5841239671428611,
        0.7519242999592568
    ],
    "T35": [
        0.1398864972886863,
        0.22667515963880722,
        0.31346382198892814
    ],
    "T45": [
        0.10530275500020839,
        0.15937341701812768,
        0.21344407903604698
    ],
    "T37": [
        0.16198182908046477,
        0.24991641232042233,
        0.3378509955603799
    ],
    "T11": [
        0.032486876701223466,
        0.08647129462076977,
        0.14045571254031608
    ],
    "T43": [
        0.0,
        0.1,
        0.21393688301366892
    ],
    "T32": [
        0.0,
        0.01610223339926276,
        0.04903499845197419
    ],
    "T38": [
        0.04763223356912599,
        0.10215013738030171,
        0.15666804119147743
    ],
    "T34": [
        0.14791966929851252,
        0.23635953579316127,
        0.32479940228781
    ],
    "T18": [
        0.06441836617915764,
        0.1457342855858249,
        0.22705020499249218
    ],
    "T2": [
        0.19866596639155137,
        0.2685000385032757,
        0.338334110615
    ],
    "T26": [
        0.0,
        0.06666666666666667,
        0.1614028399897984
    ],
    "T28": [
        0.004229691154525261,
        0.13333333333333333,
        0.2624369755121414
    ],
    "T13": [
        0.04504689331722375,
        0.09416468553903369,
        0.14328247776084363
    ],
    "T23": [
        0.034965115868390184,
        0.08775046212491865,
        0.1405358083814471
    ],
    "T19": [
        0.3279808680895292,
        0.3943412208034357,
        0.4607015735173422
    ],
    "T4": [
        0.08776757119710332,
        0.16939278339955538,
        0.25101799560200744
    ],
    "T24": [
        0.0,
        0.006934854457688918,
        0.02111822435843041
    ],
    "T39": [
        0.0,
        0.0,
        0.0
    ],
    "T44": [
        0.10159418173739759,
        0.18127474113881661,
        0.26095530054023564
    ],
    "T41": [
        0.10738189801147285,
        0.20745028447349365,
        0.30751867093551444
    ],
    "T20": [
        0.060101764163711435,
        0.12375592358264204,
        0.18741008300157264
    ],
    "T1": [
        0.06326568739917013,
        0.1225619602515829,
        0.18185823310399568
    ],
    "T40": [
        0.02658039217260516,
        0.11059699904006105,
        0.19461360590751695
    ],
    "T8": [
        0.031761245889821516,
        0.099871088266148,
        0.1679809306424745
    ],
    "T30": [
        0.03378566971384597,
        0.11202766594636183,
        0.1902696621788777
    ],
    "T31": [
        0.0,
        0.011201351625188408,
        0.025209225747445385
    ],
    "T10": [
        0.0,
        0.03708655953922932,
        0.07934182949523569
    ],
    "T33": [
        0.06636096519191231,
        0.1475205293568452,
        0.2286800935217781
    ],
    "T3": [
        0.14677367704001,
        0.23153514064290148,
        0.316296604245793
    ],
    "T29": [
        0.028280642489732888,
        0.07258534922100017,
        0.11689005595226745
    ],
    "T27": [
        0.09132319871649922,
        0.14799479387928388,
        0.20466638904206855
    ],
    "T15": [
        0.09399152572710412,
        0.16172249192837987,
        0.22945345812965562
    ],
    "T9": [
        0.0,
        0.005367411133087586,
        0.016344999483991395
    ],
    "T14": [
        0.0,
        0.00918038507920622,
        0.027956380769391567
    ],
    "T12": [
        0.05895306502708264,
        0.1483575718152663,
        0.23776207860344994
    ],
    "T21": [
        0.03456958376803798,
        0.13717654389468772,
        0.23978350402133747
    ],
    "T6": [
        0.1015206809848066,
        0.17504990351477456,
        0.24857912604474253
    ],
    "T5": [
        0.15457371554205307,
        0.23658670423037415,
        0.3185996929186952
    ],
    "T17": [
        0.01586037941627297,
        0.08587262601390819,
        0.1558848726115434
    ],
    "T22": [
        0.1126042809062879,
        0.1578994427016802,
        0.20319460449707247
    ],
    "T42": [
        0.09883332082247248,
        0.18798965632511797,
        0.27714599182776345
    ],
    "T7": [
        0.006239830343465286,
        0.06528992717643682,
        0.12434002400940836
    ],
    "T25": [
        0.0,
        0.043003470680219966,
        0.08817984598053863
    ],
    "T36": [
        0.21160771122534727,
        0.27985590437036656,
        0.34810409751538585
    ]
}