{
    "model_global_ndcg": {
        "mean": 0.6612164852928952,
        "margin": 0.08739505017630156,
        "interval": [
            0.5738214351165937,
            0.6612164852928952,
            0.7486115354691968
        ]
    }
}