{
    "model_global_ndcg": {
        "mean": 0.14281788696787795,
        "margin": 0.032465319211095356,
        "interval": [
            0.1103525677567826,
            0.14281788696787795,
            0.1752832061789733
        ]
    }
}