{
    "T22": [
        0.1126042809062879,
        0.1578994427016802,
        0.20319460449707247
    ],
    "T3": [
        0.14677367704001004,
        0.23153514064290148,
        0.3162966042457929
    ],
    "T37": [
        0.16198182908046477,
        0.24991641232042233,
        0.3378509955603799
    ],
    "T17": [
        0.015860379416272996,
        0.08587262601390819,
        0.15588487261154338
    ],
    "T32": [
        0.0,
        0.01610223339926276,
        0.04903499845197419
    ],
    "T28": [
        0.004229691154525261,
        0.13333333333333333,
        0.2624369755121414
    ],
    "T29": [
        0.0282806424897329,
        0.07258534922100017,
        0.11689005595226744
    ],
    "T4": [
        0.08776757119710327,
        0.16939278339955535,
        0.25101799560200744
    ],
    "T35": [
        0.13988649728868635,
        0.22667515963880724,
        0.31346382198892814
    ],
    "T27": [
        0.09132319871649924,
        0.14799479387928388,
        0.20466638904206852
    ],
    "T1": [
        0.06326568739917013,
        0.1225619602515829,
        0.18185823310399568
    ],
    "T16": [
        0.41632363432646535,
        0.5841239671428611,
        0.7519242999592568
    ],
    "T18": [
        0.0644183661791577,
        0.14573428558582494,
        0.22705020499249218
    ],
    "T45": [
        0.10530275500020844,
        0.1593734170181277,
        0.21344407903604698
    ],
    "T30": [
        0.033785669713846,
        0.11202766594636185,
        0.1902696621788777
    ],
    "T33": [
        0.06636096519191237,
        0.1475205293568452,
        0.22868009352177804
    ],
    "T5": [
        0.15457371554205313,
        0.23658670423037415,
        0.31859969291869517
    ],
    "T12": [
        0.05895306502708264,
        0.1483575718152663,
        0.23776207860344994
    ],
    "T21": [
        0.03456958376803798,
        0.13717654389468772,
        0.23978350402133747
    ],
    "T26": [
        0.0,
        0.06666666666666667,
        0.16140283998979837
    ],
    "T20": [
        0.06010176416371146,
        0.12375592358264205,
        0.18741008300157264
    ],
    "T9": [
        0.0,
        0.005367411133087586,
        0.016344999483991395
    ],
    "T39": [
        0.0,
        0.0,
        0.0
    ],
    "T25": [
        0.0,
        0.043003470680219966,
        0.08817984598053862
    ],
    "T42": [
        0.09883332082247248,
        0.18798965632511797,
        0.27714599182776345
    ],
    "T36": [
        0.21160771122534716,
        0.2798559043703665,
        0.34810409751538585
    ],
    "T10": [
        0.0,
        0.03708655953922931,
        0.07934182949523566
    ],
    "T7": [
        0.0062398303434653,
        0.06528992717643683,
        0.12434002400940837
    ],
    "T40": [
        0.02658039217260519,
        0.11059699904006105,
        0.19461360590751692
    ],
    "T43": [
        0.0,
        0.1,
        0.21393688301366892
    ],
    "T19": [
        0.32798086808952925,
        0.3943412208034357,
        0.46070157351734214
    ],
    "T31": [
        0.0,
        0.011201351625188408,
        0.02520922574744538
    ],
    "T14": [
        0.0,
        0.00918038507920622,
        0.02795638076939156
    ],
    "T24": [
        0.0,
        0.006934854457688918,
        0.0211182243584304
    ],
    "T34": [
        0.14791966929851252,
        0.2363595357931613,
        0.32479940228781007
    ],
    "T38": [
        0.04763223356912599,
        0.10215013738030171,
        0.15666804119147743
    ],
    "T44": [
        0.10159418173739759,
        0.18127474113881661,
        0.26095530054023564
    ],
    "T8": [
        0.031761245889821516,
        0.099871088266148,
        0.1679809306424745
    ],
    "T2": [
        0.19866596639155137,
        0.2685000385032757,
        0.338334110615
    ],
    "T23": [
        0.034965115868390184,
        0.08775046212491865,
        0.1405358083814471
    ],
    "T41": [
        0.10738189801147285,
        0.20745028447349365,
        0.30751867093551444
    ],
    "T15": [
        0.09399152572710412,
        0.16172249192837984,
        0.22945345812965556
    ],
    "T11": [
        0.032486876701223466,
        0.08647129462076977,
        0.14045571254031608
    ],
    "T13": [
        0.04504689331722375,
        0.09416468553903369,
        0.14328247776084363
    ],
    "T6": [
        0.1015206809848066,
        0.17504990351477456,
        0.24857912604474253
    ]
}