{
    "model_global_ndcg": {
        "mean": 0.09550831258028843,
        "margin": 0.05745024820105436,
        "interval": [
            0.03805806437923406,
            0.09550831258028843,
            0.1529585607813428
        ]
    }
}