{
    "model_global_ndcg": {
        "mean": 0.08798086149746749,
        "margin": 0.05668346993014227,
        "interval": [
            0.03129739156732522,
            0.08798086149746749,
            0.14466433142760976
        ]
    }
}