{
    "model_global_ndcg": {
        "mean": 0.14850138167874652,
        "margin": 0.06446005052514178,
        "interval": [
            0.08404133115360474,
            0.14850138167874652,
            0.2129614322038883
        ]
    }
}