{
    "model_global_ndcg": {
        "mean": 0.1683969907940263,
        "margin": 0.03815848713292738,
        "interval": [
            0.13023850366109893,
            0.1683969907940263,
            0.2065554779269537
        ]
    }
}