{
    "T16": [
        0.4484092982332153,
        0.6164094289906081,
        0.784409559748001
    ],
    "T35": [
        0.20985264929390463,
        0.2970913235195262,
        0.3843299977451478
    ],
    "T45": [
        0.11120030973522732,
        0.17458327233939772,
        0.2379662349435681
    ],
    "T37": [
        0.19624299386775168,
        0.2854668956670936,
        0.3746907974664355
    ],
    "T11": [
        0.07343994063338313,
        0.13465306613043324,
        0.19586619162748334
    ],
    "T43": [
        0.057287999723949545,
        0.20205354372149503,
        0.3468190877190405
    ],
    "T32": [
        0.0,
        0.021469644532350344,
        0.055822837760696895
    ],
    "T38": [
        0.07810544953369947,
        0.14638673509120537,
        0.21466802064871127
    ],
    "T34": [
        0.14193710943458632,
        0.22484032572993798,
        0.30774354202528964
    ],
    "T18": [
        0.053414904253060586,
        0.14136041129210392,
        0.22930591833114725
    ],
    "T2": [
        0.2206911421855734,
        0.2972859707869375,
        0.37388079938830165
    ],
    "T26": [
        0.0,
        0.0672594186935333,
        0.14965458469256165
    ],
    "T28": [
        0.004229691154525261,
        0.13333333333333333,
        0.2624369755121414
    ],
    "T13": [
        0.016898888493705924,
        0.05435021206309686,
        0.0918015356324878
    ],
    "T23": [
        0.0370966268088147,
        0.08734644416554475,
        0.1375962615222748
    ],
    "T19": [
        0.46457014254059337,
        0.5271216431743978,
        0.5896731438082022
    ],
    "T4": [
        0.1256226511131281,
        0.22676565067769705,
        0.327908650242266
    ],
    "T24": [
        0.0,
        0.01610223339926276,
        0.04903499845197419
    ],
    "T39": [
        0.0,
        0.0,
        0.0
    ],
    "T44": [
        0.11776922527871247,
        0.20583480464100556,
        0.29390038400329865
    ],
    "T41": [
        0.12258877574374477,
        0.22309290867425216,
        0.32359704160475955
    ],
    "T20": [
        0.13149599619277125,
        0.21388868064701427,
        0.2962813651012573
    ],
    "T1": [
        0.13381646565342492,
        0.21193540404142056,
        0.2900543424294162
    ],
    "T40": [
        0.05466206565271475,
        0.14768355857929036,
        0.24070505150586596
    ],
    "T8": [
        0.061871084500609075,
        0.1600408982357594,
        0.2582107119709097
    ],
    "T30": [
        0.0,
        0.01944613961560009,
        0.04420433712967563
    ],
    "T31": [
        0.0,
        0.010072982875731518,
        0.023366176784017464
    ],
    "T10": [
        0.0,
        0.0,
        0.0
    ],
    "T33": [
        0.0745390285191157,
        0.1536647841522939,
        0.2327905397854721
    ],
    "T3": [
        0.14146032236026845,
        0.2363531538945126,
        0.3312459854287568
    ],
    "T29": [
        0.10231971980551902,
        0.17917337265227254,
        0.25602702549902606
    ],
    "T27": [
        0.11476114432766615,
        0.15533965151527568,
        0.1959181587028852
    ],
    "T15": [
        0.16192934487917932,
        0.23317975809159436,
        0.3044301713040094
    ],
    "T9": [
        0.0,
        0.020894200416722117,
        0.04605326977731007
    ],
    "T14": [
        0.0,
        0.00918038507920622,
        0.027956380769391567
    ],
    "T12": [
        0.07489770998349887,
        0.17386888949748733,
        0.2728400690114758
    ],
    "T21": [
        0.1693505799897453,
        0.29173939786476427,
        0.41412821573978326
    ],
    "T6": [
        0.12556377664614665,
        0.19900848705544424,
        0.27245319746474184
    ],
    "T5": [
        0.10693057202562156,
        0.17544276106115989,
        0.2439549500966982
    ],
    "T17": [
        0.03046319342474968,
        0.06821520003767113,
        0.10596720665059259
    ],
    "T22": [
        0.13960553914914736,
        0.18027083440672312,
        0.22093612966429887
    ],
    "T42": [
        0.07465783276126042,
        0.15534184145722446,
        0.2360258501531885
    ],
    "T7": [
        0.026151700114758453,
        0.09943741511253727,
        0.1727231301103161
    ],
    "T25": [
        0.0006126721148923125,
        0.05051367623614184,
        0.10041468035739137
    ],
    "T36": [
        0.2864243900017211,
        0.35036584658212205,
        0.414307303162523
    ]
}