{
    "model_global_ndcg": {
        "mean": 0.7166960339593086,
        "margin": 0.07620854621310658,
        "interval": [
            0.640487487746202,
            0.7166960339593086,
            0.7929045801724152
        ]
    }
}