{
    "T1": [
        0.7698724385020871,
        0.7698724385020871,
        0.7698724385020871
    ],
    "T2": [
        0.5453092190767764,
        0.5453092190767764,
        0.5453092190767764
    ],
    "T3": [
        0.7653606369886218,
        0.7653606369886218,
        0.7653606369886218
    ],
    "T4": [
        0.8687949224876581,
        0.8687949224876581,
        0.8687949224876581
    ],
    "T5": [
        0.6608397947263838,
        0.6608397947263838,
        0.6608397947263838
    ],
    "T6": [
        0.45485397221040474,
        0.45485397221040474,
        0.45485397221040474
    ],
    "T7": [
        0.49479222926951455,
        0.49479222926951455,
        0.49479222926951455
    ],
    "T8": [
        0.9832184408687481,
        0.9832184408687481,
        0.9832184408687481
    ],
    "T9": [
        0.4658036785090359,
        0.4658036785090359,
        0.4658036785090359
    ],
    "T10": [
        0.4635819942403664,
        0.4635819942403664,
        0.4635819942403664
    ],
    "T11": [
        0.7227265726449517,
        0.7227265726449517,
        0.7227265726449517
    ],
    "T12": [
        1.0,
        1.0,
        1.0
    ],
    "T13": [
        0.47036528278595785,
        0.47036528278595785,
        0.47036528278595785
    ],
    "T14": [
        0.9639404333166532,
        0.9639404333166532,
        0.9639404333166532
    ],
    "T15": [
        0.6356712608573731,
        0.6356712608573731,
        0.6356712608573731
    ],
    "T16": [
        1.0,
        1.0,
        1.0
    ],
    "T17": [
        0.6732934624429354,
        0.6732934624429354,
        0.6732934624429354
    ],
    "T18": [
        0.7562201310002047,
        0.7562201310002047,
        0.7562201310002047
    ],
    "T19": [
        0.9026211001048622,
        0.9026211001048622,
        0.9026211001048622
    ],
    "T20": [
        0.8687949224876581,
        0.8687949224876581,
        0.8687949224876581
    ],
    "T21": [
        0.878961873034099,
        0.878961873034099,
        0.878961873034099
    ],
    "T22": [
        0.7854672967601968,
        0.7854672967601968,
        0.7854672967601968
    ],
    "T23": [
        0.8687949224876581,
        0.8687949224876581,
        0.8687949224876581
    ],
    "T24": [
        0.18687582579751782,
        0.18687582579751782,
        0.18687582579751782
    ],
    "T25": [
        1.0,
        1.0,
        1.0
    ],
    "T26": [
        1.0,
        1.0,
        1.0
    ],
    "T27": [
        0.3173575925123625,
        0.3173575925123625,
        0.3173575925123625
    ],
    "T28": [
        1.0,
        1.0,
        1.0
    ],
    "T29": [
        0.6992148198508501,
        0.6992148198508501,
        0.6992148198508501
    ],
    "T30": [
        0.43661236150474575,
        0.43661236150474575,
        0.43661236150474575
    ],
    "T31": [
        0.20803518926146267,
        0.20803518926146267,
        0.20803518926146267
    ],
    "T32": [
        0.6911126357085503,
        0.6911126357085503,
        0.6911126357085503
    ],
    "T33": [
        1.0,
        1.0,
        1.0
    ],
    "T34": [
        0.7936077488582781,
        0.7936077488582781,
        0.7936077488582781
    ],
    "T35": [
        1.0,
        1.0,
        1.0
    ],
    "T36": [
        0.3977266083865299,
        0.3977266083865299,
        0.3977266083865299
    ],
    "T37": [
        0.8687949224876581,
        0.8687949224876581,
        0.8687949224876581
    ],
    "T38": [
        0.5087403079104241,
        0.5087403079104241,
        0.5087403079104241
    ],
    "T39": [
        0.17376534287144002,
        0.17376534287144002,
        0.17376534287144002
    ],
    "T40": [
        1.0,
        1.0,
        1.0
    ],
    "T41": [
        1.0,
        1.0,
        1.0
    ],
    "T42": [
        0.9674679834891694,
        0.9674679834891694,
        0.9674679834891694
    ],
    "T43": [
        1.0,
        1.0,
        1.0
    ],
    "T44": [
        0.449579134719609,
        0.449579134719609,
        0.449579134719609
    ],
    "T45": [
        0.5531464700081437,
        0.5531464700081437,
        0.5531464700081437
    ]
}