{
    "model_global_ndcg": {
        "mean": 0.046745232404742154,
        "margin": 0.02331440296567422,
        "interval": [
            0.023430829439067935,
            0.046745232404742154,
            0.07005963537041637
        ]
    }
}