{
    "T1": [
        0.04621191905071742,
        0.11601381256438664,
        0.18581570607805586
    ],
    "T2": [
        0.001137811741215843,
        0.007619465913582646,
        0.014101120085949449
    ],
    "T3": [
        0.0,
        0.007821312100379275,
        0.02381769144844616
    ],
    "T4": [
        0.014862463976806448,
        0.05962103595853186,
        0.10437960794025727
    ],
    "T5": [
        0.08253404216137478,
        0.13030611187976468,
        0.17807818159815458
    ],
    "T6": [
        0.0,
        0.0,
        0.0
    ],
    "T7": [
        0.0,
        0.020822879105829927,
        0.046901957224188585
    ],
    "T8": [
        0.0,
        0.0,
        0.0
    ],
    "T9": [
        0.0,
        0.0033864593835156486,
        0.010312546496560295
    ],
    "T10": [
        0.0,
        0.0,
        0.0
    ],
    "T11": [
        0.22088460264027943,
        0.2756736252502229,
        0.3304626478601663
    ],
    "T12": [
        0.0764411794123,
        0.16902432757660915,
        0.2616074757409183
    ],
    "T13": [
        0.0158371031628929,
        0.03515939350728711,
        0.054481683851681326
    ],
    "T14": [
        0.0,
        0.0,
        0.0
    ],
    "T15": [
        0.0,
        0.002064834547172485,
        0.006287895369149309
    ],
    "T16": [
        0.0,
        0.0,
        0.0
    ],
    "T17": [
        0.0,
        0.0,
        0.0
    ],
    "T18": [
        0.0,
        0.0,
        0.0
    ],
    "T19": [
        0.20394075124709315,
        0.2854398521384595,
        0.3669389530298259
    ],
    "T20": [
        0.04490667547978955,
        0.09685888443734797,
        0.1488110933949064
    ],
    "T21": [
        0.0,
        0.0,
        0.0
    ],
    "T22": [
        0.0,
        0.0,
        0.0
    ],
    "T23": [
        0.0,
        0.0,
        0.0
    ],
    "T24": [
        0.0,
        0.0,
        0.0
    ],
    "T25": [
        0.0,
        0.0,
        0.0
    ],
    "T26": [
        0.0,
        0.012895093574484722,
        0.039268521191095834
    ],
    "T27": [
        0.05818316647769527,
        0.08278928524738845,
        0.10739540401708163
    ],
    "T28": [
        0.0,
        0.04768921860244644,
        0.12098154361836361
    ],
    "T29": [
        0.0,
        0.0,
        0.0
    ],
    "T30": [
        0.00891385927920256,
        0.034095504546952655,
        0.05927714981470275
    ],
    "T31": [
        0.0,
        0.0,
        0.0
    ],
    "T32": [
        0.0,
        0.0,
        0.0
    ],
    "T33": [
        0.06113573203257944,
        0.15065301483902246,
        0.2401702976454655
    ],
    "T34": [
        0.03060323888574916,
        0.06356887000803522,
        0.09653450113032129
    ],
    "T35": [
        0.0,
        0.0,
        0.0
    ],
    "T36": [
        0.19095881245886287,
        0.22882154685665596,
        0.26668428125444904
    ],
    "T37": [
        0.0,
        0.0,
        0.0
    ],
    "T38": [
        0.0,
        0.0,
        0.0
    ],
    "T39": [
        0.0,
        0.0,
        0.0
    ],
    "T40": [
        0.11095474114135678,
        0.18763781348692357,
        0.26432088583249036
    ],
    "T41": [
        0.0,
        0.0,
        0.0
    ],
    "T42": [
        0.0,
        0.0,
        0.0
    ],
    "T43": [
        0.0,
        0.0,
        0.0
    ],
    "T44": [
        0.05501041919700278,
        0.08557311668839768,
        0.11613581417979257
    ],
    "T45": [
        0.0,
        0.0,
        0.0
    ]
}