{
    "model_global_ndcg": {
        "mean": 0.19605443599754047,
        "margin": 0.04385617310677453,
        "interval": [
            0.15219826289076593,
            0.19605443599754047,
            0.239910609104315
        ]
    }
}