{
    "T1": [
        0.25929374846177655,
        0.3325723761956608,
        0.4058510039295451
    ],
    "T2": [
        0.34364411570450587,
        0.4218072233924589,
        0.49997033108041194
    ],
    "T3": [
        0.04612543330442004,
        0.12718907853788464,
        0.20825272377134924
    ],
    "T4": [
        0.06255897241035399,
        0.11700275522525398,
        0.17144653804015397
    ],
    "T5": [
        0.19217643416351604,
        0.2512293311946465,
        0.310282228225777
    ],
    "T6": [
        0.1422483493024635,
        0.21875761400918534,
        0.2952668787159072
    ],
    "T7": [
        0.010862347281245396,
        0.04419965996156237,
        0.07753697264187934
    ],
    "T8": [
        0.11820190942279535,
        0.20374761640401845,
        0.28929332338524155
    ],
    "T9": [
        0.0016940168433234454,
        0.03332086926137578,
        0.06494772167942811
    ],
    "T10": [
        0.0,
        0.012362186513076438,
        0.0299293801754118
    ],
    "T11": [
        0.28084206823645574,
        0.3624209741588891,
        0.4439998800813224
    ],
    "T12": [
        0.04956023509394167,
        0.13257492602284107,
        0.21558961695174048
    ],
    "T13": [
        0.0201638664928728,
        0.06973863308180846,
        0.11931339967074411
    ],
    "T14": [
        0.0,
        0.027541155237618666,
        0.0838691423081747
    ],
    "T15": [
        0.11114707389461392,
        0.17824340172912126,
        0.2453397295636286
    ],
    "T16": [
        0.6347987264171108,
        0.7680500525030609,
        0.901301378589011
    ],
    "T17": [
        0.031064101137339456,
        0.09274974139207613,
        0.1544353816468128
    ],
    "T18": [
        0.03198461224784929,
        0.09530552236903865,
        0.158626432490228
    ],
    "T19": [
        0.5433810301575321,
        0.592303439750514,
        0.6412258493434959
    ],
    "T20": [
        0.09234240324722809,
        0.16117914913755385,
        0.2300158950278796
    ],
    "T21": [
        0.15453603285687556,
        0.2947175026212013,
        0.434898972385527
    ],
    "T22": [
        0.17306451581789184,
        0.19457283864540179,
        0.21608116147291173
    ],
    "T23": [
        0.03361463056789976,
        0.10603431938281344,
        0.1784540081977271
    ],
    "T24": [
        0.07540111008353295,
        0.14645596459702645,
        0.21751081911051995
    ],
    "T25": [
        0.061143272807118454,
        0.18628864644802082,
        0.3114340200889232
    ],
    "T26": [
        0.06854888877301912,
        0.20641786884054358,
        0.34428684890806804
    ],
    "T27": [
        0.10445136573471347,
        0.1441543995172346,
        0.18385743329975573
    ],
    "T28": [
        0.025127435798330655,
        0.16666666666666666,
        0.30820589753500266
    ],
    "T29": [
        0.10675452398965857,
        0.1830886768590494,
        0.2594228297284402
    ],
    "T30": [
        0.058128649885355876,
        0.14622731324891822,
        0.23432597661248056
    ],
    "T31": [
        0.0,
        0.025106040568368595,
        0.05506093186816052
    ],
    "T32": [
        0.0,
        0.0,
        0.0
    ],
    "T33": [
        0.10738189801147285,
        0.20745028447349365,
        0.30751867093551444
    ],
    "T34": [
        0.1536415052404217,
        0.233706080270178,
        0.3137706552999343
    ],
    "T35": [
        0.22715396337975557,
        0.3184644549213498,
        0.409774946462944
    ],
    "T36": [
        0.27734307539620623,
        0.34092290694760585,
        0.4045027384990055
    ],
    "T37": [
        0.26116616121726877,
        0.34438484192283286,
        0.42760352262839696
    ],
    "T38": [
        0.04900276585973001,
        0.11325443965698048,
        0.17750611345423095
    ],
    "T39": [
        0.06447713144766329,
        0.10918038507920622,
        0.15388363871074914
    ],
    "T40": [
        0.06933428765999433,
        0.15924762408280127,
        0.2491609605056082
    ],
    "T41": [
        0.1709543517374058,
        0.2450650918756045,
        0.3191758320138032
    ],
    "T42": [
        0.1905210456213502,
        0.27772137720800133,
        0.36492170879465247
    ],
    "T43": [
        0.011560458076666336,
        0.12956176024115137,
        0.2475630624056364
    ],
    "T44": [
        0.10123496602883514,
        0.1618084943389536,
        0.2223820226490721
    ],
    "T45": [
        0.07749394003729604,
        0.1396559353982713,
        0.2018179307592466
    ]
}