{
    "model_global_ndcg": {
        "mean": 0.06046875565413874,
        "margin": 0.031145791205760318,
        "interval": [
            0.029322964448378425,
            0.06046875565413874,
            0.09161454685989906
        ]
    }
}