{
    "T1": [
        0.31632381219149164,
        0.38518602055217194,
        0.45404822891285224
    ],
    "T2": [
        0.0033718613399268023,
        0.010865429243420568,
        0.018358997146914333
    ],
    "T3": [
        0.012964015026830852,
        0.055120212329540584,
        0.09727640963225032
    ],
    "T4": [
        0.03179793338456008,
        0.08710066130486314,
        0.1424033892251662
    ],
    "T5": [
        0.06867153044180391,
        0.10882024062329582,
        0.14896895080478773
    ],
    "T6": [
        0.0,
        0.0,
        0.0
    ],
    "T7": [
        0.0,
        0.04181752677284333,
        0.08788575947339183
    ],
    "T8": [
        0.0,
        0.0,
        0.0
    ],
    "T9": [
        0.0,
        0.0,
        0.0
    ],
    "T10": [
        0.0,
        0.0,
        0.0
    ],
    "T11": [
        0.19016943786038554,
        0.25092682447822157,
        0.3116842110960576
    ],
    "T12": [
        0.017786248093260668,
        0.062191888400793115,
        0.10659752870832556
    ],
    "T13": [
        0.006865636543298179,
        0.039320965593416586,
        0.071776294643535
    ],
    "T14": [
        0.0,
        0.0,
        0.0
    ],
    "T15": [
        0.0,
        0.0,
        0.0
    ],
    "T16": [
        0.0,
        0.0,
        0.0
    ],
    "T17": [
        0.0,
        0.0,
        0.0
    ],
    "T18": [
        0.0,
        0.0,
        0.0
    ],
    "T19": [
        0.41031807190681835,
        0.4491137484473946,
        0.48790942498797085
    ],
    "T20": [
        0.006173956859071794,
        0.04818177150966344,
        0.09018958616025509
    ],
    "T21": [
        0.0,
        0.009364787839833931,
        0.028517929522146167
    ],
    "T22": [
        0.0,
        0.002901081917468498,
        0.00883446064933025
    ],
    "T23": [
        0.0,
        0.0056526700878936015,
        0.017213678508850465
    ],
    "T24": [
        0.0,
        0.0,
        0.0
    ],
    "T25": [
        0.0,
        0.0,
        0.0
    ],
    "T26": [
        0.0,
        0.0,
        0.0
    ],
    "T27": [
        0.057547970344895685,
        0.08539481635141517,
        0.11324166235793466
    ],
    "T28": [
        0.04322510466281154,
        0.18769765845238193,
        0.3321702122419523
    ],
    "T29": [
        0.08212087438842813,
        0.14914610799861155,
        0.21617134160879498
    ],
    "T30": [
        0.0,
        0.0,
        0.0
    ],
    "T31": [
        0.0,
        0.0,
        0.0
    ],
    "T32": [
        0.0,
        0.00805111669963138,
        0.024517499225987095
    ],
    "T33": [
        0.10738189801147285,
        0.20745028447349365,
        0.30751867093551444
    ],
    "T34": [
        0.02258887856784665,
        0.04686527533966889,
        0.07114167211149112
    ],
    "T35": [
        0.0,
        0.0,
        0.0
    ],
    "T36": [
        0.0,
        0.004792722246291237,
        0.014594939850914906
    ],
    "T37": [
        0.18116507275539834,
        0.2348560461906987,
        0.28854701962599905
    ],
    "T38": [
        0.0001967893409011781,
        0.02124426806440941,
        0.04229174678791764
    ],
    "T39": [
        0.0,
        0.0,
        0.0
    ],
    "T40": [
        0.07866522747973034,
        0.15643928980366748,
        0.2342133521276046
    ],
    "T41": [
        0.0,
        0.0,
        0.0
    ],
    "T42": [
        0.0,
        0.0,
        0.0
    ],
    "T43": [
        0.0,
        0.0,
        0.0
    ],
    "T44": [
        0.022136717917592495,
        0.03702149855706441,
        0.05190627919653632
    ],
    "T45": [
        0.0,
        0.025571091158089036,
        0.055555512279045205
    ]
}