{
    "model_global_ndcg": {
        "mean": 0.1415971464004649,
        "margin": 0.03243099970716423,
        "interval": [
            0.10916614669330066,
            0.1415971464004649,
            0.17402814610762912
        ]
    }
}