{
    "T28": [
        0.004229691154525261,
        0.13333333333333333,
        0.2624369755121414
    ],
    "T26": [
        0.0,
        0.06666666666666667,
        0.1614028399897984
    ],
    "T2": [
        0.19866596639155137,
        0.2685000385032757,
        0.338334110615
    ],
    "T29": [
        0.028280642489732888,
        0.07258534922100017,
        0.11689005595226745
    ],
    "T31": [
        0.0,
        0.011201351625188408,
        0.025209225747445385
    ],
    "T18": [
        0.06441836617915764,
        0.1457342855858249,
        0.22705020499249218
    ],
    "T23": [
        0.034965115868390184,
        0.08775046212491865,
        0.1405358083814471
    ],
    "T27": [
        0.08431500922928381,
        0.14180029023776644,
        0.19928557124624907
    ],
    "T39": [
        0.0,
        0.0,
        0.0
    ],
    "T3": [
        0.13122406114781798,
        0.2187468360083048,
        0.3062696108687916
    ],
    "T4": [
        0.08382019939782848,
        0.1646889858751359,
        0.2455577723524433
    ],
    "T42": [
        0.09653298094823459,
        0.18193826324053958,
        0.26734354553284456
    ],
    "T9": [
        0.0,
        0.005367411133087586,
        0.016344999483991395
    ],
    "T14": [
        0.0,
        0.00918038507920622,
        0.027956380769391567
    ],
    "T1": [
        0.06326568739917013,
        0.1225619602515829,
        0.18185823310399568
    ],
    "T41": [
        0.10738189801147285,
        0.20745028447349365,
        0.30751867093551444
    ],
    "T7": [
        0.004641134223474494,
        0.06238884525896833,
        0.12013655629446217
    ],
    "T13": [
        0.04504689331722375,
        0.09416468553903369,
        0.14328247776084363
    ],
    "T12": [
        0.05895306502708264,
        0.1483575718152663,
        0.23776207860344994
    ],
    "T43": [
        0.0,
        0.1,
        0.21393688301366892
    ],
    "T35": [
        0.1422736540159925,
        0.22846358179368204,
        0.31465350957137156
    ],
    "T33": [
        0.06636096519191231,
        0.1475205293568452,
        0.2286800935217781
    ],
    "T30": [
        0.03378566971384597,
        0.11202766594636183,
        0.1902696621788777
    ],
    "T34": [
        0.14791966929851252,
        0.23635953579316127,
        0.32479940228781
    ],
    "T11": [
        0.032486876701223466,
        0.08647129462076977,
        0.14045571254031608
    ],
    "T21": [
        0.03456958376803798,
        0.13717654389468772,
        0.23978350402133747
    ],
    "T38": [
        0.04286257591525108,
        0.09777663479655697,
        0.15269069367786287
    ],
    "T10": [
        0.0,
        0.03708655953922932,
        0.07934182949523569
    ],
    "T8": [
        0.031761245889821516,
        0.099871088266148,
        0.1679809306424745
    ],
    "T17": [
        0.01586037941627297,
        0.08587262601390819,
        0.1558848726115434
    ],
    "T24": [
        0.0,
        0.006934854457688918,
        0.02111822435843041
    ],
    "T22": [
        0.11253781805509572,
        0.1552935621104296,
        0.1980493061657635
    ],
    "T44": [
        0.10159418173739759,
        0.18127474113881661,
        0.26095530054023564
    ],
    "T20": [
        0.04407369014505619,
        0.10914908859837141,
        0.17422448705168664
    ],
    "T16": [
        0.41632363432646535,
        0.5841239671428611,
        0.7519242999592568
    ],
    "T6": [
        0.1015206809848066,
        0.17504990351477456,
        0.24857912604474253
    ],
    "T19": [
        0.3279808680895292,
        0.3943412208034357,
        0.4607015735173422
    ],
    "T40": [
        0.02658039217260516,
        0.11059699904006105,
        0.19461360590751695
    ],
    "T45": [
        0.09645368422570322,
        0.1520842460452198,
        0.2077148078647364
    ],
    "T32": [
        0.0,
        0.01610223339926276,
        0.04903499845197419
    ],
    "T25": [
        0.0,
        0.043003470680219966,
        0.08817984598053863
    ],
    "T37": [
        0.16198182908046477,
        0.24991641232042233,
        0.3378509955603799
    ],
    "T5": [
        0.15457371554205307,
        0.23658670423037415,
        0.3185996929186952
    ],
    "T15": [
        0.0997322165183468,
        0.1665152141746711,
        0.23329821183099542
    ],
    "T36": [
        0.21199813413188995,
        0.27985590437036656,
        0.34771367460884317
    ]
}