{
    "model_global_ndcg": {
        "mean": 0.1579646760072299,
        "margin": 0.0293847100394119,
        "interval": [
            0.128579965967818,
            0.1579646760072299,
            0.1873493860466418
        ]
    }
}