{
    "T1": [
        0.07782707571246408,
        0.13727100874878587,
        0.19671494178510765
    ],
    "T2": [
        0.25803280136631135,
        0.3193363351531594,
        0.38063986894000745
    ],
    "T3": [
        0.054991821194047275,
        0.14174730218828216,
        0.22850278318251704
    ],
    "T4": [
        0.11315510672307177,
        0.1923541877393233,
        0.27155326875557484
    ],
    "T5": [
        0.22369716163177733,
        0.3033982887616199,
        0.38309941589146246
    ],
    "T6": [
        0.10988152393426187,
        0.1844985093108375,
        0.25911549468741313
    ],
    "T7": [
        0.026650758046475223,
        0.07177081802567326,
        0.11689087800487129
    ],
    "T8": [
        0.08969430011382468,
        0.1875281956698771,
        0.28536209122592954
    ],
    "T9": [
        0.0,
        0.02320581856928509,
        0.04973370536242955
    ],
    "T10": [
        0.0,
        0.003899835645149856,
        0.011875895106056054
    ],
    "T11": [
        0.18231295217907223,
        0.2617306156785476,
        0.341148279178023
    ],
    "T12": [
        0.06753354640504244,
        0.1522428882245319,
        0.23695223004402138
    ],
    "T13": [
        0.0413796379055294,
        0.11506026768095426,
        0.18874089745637912
    ],
    "T14": [
        0.0,
        0.005792178095714667,
        0.017638512429582056
    ],
    "T15": [
        0.03752337168149053,
        0.10918927881040284,
        0.18085518593931516
    ],
    "T16": [
        0.24713749803351182,
        0.4287117705382262,
        0.6102860430429405
    ],
    "T17": [
        0.060481042036644145,
        0.14659238434225094,
        0.23270372664785774
    ],
    "T18": [
        0.10182803037545723,
        0.1848655244020723,
        0.26790301842868736
    ],
    "T19": [
        0.22640039496579,
        0.29858944657247577,
        0.37077849817916153
    ],
    "T20": [
        0.09122331623036725,
        0.16381791500599194,
        0.23641251378161662
    ],
    "T21": [
        0.07993812982804421,
        0.17110258010891222,
        0.2622670303897802
    ],
    "T22": [
        0.09675507349500229,
        0.1412187814377727,
        0.1856824893805431
    ],
    "T23": [
        0.0038964128124647224,
        0.04759898586686578,
        0.09130155892126683
    ],
    "T24": [
        0.009743140252084156,
        0.05895577399451741,
        0.10816840773695066
    ],
    "T25": [
        0.012958223362391302,
        0.10164221006367828,
        0.19032619676496526
    ],
    "T26": [
        0.0017621916605330967,
        0.12103099178571525,
        0.2402997919108974
    ],
    "T27": [
        0.09956167284279482,
        0.14340821257057385,
        0.18725475229835287
    ],
    "T28": [
        0.0,
        0.1,
        0.21393688301366892
    ],
    "T29": [
        0.09125045172225127,
        0.1635884850614197,
        0.23592651840058815
    ],
    "T30": [
        0.0,
        0.053888828877918446,
        0.11311780605573166
    ],
    "T31": [
        0.014712973512924887,
        0.038662923472208385,
        0.06261287343149188
    ],
    "T32": [
        0.0033274685820255667,
        0.03162902268289729,
        0.05993057678376901
    ],
    "T33": [
        0.0995059888987676,
        0.19180766027273508,
        0.28410933164670255
    ],
    "T34": [
        0.17456924978410204,
        0.25514471170423797,
        0.3357201736243739
    ],
    "T35": [
        0.12489187293502352,
        0.21726235094214602,
        0.3096328289492685
    ],
    "T36": [
        0.2390855426983547,
        0.31748146039785363,
        0.3958773780973526
    ],
    "T37": [
        0.17684218863551637,
        0.2641617317109838,
        0.3514812747864512
    ],
    "T38": [
        0.13955142402002452,
        0.20473472537536758,
        0.26991802673071064
    ],
    "T39": [
        0.010609518546021213,
        0.07398733183027982,
        0.13736514511453843
    ],
    "T40": [
        0.037623966228369304,
        0.11181260400657562,
        0.18600124178478195
    ],
    "T41": [
        0.1918283656025645,
        0.33311975545355726,
        0.47441114530455003
    ],
    "T42": [
        0.12232596627240427,
        0.21731968150568912,
        0.31231339673897396
    ],
    "T43": [
        0.0,
        0.014355885269113102,
        0.043716967360559425
    ],
    "T44": [
        0.09105599180303842,
        0.15841495586820317,
        0.22577391993336793
    ],
    "T45": [
        0.07428908797679007,
        0.1444782009029631,
        0.21466731382913612
    ]
}