{
    "model_global_ndcg": {
        "mean": 0.17831695625086472,
        "margin": 0.04178022783400909,
        "interval": [
            0.13653672841685563,
            0.17831695625086472,
            0.2200971840848738
        ]
    }
}