{
    "T1": [
        0.18117295313923215,
        0.2501065550768023,
        0.31904015701437244
    ],
    "T2": [
        0.21845769853114977,
        0.3054407472229434,
        0.39242379591473703
    ],
    "T3": [
        0.05934223990169646,
        0.13333333333333333,
        0.2073244267649702
    ],
    "T4": [
        0.13330035284268787,
        0.21320989922561118,
        0.2931194456085345
    ],
    "T5": [
        0.14478072418284138,
        0.2136098359651323,
        0.28243894774742323
    ],
    "T6": [
        0.08206911668210354,
        0.1377810636304537,
        0.19349301057880386
    ],
    "T7": [
        0.04536008146752804,
        0.11764241880368337,
        0.1899247561398387
    ],
    "T8": [
        0.12151179226712572,
        0.22466120110393867,
        0.3278106099407516
    ],
    "T9": [
        0.017848190121335025,
        0.06639293201499724,
        0.11493767390865946
    ],
    "T10": [
        0.0,
        0.027386424995009415,
        0.06708189532332388
    ],
    "T11": [
        0.21407906358215434,
        0.29517774212797326,
        0.3762764206737922
    ],
    "T12": [
        0.1083805162406859,
        0.20954235292455972,
        0.31070418960843355
    ],
    "T13": [
        0.07242845988720947,
        0.13660634273602695,
        0.20078422558484443
    ],
    "T14": [
        0.0,
        0.03672154031682488,
        0.09547901849703316
    ],
    "T15": [
        0.04978962871372211,
        0.11604918248894293,
        0.18230873626416375
    ],
    "T16": [
        0.6781515565350751,
        0.8107821939595923,
        0.9434128313841095
    ],
    "T17": [
        0.08840150543088715,
        0.18414396666243088,
        0.2798864278939746
    ],
    "T18": [
        0.06280372017836733,
        0.1264177945292075,
        0.1900318688800477
    ],
    "T19": [
        0.4455157816422024,
        0.50666041065425,
        0.5678050396662977
    ],
    "T20": [
        0.07170114914634185,
        0.1352804906533696,
        0.19885983216039738
    ],
    "T21": [
        0.05134988616307651,
        0.15395556618503356,
        0.2565612462069906
    ],
    "T22": [
        0.16515192565734887,
        0.209409790531678,
        0.2536676554060071
    ],
    "T23": [
        0.0,
        0.007132875491150918,
        0.02172124387929464
    ],
    "T24": [
        0.03719620401881962,
        0.08306784330332956,
        0.1289394825878395
    ],
    "T25": [
        0.0,
        0.09327783893101108,
        0.18858239660297677
    ],
    "T26": [
        0.0,
        0.1,
        0.21393688301366892
    ],
    "T27": [
        0.1211586106925262,
        0.16270092106477094,
        0.20424323143701567
    ],
    "T28": [
        0.0,
        0.03333333333333333,
        0.10150765473775675
    ],
    "T29": [
        0.06162482122973331,
        0.11453360461690766,
        0.167442388004082
    ],
    "T30": [
        0.0,
        0.016960044196385225,
        0.03460910210912511
    ],
    "T31": [
        0.0030972279134145048,
        0.040955337296871515,
        0.07881344668032852
    ],
    "T32": [
        0.0022763384845888857,
        0.03988349608417607,
        0.07749065368376326
    ],
    "T33": [
        0.17715096594516255,
        0.2741169511401603,
        0.3710829363351581
    ],
    "T34": [
        0.16716131937722029,
        0.2436883775476981,
        0.3202154357181759
    ],
    "T35": [
        0.18791655395591655,
        0.265685889150356,
        0.3434552243447955
    ],
    "T36": [
        0.2793946626091118,
        0.3471761422570869,
        0.41495762190506197
    ],
    "T37": [
        0.19713273400861092,
        0.2807745767528429,
        0.3644164194970749
    ],
    "T38": [
        0.11993846306390307,
        0.17888966384133692,
        0.23784086461877077
    ],
    "T39": [
        0.03693405288515389,
        0.08752381246550275,
        0.13811357204585162
    ],
    "T40": [
        0.08648708860563398,
        0.19356556304197006,
        0.30064403747830615
    ],
    "T41": [
        0.05908622281649045,
        0.13311975545355725,
        0.20715328809062405
    ],
    "T42": [
        0.20495930083072095,
        0.28954599746114273,
        0.3741326940915645
    ],
    "T43": [
        0.018203659400698236,
        0.14206198357143052,
        0.2659203077421628
    ],
    "T44": [
        0.0840519016016062,
        0.15188695865846025,
        0.2197220157153143
    ],
    "T45": [
        0.06761726148279304,
        0.13407028048763558,
        0.20052329949247813
    ]
}