{
    "model_global_ndcg": {
        "mean": 0.574514326907585,
        "margin": 0.09669903657215206,
        "interval": [
            0.4778152903354329,
            0.574514326907585,
            0.671213363479737
        ]
    }
}