{
    "model_global_ndcg": {
        "mean": 0.13669878988767514,
        "margin": 0.035526389948489945,
        "interval": [
            0.1011723999391852,
            0.13669878988767514,
            0.1722251798361651
        ]
    }
}