{
    "model_global_ndcg": {
        "mean": 0.20218491312802994,
        "margin": 0.047461716252859804,
        "interval": [
            0.15472319687517014,
            0.20218491312802994,
            0.24964662938088975
        ]
    }
}