{
    "T1": [
        0.5119327934518934,
        0.561179452116527,
        0.6104261107811606
    ],
    "T2": [
        0.21563113624430563,
        0.29212172720119817,
        0.3686123181580907
    ],
    "T3": [
        0.01514909845559817,
        0.08631259902018741,
        0.15747609958477665
    ],
    "T4": [
        0.26037669429926646,
        0.3046318626638778,
        0.34888703102848917
    ],
    "T5": [
        0.1493543298227602,
        0.2138127175766283,
        0.27827110533049637
    ],
    "T6": [
        0.1288517635472648,
        0.18952420493363192,
        0.25019664631999905
    ],
    "T7": [
        0.01310867250275459,
        0.048996434645809876,
        0.08488419678886516
    ],
    "T8": [
        0.10833782830010097,
        0.1909698753215238,
        0.2736019223429466
    ],
    "T9": [
        0.003448367676285119,
        0.031085298109116585,
        0.05872222854194805
    ],
    "T10": [
        0.0,
        0.010080928901688076,
        0.02479410696608971
    ],
    "T11": [
        0.2695120319983754,
        0.32673004837005826,
        0.3839480647417411
    ],
    "T12": [
        0.23227746085167839,
        0.29952169614245866,
        0.36676593143323893
    ],
    "T13": [
        0.034679693951700036,
        0.08788438639799986,
        0.1410890788442997
    ],
    "T14": [
        0.0,
        0.017376534287144,
        0.052915537288746164
    ],
    "T15": [
        0.069067303534078,
        0.1251771748930038,
        0.18128704625192962
    ],
    "T16": [
        0.5383176816234054,
        0.6732050114316371,
        0.8080923412398688
    ],
    "T17": [
        0.0070063575011919815,
        0.0570652756087224,
        0.10712419371625281
    ],
    "T18": [
        0.04247871728321753,
        0.10975237953849117,
        0.1770260417937648
    ],
    "T19": [
        0.58680419691198,
        0.6188582911961132,
        0.6509123854802464
    ],
    "T20": [
        0.25211140445657215,
        0.31268636774810843,
        0.3732613310396447
    ],
    "T21": [
        0.1398899626997827,
        0.26628387932498204,
        0.3926777959501814
    ],
    "T22": [
        0.15111313934023995,
        0.18349110729727597,
        0.21586907525431198
    ],
    "T23": [
        0.03554242371664082,
        0.0910519569334021,
        0.14656149015016337
    ],
    "T24": [
        0.01073813368260626,
        0.06258701109067026,
        0.11443588849873426
    ],
    "T25": [
        0.05556939284275764,
        0.17641262141008218,
        0.2972558499774067
    ],
    "T26": [
        0.017390952197123277,
        0.14768921860244644,
        0.2779874850077696
    ],
    "T27": [
        0.15309411790557867,
        0.18997245560238918,
        0.2268507932991997
    ],
    "T28": [
        0.03775585477785415,
        0.1795617602411514,
        0.32136766570444864
    ],
    "T29": [
        0.20937921053596958,
        0.27470726341667856,
        0.34003531629738754
    ],
    "T30": [
        0.03799194330487807,
        0.10855199977019765,
        0.17911205623551724
    ],
    "T31": [
        0.0,
        0.014172907133511457,
        0.029843653488578627
    ],
    "T32": [
        0.0,
        0.007443809197504451,
        0.022668108418620603
    ],
    "T33": [
        0.5470697283204957,
        0.590721214752583,
        0.6343727011846703
    ],
    "T34": [
        0.1397755654447218,
        0.2180343161337949,
        0.296293066822868
    ],
    "T35": [
        0.1373372981241523,
        0.19533608008093803,
        0.25333486203772376
    ],
    "T36": [
        0.16383763658660194,
        0.2116336513552084,
        0.25942966612381485
    ],
    "T37": [
        0.25857155388479836,
        0.3174582310760857,
        0.376344908267373
    ],
    "T38": [
        0.0644046414419556,
        0.12314668805553758,
        0.18188873466911956
    ],
    "T39": [
        0.07763082512599015,
        0.13424672297690882,
        0.19086262082782748
    ],
    "T40": [
        0.059223782028141214,
        0.1549703411356612,
        0.25071690024318116
    ],
    "T41": [
        0.14846252494293855,
        0.22811601878020563,
        0.3077695126174727
    ],
    "T42": [
        0.1332082067135264,
        0.21716222119764908,
        0.30111623568177176
    ],
    "T43": [
        0.0,
        0.05436432511904858,
        0.13370939377573202
    ],
    "T44": [
        0.08059060654781716,
        0.15645326321226458,
        0.232315919876712
    ],
    "T45": [
        0.17793795049122618,
        0.23777976076124613,
        0.2976215710312661
    ]
}