{
    "model_global_ndcg": {
        "mean": 0.5675518685459,
        "margin": 0.09096015863712581,
        "interval": [
            0.4765917099087742,
            0.5675518685459,
            0.6585120271830258
        ]
    }
}