{
    "model_global_ndcg": {
        "mean": 0.172503276776046,
        "margin": 0.038561711790428554,
        "interval": [
            0.13394156498561743,
            0.172503276776046,
            0.21106498856647454
        ]
    }
}