{
    "T28": [
        0.04432916624172012,
        0.15217391304347827,
        0.2600186598452364
    ],
    "T26": [
        0.0,
        0.05227468191392479,
        0.10777286791677304
    ],
    "T2": [
        0.22506781209274562,
        0.28516166924640934,
        0.34525552640007307
    ],
    "T29": [
        0.1331765305268121,
        0.1953480947378876,
        0.2575196589489631
    ],
    "T31": [
        0.0002497175886310189,
        0.011972311041253195,
        0.02369490449387537
    ],
    "T18": [
        0.07427469866786712,
        0.14312337853842602,
        0.21197205840898492
    ],
    "T23": [
        0.04836939496568429,
        0.08715912542124589,
        0.1259488558768075
    ],
    "T27": [
        0.12598136052362785,
        0.15802664398964933,
        0.1900719274556708
    ],
    "T39": [
        0.0,
        0.0,
        0.0
    ],
    "T3": [
        0.16070466059262462,
        0.2370927602819982,
        0.31348085997137176
    ],
    "T4": [
        0.15500938720245705,
        0.23574274413707574,
        0.31647610107169444
    ],
    "T42": [
        0.09892438343332768,
        0.16646672592153536,
        0.23400906840974303
    ],
    "T9": [
        0.004884258932135115,
        0.027253304891376673,
        0.04962235085061823
    ],
    "T14": [
        0.0,
        0.011974415320703768,
        0.028837660751499905
    ],
    "T1": [
        0.16043890927150856,
        0.22195483319052906,
        0.28347075710954955
    ],
    "T41": [
        0.1465313214955502,
        0.22729047925847998,
        0.30804963702140975
    ],
    "T7": [
        0.046840584539033225,
        0.10566902748904072,
        0.16449747043904822
    ],
    "T13": [
        0.02089566089453583,
        0.05032299803072591,
        0.07975033516691599
    ],
    "T12": [
        0.10048123424911304,
        0.18081174026177807,
        0.2611422462744431
    ],
    "T43": [
        0.08670956530023666,
        0.19833070920195006,
        0.30995185310366347
    ],
    "T35": [
        0.22243070781155772,
        0.29063005233057515,
        0.3588293968495926
    ],
    "T33": [
        0.10246727233336672,
        0.16409784731770283,
        0.22572842230203893
    ],
    "T30": [
        0.0,
        0.014381752308815648,
        0.03067303896576287
    ],
    "T34": [
        0.15110174888212924,
        0.2160928153794666,
        0.28108388187680394
    ],
    "T11": [
        0.06947298077095887,
        0.11564092945127237,
        0.16180887813158587
    ],
    "T21": [
        0.19219559066103176,
        0.28499031536337754,
        0.37778504006572333
    ],
    "T38": [
        0.10242639243435395,
        0.15827162901163375,
        0.21411686558891355
    ],
    "T10": [
        0.0,
        0.0,
        0.0
    ],
    "T8": [
        0.09771785774385983,
        0.18231153944263664,
        0.26690522114141346
    ],
    "T17": [
        0.03946070925132253,
        0.06848175333968964,
        0.09750279742805676
    ],
    "T24": [
        0.0,
        0.021002913129473163,
        0.050580747986397154
    ],
    "T22": [
        0.1582757137549867,
        0.19737536485549967,
        0.23647501595601264
    ],
    "T44": [
        0.1343882132784136,
        0.20581962506749907,
        0.27725103685658453
    ],
    "T20": [
        0.15997472482698571,
        0.22603861881357704,
        0.29210251280016836
    ],
    "T16": [
        0.4721907546008558,
        0.6085278884721357,
        0.7448650223434156
    ],
    "T6": [
        0.13857829710897074,
        0.19618971696917706,
        0.2538011368293834
    ],
    "T19": [
        0.48926537834597505,
        0.537208748833267,
        0.5851521193205589
    ],
    "T40": [
        0.08154883691001724,
        0.15635039859765443,
        0.2311519602852916
    ],
    "T45": [
        0.1317614787127245,
        0.1796772416859518,
        0.22759300465917912
    ],
    "T32": [
        0.0,
        0.028003884172630885,
        0.05875356918146529
    ],
    "T25": [
        0.007775535508970463,
        0.046854774241947846,
        0.08593401297492523
    ],
    "T37": [
        0.23617218951048874,
        0.31009649402127915,
        0.38402079853206955
    ],
    "T5": [
        0.12837855983511065,
        0.18191685624237242,
        0.23545515264963418
    ],
    "T15": [
        0.19285531855332122,
        0.24795747312268993,
        0.30305962769205863
    ],
    "T36": [
        0.3277562969935526,
        0.3765792668342761,
        0.42540223667499966
    ]
}