{
    "T22": [
        0.15827571375498667,
        0.19737536485549964,
        0.2364750159560126
    ],
    "T3": [
        0.16070466059262456,
        0.23709276028199816,
        0.31348085997137176
    ],
    "T37": [
        0.23617218951048874,
        0.31009649402127915,
        0.38402079853206955
    ],
    "T17": [
        0.03946070925132256,
        0.06848175333968966,
        0.09750279742805676
    ],
    "T32": [
        0.0,
        0.028003884172630885,
        0.05875356918146529
    ],
    "T28": [
        0.04432916624172012,
        0.15217391304347827,
        0.2600186598452364
    ],
    "T29": [
        0.133176530526812,
        0.19534809473788753,
        0.25751965894896306
    ],
    "T4": [
        0.155009387202457,
        0.23574274413707572,
        0.31647610107169444
    ],
    "T35": [
        0.2224307078115576,
        0.29063005233057504,
        0.3588293968495925
    ],
    "T27": [
        0.12598136052362785,
        0.15802664398964933,
        0.1900719274556708
    ],
    "T1": [
        0.1604389092715085,
        0.22195483319052903,
        0.28347075710954955
    ],
    "T16": [
        0.4721907546008558,
        0.6085278884721358,
        0.7448650223434158
    ],
    "T18": [
        0.07427469866786715,
        0.14312337853842602,
        0.2119720584089849
    ],
    "T45": [
        0.1317614787127245,
        0.1796772416859518,
        0.22759300465917912
    ],
    "T30": [
        0.0,
        0.014381752308815648,
        0.03067303896576287
    ],
    "T33": [
        0.10246727233336672,
        0.16409784731770283,
        0.22572842230203893
    ],
    "T5": [
        0.12837855983511065,
        0.18191685624237242,
        0.23545515264963418
    ],
    "T12": [
        0.10048123424911304,
        0.18081174026177807,
        0.2611422462744431
    ],
    "T21": [
        0.1921955906610317,
        0.2849903153633775,
        0.3777850400657233
    ],
    "T26": [
        0.0,
        0.05227468191392479,
        0.10777286791677304
    ],
    "T20": [
        0.15997472482698577,
        0.22603861881357712,
        0.29210251280016847
    ],
    "T9": [
        0.004884258932135115,
        0.027253304891376673,
        0.04962235085061823
    ],
    "T39": [
        0.0,
        0.0,
        0.0
    ],
    "T25": [
        0.007775535508970463,
        0.046854774241947846,
        0.08593401297492523
    ],
    "T42": [
        0.09892438343332771,
        0.16646672592153536,
        0.234009068409743
    ],
    "T36": [
        0.3277562969935526,
        0.3765792668342761,
        0.42540223667499966
    ],
    "T10": [
        0.0,
        0.0,
        0.0
    ],
    "T7": [
        0.04684058453903325,
        0.10566902748904075,
        0.16449747043904825
    ],
    "T40": [
        0.08154883691001724,
        0.15635039859765443,
        0.2311519602852916
    ],
    "T43": [
        0.0867095653002366,
        0.19833070920195003,
        0.30995185310366347
    ],
    "T19": [
        0.48926537834597505,
        0.537208748833267,
        0.5851521193205589
    ],
    "T31": [
        0.0002497175886310189,
        0.011972311041253195,
        0.02369490449387537
    ],
    "T14": [
        0.0,
        0.011974415320703768,
        0.028837660751499905
    ],
    "T24": [
        0.0,
        0.021002913129473163,
        0.050580747986397154
    ],
    "T34": [
        0.15110174888212924,
        0.2160928153794666,
        0.28108388187680394
    ],
    "T38": [
        0.10242639243435395,
        0.15827162901163375,
        0.21411686558891355
    ],
    "T44": [
        0.1343882132784136,
        0.20581962506749904,
        0.2772510368565845
    ],
    "T8": [
        0.09771785774385983,
        0.18231153944263664,
        0.26690522114141346
    ],
    "T2": [
        0.22506781209274562,
        0.28516166924640934,
        0.34525552640007307
    ],
    "T23": [
        0.048369394965684265,
        0.08715912542124586,
        0.12594885587680746
    ],
    "T41": [
        0.14653132149555026,
        0.22729047925848,
        0.30804963702140975
    ],
    "T15": [
        0.19285531855332128,
        0.24795747312268998,
        0.3030596276920587
    ],
    "T11": [
        0.06947298077095887,
        0.11564092945127237,
        0.16180887813158587
    ],
    "T13": [
        0.020895660894535817,
        0.050322998030725895,
        0.07975033516691597
    ],
    "T6": [
        0.1385782971089708,
        0.19618971696917709,
        0.2538011368293834
    ]
}