{
    "model_global_ndcg": {
        "mean": 0.16173604116612728,
        "margin": 0.03936988303939046,
        "interval": [
            0.12236615812673682,
            0.16173604116612728,
            0.20110592420551773
        ]
    }
}