{
    "T1": [
        0.06626334389898642,
        0.11129192194868295,
        0.1563204999983795
    ],
    "T2": [
        0.35007810080699686,
        0.43952201621363346,
        0.5289659316202701
    ],
    "T3": [
        0.03435345506301299,
        0.11251013871858132,
        0.19066682237414964
    ],
    "T4": [
        0.036555383323234325,
        0.07767954449170715,
        0.11880370566017998
    ],
    "T5": [
        0.15271685540345864,
        0.21025823941468585,
        0.26779962342591307
    ],
    "T6": [
        0.12948669116080513,
        0.2056772754045631,
        0.28186785964832106
    ],
    "T7": [
        0.008577136479731684,
        0.04218053442974891,
        0.07578393237976613
    ],
    "T8": [
        0.09499394798662414,
        0.16003674501971757,
        0.225079542052811
    ],
    "T9": [
        0.0,
        0.016804987216234617,
        0.03715307496833892
    ],
    "T10": [
        0.0,
        0.012362186513076438,
        0.0299293801754118
    ],
    "T11": [
        0.10180075737258704,
        0.18458901341929554,
        0.26737726946600404
    ],
    "T12": [
        0.06365483358688373,
        0.14440987021713822,
        0.2251649068473927
    ],
    "T13": [
        0.030816051207867484,
        0.08421417295880809,
        0.1376122947097487
    ],
    "T14": [
        0.0,
        0.027541155237618666,
        0.0838691423081747
    ],
    "T15": [
        0.07877808799929203,
        0.13532995985684287,
        0.1918818317143937
    ],
    "T16": [
        0.5268869059959731,
        0.685979629081695,
        0.8450723521674168
    ],
    "T17": [
        0.0025430641875546223,
        0.06067205802639835,
        0.11880105186524208
    ],
    "T18": [
        0.019911610422718745,
        0.07436252663360417,
        0.1288134428444896
    ],
    "T19": [
        0.48017303877976114,
        0.5431774654531129,
        0.6061818921264646
    ],
    "T20": [
        0.06621392557320394,
        0.1304582302371212,
        0.19470253490103845
    ],
    "T21": [
        0.05847109297193487,
        0.17074895712770183,
        0.2830268212834688
    ],
    "T22": [
        0.13298048758991332,
        0.16390972061831616,
        0.194838953646719
    ],
    "T23": [
        0.025440115730931356,
        0.09134023961552667,
        0.157240363500122
    ],
    "T24": [
        0.02493004110743538,
        0.07211982264545691,
        0.11930960418347844
    ],
    "T25": [
        0.0698446285406476,
        0.20196847174253688,
        0.33409231494442615
    ],
    "T26": [
        0.025127435798330655,
        0.16666666666666666,
        0.30820589753500266
    ],
    "T27": [
        0.10737968749092777,
        0.1591482901446182,
        0.21091689279830864
    ],
    "T28": [
        0.025127435798330655,
        0.16666666666666666,
        0.30820589753500266
    ],
    "T29": [
        0.05873184223111949,
        0.1215976288510782,
        0.1844634154710369
    ],
    "T30": [
        0.06681489836510018,
        0.159663179495682,
        0.25251146062626384
    ],
    "T31": [
        0.0,
        0.015860032156748038,
        0.04437681890964946
    ],
    "T32": [
        0.0,
        0.0,
        0.0
    ],
    "T33": [
        0.07452490375999005,
        0.16316315355760377,
        0.2518014033552175
    ],
    "T34": [
        0.15097710980439116,
        0.24073603421243533,
        0.3304949586204795
    ],
    "T35": [
        0.1944337364463864,
        0.28233221586283036,
        0.3702306952792743
    ],
    "T36": [
        0.23706793785438807,
        0.3046392493138804,
        0.3722105607733728
    ],
    "T37": [
        0.19778790728147422,
        0.26495907956142856,
        0.3321302518413829
    ],
    "T38": [
        0.03457367768338809,
        0.09757559689744855,
        0.160577516111509
    ],
    "T39": [
        0.02544941791186825,
        0.05568106060081703,
        0.08591270328976582
    ],
    "T40": [
        0.04168101329353163,
        0.1390745982721099,
        0.2364681832506882
    ],
    "T41": [
        0.08541719517499696,
        0.16040169570231216,
        0.23538619622962736
    ],
    "T42": [
        0.10052383600996184,
        0.18495003255381098,
        0.2693762290976601
    ],
    "T43": [
        0.0,
        0.1043643251190486,
        0.21000945696746715
    ],
    "T44": [
        0.12402235654779337,
        0.21261048601085214,
        0.3011986154739109
    ],
    "T45": [
        0.05787589676932342,
        0.11888697858788518,
        0.17989806040644693
    ]
}