{
    "model_global_ndcg": {
        "mean": 0.048309819493735064,
        "margin": 0.026570024639025337,
        "interval": [
            0.021739794854709726,
            0.048309819493735064,
            0.0748798441327604
        ]
    }
}