{
    "model_global_ndcg": {
        "mean": 0.04830981949373506,
        "margin": 0.02657002463902533,
        "interval": [
            0.021739794854709726,
            0.04830981949373506,
            0.07487984413276039
        ]
    }
}