{
    "T28": [
        0.0,
        0.0,
        0.0
    ],
    "T26": [
        0.01820365940069818,
        0.1420619835714305,
        0.2659203077421628
    ],
    "T2": [
        0.0,
        0.0,
        0.0
    ],
    "T29": [
        0.12585996422564477,
        0.18201053962134386,
        0.23816111501704296
    ],
    "T31": [
        0.0,
        0.0,
        0.0
    ],
    "T18": [
        0.0,
        0.0,
        0.0
    ],
    "T23": [
        0.0,
        0.0,
        0.0
    ],
    "T27": [
        0.06485210783923515,
        0.08800034745544193,
        0.11114858707164871
    ],
    "T39": [
        0.0,
        0.0,
        0.0
    ],
    "T3": [
        0.0,
        0.0,
        0.0
    ],
    "T4": [
        0.03348100750717403,
        0.09044272140629762,
        0.14740443530542122
    ],
    "T42": [
        0.0,
        0.0,
        0.0
    ],
    "T9": [
        0.0,
        0.0,
        0.0
    ],
    "T14": [
        0.0,
        0.0,
        0.0
    ],
    "T1": [
        0.2999195903652795,
        0.3681386264467792,
        0.4363576625282789
    ],
    "T41": [
        0.0,
        0.0,
        0.0
    ],
    "T7": [
        0.0,
        0.0,
        0.0
    ],
    "T13": [
        0.0,
        0.0,
        0.0
    ],
    "T12": [
        0.0143335183251845,
        0.03428923178946797,
        0.05424494525375143
    ],
    "T43": [
        0.0,
        0.0,
        0.0
    ],
    "T35": [
        0.0,
        0.0,
        0.0
    ],
    "T33": [
        0.10359853694302429,
        0.19758088744129812,
        0.29156323793957195
    ],
    "T30": [
        0.0,
        0.0,
        0.0
    ],
    "T34": [
        0.0,
        0.003779441694191992,
        0.009158450608444318
    ],
    "T11": [
        0.27880501974811533,
        0.3291891902820897,
        0.3795733608160641
    ],
    "T21": [
        0.0,
        0.0,
        0.0
    ],
    "T38": [
        0.04272012305489151,
        0.10174806158208484,
        0.16077600010927817
    ],
    "T10": [
        0.0,
        0.0,
        0.0
    ],
    "T8": [
        0.0,
        0.0,
        0.0
    ],
    "T17": [
        0.0662319553447584,
        0.1600457450923668,
        0.2538595348399752
    ],
    "T24": [
        0.0,
        0.0,
        0.0
    ],
    "T22": [
        0.0,
        0.0,
        0.0
    ],
    "T44": [
        0.06383939989711888,
        0.08219620768188635,
        0.10055301546665381
    ],
    "T20": [
        0.04272012305489148,
        0.10174806158208481,
        0.16077600010927814
    ],
    "T16": [
        0.0,
        0.0,
        0.0
    ],
    "T6": [
        0.0,
        0.0,
        0.0
    ],
    "T19": [
        0.16557456073433924,
        0.19259927596268664,
        0.21962399119103404
    ],
    "T40": [
        0.0,
        0.0,
        0.0
    ],
    "T45": [
        0.016308232213187307,
        0.06783204105472322,
        0.11935584989625914
    ],
    "T32": [
        0.0,
        0.0,
        0.0
    ],
    "T25": [
        0.0,
        0.0,
        0.0
    ],
    "T37": [
        0.0,
        0.0,
        0.0
    ],
    "T5": [
        0.014175821073610345,
        0.03227951455390394,
        0.05038320803419753
    ],
    "T15": [
        0.0,
        0.0,
        0.0
    ],
    "T36": [
        0.0,
        0.0,
        0.0
    ]
}