{
    "T22": [
        0.0,
        0.0,
        0.0
    ],
    "T3": [
        0.0,
        0.0,
        0.0
    ],
    "T37": [
        0.0,
        0.0,
        0.0
    ],
    "T17": [
        0.06623195534475845,
        0.16004574509236683,
        0.2538595348399752
    ],
    "T32": [
        0.0,
        0.0,
        0.0
    ],
    "T28": [
        0.0,
        0.0,
        0.0
    ],
    "T29": [
        0.1258599642256448,
        0.18201053962134386,
        0.23816111501704293
    ],
    "T4": [
        0.03348100750717406,
        0.09044272140629762,
        0.1474044353054212
    ],
    "T35": [
        0.0,
        0.0,
        0.0
    ],
    "T27": [
        0.06485210783923513,
        0.08800034745544191,
        0.1111485870716487
    ],
    "T1": [
        0.2999195903652796,
        0.36813862644677925,
        0.4363576625282789
    ],
    "T16": [
        0.0,
        0.0,
        0.0
    ],
    "T18": [
        0.0,
        0.0,
        0.0
    ],
    "T45": [
        0.01630823221318732,
        0.06783204105472322,
        0.11935584989625912
    ],
    "T30": [
        0.0,
        0.0,
        0.0
    ],
    "T33": [
        0.10359853694302423,
        0.1975808874412981,
        0.29156323793957195
    ],
    "T5": [
        0.014175821073610359,
        0.032279514553903946,
        0.05038320803419753
    ],
    "T12": [
        0.014333518325184494,
        0.03428923178946796,
        0.054244945253751425
    ],
    "T21": [
        0.0,
        0.0,
        0.0
    ],
    "T26": [
        0.018203659400698236,
        0.1420619835714305,
        0.26592030774216274
    ],
    "T20": [
        0.04272012305489148,
        0.10174806158208481,
        0.16077600010927814
    ],
    "T9": [
        0.0,
        0.0,
        0.0
    ],
    "T39": [
        0.0,
        0.0,
        0.0
    ],
    "T25": [
        0.0,
        0.0,
        0.0
    ],
    "T42": [
        0.0,
        0.0,
        0.0
    ],
    "T36": [
        0.0,
        0.0,
        0.0
    ],
    "T10": [
        0.0,
        0.0,
        0.0
    ],
    "T7": [
        0.0,
        0.0,
        0.0
    ],
    "T40": [
        0.0,
        0.0,
        0.0
    ],
    "T43": [
        0.0,
        0.0,
        0.0
    ],
    "T19": [
        0.16557456073433924,
        0.19259927596268664,
        0.21962399119103404
    ],
    "T31": [
        0.0,
        0.0,
        0.0
    ],
    "T14": [
        0.0,
        0.0,
        0.0
    ],
    "T24": [
        0.0,
        0.0,
        0.0
    ],
    "T34": [
        0.0,
        0.003779441694191992,
        0.009158450608444314
    ],
    "T38": [
        0.04272012305489151,
        0.10174806158208484,
        0.16077600010927817
    ],
    "T44": [
        0.06383939989711888,
        0.08219620768188635,
        0.10055301546665381
    ],
    "T8": [
        0.0,
        0.0,
        0.0
    ],
    "T2": [
        0.0,
        0.0,
        0.0
    ],
    "T23": [
        0.0,
        0.0,
        0.0
    ],
    "T41": [
        0.0,
        0.0,
        0.0
    ],
    "T15": [
        0.0,
        0.0,
        0.0
    ],
    "T11": [
        0.2788050197481154,
        0.32918919028208976,
        0.37957336081606413
    ],
    "T13": [
        0.0,
        0.0,
        0.0
    ],
    "T6": [
        0.0,
        0.0,
        0.0
    ]
}