{
    "model_global_ndcg": {
        "mean": 0.1910371336632371,
        "margin": 0.035967343657413775,
        "interval": [
            0.15506979000582333,
            0.1910371336632371,
            0.22700447732065088
        ]
    }
}