{
    "model_global_ndcg": {
        "mean": 0.19103713366323716,
        "margin": 0.035967343657413775,
        "interval": [
            0.15506979000582338,
            0.19103713366323716,
            0.22700447732065093
        ]
    }
}