{
    "T22": [
        0.1868895548579002,
        0.22605292599782514,
        0.2652162971377501
    ],
    "T3": [
        0.15215510768020485,
        0.221845230898452,
        0.2915353541166992
    ],
    "T37": [
        0.2381708128378321,
        0.3204075835703422,
        0.40264435430285234
    ],
    "T17": [
        0.11323067585147267,
        0.17509015021673752,
        0.23694962458200236
    ],
    "T32": [
        0.001147386211806406,
        0.03325461245499918,
        0.06536183869819195
    ],
    "T28": [
        0.04432916624172012,
        0.15217391304347827,
        0.2600186598452364
    ],
    "T29": [
        0.13782904062678886,
        0.2000308678875111,
        0.26223269514823333
    ],
    "T4": [
        0.1216296560723717,
        0.18854751449217547,
        0.25546537291197924
    ],
    "T35": [
        0.2203350090629923,
        0.2879670857414749,
        0.3555991624199575
    ],
    "T27": [
        0.088947090578961,
        0.10868307153796972,
        0.12841905249697844
    ],
    "T1": [
        0.1923211563205367,
        0.25543763141752346,
        0.3185541065145102
    ],
    "T16": [
        0.4313405076114899,
        0.5749665025843346,
        0.7185924975571792
    ],
    "T18": [
        0.07408664747395616,
        0.13769168743988106,
        0.20129672740580595
    ],
    "T45": [
        0.13940673791836683,
        0.1854838096336426,
        0.2315608813489184
    ],
    "T30": [
        0.0,
        0.02588767761556568,
        0.05792837974160126
    ],
    "T33": [
        0.1010259141122862,
        0.16333006758211718,
        0.22563422105194816
    ],
    "T5": [
        0.2129636234847101,
        0.27417497774527677,
        0.33538633200584345
    ],
    "T12": [
        0.1075434368932296,
        0.18881181802863958,
        0.2700801991640496
    ],
    "T21": [
        0.2016072131217993,
        0.3003072789145321,
        0.39900734470726495
    ],
    "T26": [
        0.011006254384826414,
        0.09264911972049815,
        0.17429198505616988
    ],
    "T20": [
        0.12474364143153038,
        0.19671191182091807,
        0.26868018221030576
    ],
    "T9": [
        0.0030973044796563723,
        0.024211137076518587,
        0.0453249696733808
    ],
    "T39": [
        0.17102351877130484,
        0.2426843411437983,
        0.31434516351629177
    ],
    "T25": [
        0.0032301499051869687,
        0.045294546664973706,
        0.08735894342476044
    ],
    "T42": [
        0.11654070491392332,
        0.18120136524580896,
        0.2458620255776946
    ],
    "T36": [
        0.3452313461970935,
        0.3910429862902776,
        0.43685462638346173
    ],
    "T10": [
        0.0,
        0.005031702532032643,
        0.01075881878805151
    ],
    "T7": [
        0.054321935881614436,
        0.11694852798142186,
        0.17957512008122928
    ],
    "T40": [
        0.08154883691001724,
        0.15635039859765443,
        0.2311519602852916
    ],
    "T43": [
        0.08579925942928651,
        0.18513047573921898,
        0.28446169204915145
    ],
    "T19": [
        0.5072181168534464,
        0.5537910390823669,
        0.6003639613112874
    ],
    "T31": [
        0.0006185136168611743,
        0.022827059251291505,
        0.045035604885721836
    ],
    "T14": [
        0.024324873712779943,
        0.07807151685109184,
        0.13181815998940374
    ],
    "T24": [
        0.07101402501616863,
        0.1270776796039421,
        0.18314133419171555
    ],
    "T34": [
        0.16391156552047104,
        0.22921740719771902,
        0.294523248874967
    ],
    "T38": [
        0.10894198065596111,
        0.16696358606388706,
        0.224985191471813
    ],
    "T44": [
        0.1326899765295187,
        0.20833499434563457,
        0.28398001216175045
    ],
    "T8": [
        0.09154357942768615,
        0.17134710744511797,
        0.2511506354625498
    ],
    "T2": [
        0.2888093822735416,
        0.34206316864987246,
        0.39531695502620334
    ],
    "T23": [
        0.037425874784145094,
        0.07838235472762366,
        0.11933883467110222
    ],
    "T41": [
        0.14653132149555026,
        0.22729047925848,
        0.30804963702140975
    ],
    "T15": [
        0.19404357684314644,
        0.253342609989703,
        0.31264164313625953
    ],
    "T11": [
        0.0860356935058037,
        0.13315196770925364,
        0.18026824191270358
    ],
    "T13": [
        0.10915714407756325,
        0.15818023510307683,
        0.2072033261285904
    ],
    "T6": [
        0.13375941009922032,
        0.1892288899510101,
        0.24469836980279985
    ]
}