{
    "T1": [
        0.19232115632053665,
        0.2554376314175234,
        0.31855410651451016
    ],
    "T6": [
        0.13375941009922027,
        0.18922888995101003,
        0.2446983698027998
    ],
    "T28": [
        0.04432916624172012,
        0.15217391304347827,
        0.2600186598452364
    ],
    "T12": [
        0.1075434368932296,
        0.18881181802863958,
        0.2700801991640496
    ],
    "T24": [
        0.07101402501616863,
        0.1270776796039421,
        0.18314133419171555
    ],
    "T22": [
        0.1868895548579002,
        0.22605292599782512,
        0.26521629713775
    ],
    "T32": [
        0.0011473862118063921,
        0.03325461245499917,
        0.06536183869819195
    ],
    "T31": [
        0.0006185136168611743,
        0.022827059251291505,
        0.045035604885721836
    ],
    "T41": [
        0.1465313214955502,
        0.22729047925847998,
        0.30804963702140975
    ],
    "T35": [
        0.22033500906299236,
        0.28796708574147495,
        0.35559916241995754
    ],
    "T13": [
        0.10915714407756327,
        0.15818023510307685,
        0.20720332612859044
    ],
    "T34": [
        0.16391156552047104,
        0.22921740719771902,
        0.294523248874967
    ],
    "T10": [
        0.0,
        0.005031702532032643,
        0.01075881878805151
    ],
    "T18": [
        0.07408664747395616,
        0.13769168743988106,
        0.20129672740580595
    ],
    "T42": [
        0.11654070491392335,
        0.18120136524580896,
        0.24586202557769457
    ],
    "T8": [
        0.09154357942768615,
        0.17134710744511797,
        0.2511506354625498
    ],
    "T16": [
        0.4313405076114899,
        0.5749665025843346,
        0.7185924975571792
    ],
    "T27": [
        0.088947090578961,
        0.10868307153796974,
        0.1284190524969785
    ],
    "T30": [
        0.0,
        0.02588767761556568,
        0.057928379741601255
    ],
    "T38": [
        0.10894198065596108,
        0.16696358606388706,
        0.22498519147181303
    ],
    "T15": [
        0.19404357684314644,
        0.253342609989703,
        0.31264164313625953
    ],
    "T33": [
        0.10102591411228623,
        0.1633300675821172,
        0.2256342210519482
    ],
    "T21": [
        0.2016072131217993,
        0.3003072789145321,
        0.39900734470726495
    ],
    "T5": [
        0.21296362348471015,
        0.2741749777452768,
        0.3353863320058435
    ],
    "T11": [
        0.0860356935058037,
        0.1331519677092536,
        0.18026824191270352
    ],
    "T9": [
        0.0030973044796563723,
        0.024211137076518587,
        0.0453249696733808
    ],
    "T17": [
        0.11323067585147267,
        0.17509015021673752,
        0.23694962458200236
    ],
    "T43": [
        0.08579925942928651,
        0.18513047573921898,
        0.28446169204915145
    ],
    "T4": [
        0.1216296560723717,
        0.18854751449217547,
        0.25546537291197924
    ],
    "T23": [
        0.037425874784145094,
        0.07838235472762366,
        0.11933883467110222
    ],
    "T36": [
        0.34523134619709356,
        0.39104298629027767,
        0.4368546263834618
    ],
    "T37": [
        0.23817081283783204,
        0.32040758357034216,
        0.4026443543028523
    ],
    "T29": [
        0.1378290406267889,
        0.20003086788751112,
        0.26223269514823333
    ],
    "T44": [
        0.1326899765295187,
        0.20833499434563457,
        0.28398001216175045
    ],
    "T2": [
        0.2888093822735416,
        0.34206316864987246,
        0.39531695502620334
    ],
    "T40": [
        0.08154883691001724,
        0.15635039859765443,
        0.2311519602852916
    ],
    "T7": [
        0.054321935881614436,
        0.11694852798142186,
        0.17957512008122928
    ],
    "T14": [
        0.024324873712779943,
        0.07807151685109184,
        0.13181815998940374
    ],
    "T25": [
        0.0032301499051869964,
        0.04529454666497372,
        0.08735894342476044
    ],
    "T3": [
        0.15215510768020485,
        0.221845230898452,
        0.2915353541166992
    ],
    "T19": [
        0.5072181168534466,
        0.5537910390823672,
        0.6003639613112877
    ],
    "T45": [
        0.1394067379183668,
        0.18548380963364258,
        0.23156088134891836
    ],
    "T39": [
        0.17102351877130473,
        0.24268434114379822,
        0.3143451635162917
    ],
    "T26": [
        0.011006254384826414,
        0.09264911972049815,
        0.17429198505616988
    ],
    "T20": [
        0.12474364143153038,
        0.19671191182091807,
        0.26868018221030576
    ]
}