{
    "T16": [
        0.0,
        0.0,
        0.0
    ],
    "T35": [
        0.0,
        0.0,
        0.0
    ],
    "T45": [
        0.16950533168044846,
        0.19754115343427667,
        0.22557697518810488
    ],
    "T37": [
        0.0,
        0.004373502583744726,
        0.013318319707963407
    ],
    "T11": [
        0.32011226955142175,
        0.3678136755653857,
        0.41551508157934963
    ],
    "T43": [
        0.0,
        0.0,
        0.0
    ],
    "T32": [
        0.0,
        0.0,
        0.0
    ],
    "T38": [
        0.04272012305489151,
        0.10174806158208484,
        0.16077600010927817
    ],
    "T34": [
        0.0,
        0.003779441694191992,
        0.009158450608444318
    ],
    "T18": [
        0.0,
        0.0,
        0.0
    ],
    "T2": [
        0.0,
        0.0,
        0.0
    ],
    "T26": [
        0.01820365940069818,
        0.1420619835714305,
        0.2659203077421628
    ],
    "T28": [
        0.0,
        0.0,
        0.0
    ],
    "T13": [
        0.0,
        0.0,
        0.0
    ],
    "T23": [
        0.0,
        0.0,
        0.0
    ],
    "T19": [
        0.19719012491684568,
        0.22328091530759203,
        0.2493717056983384
    ],
    "T4": [
        0.03348100750717403,
        0.09044272140629762,
        0.14740443530542122
    ],
    "T24": [
        0.0,
        0.0,
        0.0
    ],
    "T39": [
        0.0,
        0.0,
        0.0
    ],
    "T44": [
        0.0855853353754053,
        0.09998349263795178,
        0.11438164990049826
    ],
    "T41": [
        0.0,
        0.0,
        0.0
    ],
    "T20": [
        0.04272012305489148,
        0.10174806158208481,
        0.16077600010927814
    ],
    "T1": [
        0.29404332589163457,
        0.3621062492251228,
        0.43016917255861103
    ],
    "T40": [
        0.0,
        0.0,
        0.0
    ],
    "T8": [
        0.0,
        0.0,
        0.0
    ],
    "T30": [
        0.0,
        0.0,
        0.0
    ],
    "T31": [
        0.0,
        0.0,
        0.0
    ],
    "T10": [
        0.0,
        0.0,
        0.0
    ],
    "T33": [
        0.12058358912627692,
        0.23501039063826393,
        0.34943719215025093
    ],
    "T3": [
        0.0,
        0.0,
        0.0
    ],
    "T29": [
        0.12585996422564477,
        0.18201053962134386,
        0.23816111501704296
    ],
    "T27": [
        0.0773036525385562,
        0.10578586417078752,
        0.13426807580301883
    ],
    "T15": [
        0.0,
        0.0,
        0.0
    ],
    "T9": [
        0.0,
        0.0,
        0.0
    ],
    "T14": [
        0.0,
        0.0,
        0.0
    ],
    "T12": [
        0.0143335183251845,
        0.03428923178946797,
        0.05424494525375143
    ],
    "T21": [
        0.0,
        0.0,
        0.0
    ],
    "T6": [
        0.0,
        0.0,
        0.0
    ],
    "T5": [
        0.01260586302419403,
        0.030821680359322364,
        0.0490374976944507
    ],
    "T17": [
        0.262862743800018,
        0.33370295551039525,
        0.4045431672207725
    ],
    "T22": [
        0.0,
        0.007817641773751719,
        0.02380651446100362
    ],
    "T42": [
        0.0,
        0.0,
        0.0
    ],
    "T7": [
        0.0,
        0.0,
        0.0
    ],
    "T25": [
        0.0,
        0.0,
        0.0
    ],
    "T36": [
        0.0,
        0.0,
        0.0
    ]
}