{
    "model_global_ndcg": {
        "mean": 0.6482677778181235,
        "margin": 0.08654000040490362,
        "interval": [
            0.5617277774132199,
            0.6482677778181235,
            0.7348077782230271
        ]
    }
}