{
    "model_global_ndcg": {
        "mean": 0.1721982688079155,
        "margin": 0.04217497129456754,
        "interval": [
            0.13002329751334796,
            0.1721982688079155,
            0.21437324010248304
        ]
    }
}