{
    "T1": [
        0.1010603869071095,
        0.1592522214232758,
        0.2174440559394421
    ],
    "T2": [
        0.2932882396360154,
        0.3870493171275049,
        0.4808103946189944
    ],
    "T3": [
        0.03556042733770812,
        0.1115464543371261,
        0.18753248133654407
    ],
    "T4": [
        0.04113016814908674,
        0.08727942898828693,
        0.13342868982748712
    ],
    "T5": [
        0.13271303683529467,
        0.20746978745716266,
        0.28222653807903064
    ],
    "T6": [
        0.0840507911954988,
        0.16213648596884533,
        0.24022218074219187
    ],
    "T7": [
        0.01123221656894001,
        0.04478641502099948,
        0.07834061347305896
    ],
    "T8": [
        0.08524413413431359,
        0.17132292188839932,
        0.25740170964248504
    ],
    "T9": [
        0.009126613850809082,
        0.039590502338873304,
        0.07005439082693753
    ],
    "T10": [
        0.0,
        0.0,
        0.0
    ],
    "T11": [
        0.20539567554578897,
        0.27819318353121625,
        0.3509906915166435
    ],
    "T12": [
        0.06002677468076875,
        0.14434765485240064,
        0.22866853502403253
    ],
    "T13": [
        0.0,
        0.01892480608936985,
        0.04356154212594443
    ],
    "T14": [
        0.0,
        0.027541155237618666,
        0.0838691423081747
    ],
    "T15": [
        0.08248481476857655,
        0.14876614696218496,
        0.21504747915579336
    ],
    "T16": [
        0.5827826236243903,
        0.735979629081695,
        0.8891766345389998
    ],
    "T17": [
        0.0,
        0.04507271544579893,
        0.09946755698622992
    ],
    "T18": [
        0.05303312301345062,
        0.12128006634652974,
        0.18952700967960887
    ],
    "T19": [
        0.5312812403448208,
        0.5875745383143958,
        0.6438678362839707
    ],
    "T20": [
        0.06760177382651986,
        0.12204628823481249,
        0.17649080264310513
    ],
    "T21": [
        0.13797012549968746,
        0.26889399244788625,
        0.39981785939608505
    ],
    "T22": [
        0.15646030410290038,
        0.1918315304656835,
        0.2272027568284666
    ],
    "T23": [
        0.034383477638206844,
        0.09748835211443242,
        0.160593226590658
    ],
    "T24": [
        0.05582504196696539,
        0.11712885859754986,
        0.17843267522813433
    ],
    "T25": [
        0.059466076380273736,
        0.18617492345224101,
        0.3128837705242083
    ],
    "T26": [
        0.004229691154525261,
        0.13333333333333333,
        0.2624369755121414
    ],
    "T27": [
        0.09651956823165861,
        0.13977031674167328,
        0.18302106525168796
    ],
    "T28": [
        0.025127435798330655,
        0.16666666666666666,
        0.30820589753500266
    ],
    "T29": [
        0.10842761945902596,
        0.18081862453287617,
        0.2532096296067264
    ],
    "T30": [
        0.00769773580281316,
        0.06748082126943376,
        0.12726390673605437
    ],
    "T31": [
        0.004246128428818288,
        0.02255626475527172,
        0.04086640108172515
    ],
    "T32": [
        0.0,
        0.005367411133087586,
        0.016344999483991395
    ],
    "T33": [
        0.024113111015002103,
        0.11359453926894232,
        0.20307596752288254
    ],
    "T34": [
        0.1566176377009046,
        0.24521132953261296,
        0.33380502136432133
    ],
    "T35": [
        0.22288404265256873,
        0.31337563872340113,
        0.40386723479423353
    ],
    "T36": [
        0.273609458745279,
        0.33189286622378933,
        0.3901762737022997
    ],
    "T37": [
        0.21161538664465013,
        0.2914700903014202,
        0.37132479395819024
    ],
    "T38": [
        0.06209278299439308,
        0.12841770884851134,
        0.1947426347026296
    ],
    "T39": [
        0.1412657373968194,
        0.24887146617246353,
        0.35647719494810765
    ],
    "T40": [
        0.07351377818896276,
        0.17506998357429981,
        0.27662618895963687
    ],
    "T41": [
        0.12646373404605293,
        0.21710610362591304,
        0.30774847320577314
    ],
    "T42": [
        0.08691041097597973,
        0.17303255058979927,
        0.2591546902036188
    ],
    "T43": [
        0.0,
        0.06666666666666667,
        0.16140283998979837
    ],
    "T44": [
        0.08399778023936785,
        0.1616328283840366,
        0.23926787652870532
    ],
    "T45": [
        0.047488609370805596,
        0.10490951028770788,
        0.16233041120461017
    ]
}