{
    "model_global_ndcg": {
        "mean": 0.13669878988767517,
        "margin": 0.035526389948489945,
        "interval": [
            0.10117239993918523,
            0.13669878988767517,
            0.17222517983616512
        ]
    }
}