{
    "model_global_ndcg": {
        "mean": 0.1366987898876752,
        "margin": 0.035526389948489945,
        "interval": [
            0.10117239993918525,
            0.1366987898876752,
            0.17222517983616514
        ]
    }
}