{
    "model_global_ndcg": {
        "mean": 0.09888311956355839,
        "margin": 0.058353730376578206,
        "interval": [
            0.04052938918698018,
            0.09888311956355839,
            0.1572368499401366
        ]
    }
}