{
    "model_global_ndcg": {
        "mean": 0.20003187774937747,
        "margin": 0.04447495043647989,
        "interval": [
            0.15555692731289758,
            0.20003187774937747,
            0.24450682818585737
        ]
    }
}