{
    "T1": [
        0.1558441955397568,
        0.23057192744866584,
        0.30529965935757486
    ],
    "T2": [
        0.29813775495537814,
        0.3836585369260788,
        0.4691793188967795
    ],
    "T3": [
        0.03144413483375591,
        0.1086921347709642,
        0.1859401347081725
    ],
    "T4": [
        0.08525139583963448,
        0.15133630784364138,
        0.21742121984764828
    ],
    "T5": [
        0.1849164904828426,
        0.25140333065356424,
        0.3178901708242859
    ],
    "T6": [
        0.14695465165446314,
        0.2167117059710585,
        0.28646876028765383
    ],
    "T7": [
        0.015786160992096662,
        0.052484271622715496,
        0.08918238225333433
    ],
    "T8": [
        0.15088285462667395,
        0.23424196670321795,
        0.31760107877976196
    ],
    "T9": [
        0.002810467187624288,
        0.03530182101094771,
        0.06779317483427114
    ],
    "T10": [
        0.0,
        0.012362186513076438,
        0.0299293801754118
    ],
    "T11": [
        0.33113743360679804,
        0.39261329292256153,
        0.454089152238325
    ],
    "T12": [
        0.05112269293938804,
        0.13365509373050805,
        0.21618749452162805
    ],
    "T13": [
        0.06296806028340354,
        0.1276251317667942,
        0.19228220325018483
    ],
    "T14": [
        0.0,
        0.027541155237618666,
        0.0838691423081747
    ],
    "T15": [
        0.11996727093027204,
        0.1936124769691297,
        0.26725768300798736
    ],
    "T16": [
        0.6796210613786638,
        0.8149486372959797,
        0.9502762132132955
    ],
    "T17": [
        0.021967817641938725,
        0.08549534018986073,
        0.14902286273778273
    ],
    "T18": [
        0.052562885740332355,
        0.11849189604958874,
        0.18442090635884512
    ],
    "T19": [
        0.5523639468951226,
        0.6062273136447592,
        0.6600906803943959
    ],
    "T20": [
        0.08432403342566147,
        0.15358866382531883,
        0.22285329422497618
    ],
    "T21": [
        0.1551616004734404,
        0.28242687652564,
        0.40969215257783964
    ],
    "T22": [
        0.1728378706936518,
        0.20308484984988484,
        0.23333182900611787
    ],
    "T23": [
        0.02997916192291361,
        0.10235117527941015,
        0.1747231886359067
    ],
    "T24": [
        0.023536296110128224,
        0.07964661770959211,
        0.135756939309056
    ],
    "T25": [
        0.07771496296741287,
        0.20923463797720038,
        0.3407543129869879
    ],
    "T26": [
        0.076098044627466,
        0.2111770642037978,
        0.3462560837801296
    ],
    "T27": [
        0.11009911203463074,
        0.15138137576914737,
        0.192663639503664
    ],
    "T28": [
        0.025127435798330655,
        0.16666666666666666,
        0.30820589753500266
    ],
    "T29": [
        0.12440490329787246,
        0.1994396891030909,
        0.27447447490830934
    ],
    "T30": [
        0.04768610064975515,
        0.1307916114797717,
        0.21389712230978825
    ],
    "T31": [
        0.0012033336231156919,
        0.025032184564969282,
        0.04886103550682287
    ],
    "T32": [
        0.0,
        0.00805111669963138,
        0.024517499225987095
    ],
    "T33": [
        0.09071227350582867,
        0.18435737579924147,
        0.27800247809265427
    ],
    "T34": [
        0.15888284658820429,
        0.24439508737558122,
        0.32990732816295815
    ],
    "T35": [
        0.2335736996006852,
        0.3291211318471992,
        0.42466856409371323
    ],
    "T36": [
        0.27385033506582795,
        0.33234094705403655,
        0.39083155904224515
    ],
    "T37": [
        0.2551092591935216,
        0.33050297774291604,
        0.40589669629231045
    ],
    "T38": [
        0.09566919951729841,
        0.17597593252488733,
        0.25628266553247625
    ],
    "T39": [
        0.0892247980562329,
        0.15657313177681328,
        0.22392146549739367
    ],
    "T40": [
        0.060777438948139584,
        0.1601923545316207,
        0.2596072701151018
    ],
    "T41": [
        0.18168596441284524,
        0.26521123848941996,
        0.3487365125659947
    ],
    "T42": [
        0.1572841960193927,
        0.24655684497539002,
        0.33582949393138734
    ],
    "T43": [
        0.0,
        0.07956176024115139,
        0.17663133078849547
    ],
    "T44": [
        0.1580647535490186,
        0.24258256854640053,
        0.32710038354378246
    ],
    "T45": [
        0.0825062995535113,
        0.15421609089247687,
        0.22592588223144244
    ]
}