{
    "model_global_ndcg": {
        "mean": 0.1574996279226767,
        "margin": 0.03891240708425536,
        "interval": [
            0.11858722083842133,
            0.1574996279226767,
            0.19641203500693205
        ]
    }
}