{
    "T1": [
        0.07340000398997379,
        0.13193853408914788,
        0.19047706418832197
    ],
    "T2": [
        0.20539797901042628,
        0.2922619752900408,
        0.3791259715696553
    ],
    "T3": [
        0.0594907559578603,
        0.1348896744693581,
        0.2102885929808559
    ],
    "T4": [
        0.0189661021863147,
        0.06345853592675679,
        0.10795096966719889
    ],
    "T5": [
        0.151376385693682,
        0.20253178413099984,
        0.2536871825683177
    ],
    "T6": [
        0.0874512145764787,
        0.16943550401689497,
        0.25141979345731125
    ],
    "T7": [
        0.012181577613718797,
        0.0378785428500762,
        0.0635755080864336
    ],
    "T8": [
        0.16309818702877432,
        0.26325392967583533,
        0.36340967232289634
    ],
    "T9": [
        0.0,
        0.04648477769140749,
        0.09527670361606344
    ],
    "T10": [
        0.0,
        0.018543279769614656,
        0.056468545216790234
    ],
    "T11": [
        0.03508800644781851,
        0.09055651452238994,
        0.14602502259696137
    ],
    "T12": [
        0.028571667153571845,
        0.10799716243594207,
        0.1874226577183123
    ],
    "T13": [
        0.0,
        0.01466976894167572,
        0.032333892332204545
    ],
    "T14": [
        0.0,
        0.027541155237618666,
        0.0838691423081747
    ],
    "T15": [
        0.03039770226372751,
        0.07817530159097985,
        0.1259529009182322
    ],
    "T16": [
        0.5068283649606204,
        0.6525869398549642,
        0.7983455147493079
    ],
    "T17": [
        0.06437896331815857,
        0.1569551984640977,
        0.24953143361003682
    ],
    "T18": [
        0.0,
        0.03237188564256949,
        0.06698240741742498
    ],
    "T19": [
        0.4949860835273461,
        0.5570527202403579,
        0.6191193569533697
    ],
    "T20": [
        0.05373471654177761,
        0.11377030857128966,
        0.1738059006008017
    ],
    "T21": [
        0.08601289199163686,
        0.20634315007060025,
        0.32667340814956364
    ],
    "T22": [
        0.10453421558548803,
        0.1338124785692759,
        0.16309074155306374
    ],
    "T23": [
        0.02216662927550833,
        0.09340313221281224,
        0.16463963515011615
    ],
    "T24": [
        0.018806204740802884,
        0.08472768989814493,
        0.15064917505548697
    ],
    "T25": [
        0.05457570734268463,
        0.17945276238325208,
        0.30432981742381954
    ],
    "T26": [
        0.004229691154525261,
        0.13333333333333333,
        0.2624369755121414
    ],
    "T27": [
        0.03207660195743117,
        0.058422146363506754,
        0.08476769076958234
    ],
    "T28": [
        0.025127435798330655,
        0.16666666666666666,
        0.30820589753500266
    ],
    "T29": [
        0.05069424528168898,
        0.11523008747124994,
        0.1797659296608109
    ],
    "T30": [
        0.08475832739005706,
        0.1780521270965528,
        0.27134592680304853
    ],
    "T31": [
        0.034215565968917366,
        0.07403368497768742,
        0.11385180398645747
    ],
    "T32": [
        0.0,
        0.010127514764048244,
        0.026990304817818667
    ],
    "T33": [
        0.08315352475764343,
        0.17206886620834405,
        0.2609842076590447
    ],
    "T34": [
        0.05293774530109899,
        0.10269748157756362,
        0.15245721785402824
    ],
    "T35": [
        0.23854177318230368,
        0.3299074264029256,
        0.4212730796235475
    ],
    "T36": [
        0.1767768870091309,
        0.2532087400584736,
        0.3296405931078163
    ],
    "T37": [
        0.24989552383293984,
        0.32788219888432757,
        0.4058688739357153
    ],
    "T38": [
        0.037000883424221254,
        0.08156178433306188,
        0.1261226852419025
    ],
    "T39": [
        0.07739762337924783,
        0.12506633789770263,
        0.17273505241615744
    ],
    "T40": [
        0.038115435790080116,
        0.13223082543794482,
        0.22634621508580952
    ],
    "T41": [
        0.17062810686908586,
        0.24777084081482506,
        0.32491357476056426
    ],
    "T42": [
        0.240819406216653,
        0.3294587925973847,
        0.4180981789781164
    ],
    "T43": [
        0.0,
        0.07956176024115139,
        0.17663133078849547
    ],
    "T44": [
        0.08712899077427527,
        0.1577469718851965,
        0.22836495299611775
    ],
    "T45": [
        0.05388389904070556,
        0.12236296296240085,
        0.19084202688409613
    ]
}