{
    "model_global_ndcg": {
        "mean": 0.17178864571283542,
        "margin": 0.04354067340218773,
        "interval": [
            0.1282479723106477,
            0.17178864571283542,
            0.21532931911502315
        ]
    }
}