{
    "T1": [
        0.16255792779555994,
        0.2355553576526116,
        0.30855278750966325
    ],
    "T2": [
        0.2083603382755046,
        0.27924506014948863,
        0.35012978202347267
    ],
    "T3": [
        0.05977271443134441,
        0.14174730218828216,
        0.2237218899452199
    ],
    "T4": [
        0.05731567664527204,
        0.10913556428983269,
        0.16095545193439334
    ],
    "T5": [
        0.12581056352884284,
        0.1969929097034203,
        0.26817525587799773
    ],
    "T6": [
        0.08805281778026497,
        0.16717889041279949,
        0.246304963045334
    ],
    "T7": [
        0.013507926875119883,
        0.04434725835077148,
        0.07518658982642308
    ],
    "T8": [
        0.1433098493948679,
        0.24673272540536395,
        0.35015560141586
    ],
    "T9": [
        0.0,
        0.03220446679852552,
        0.07796838602458783
    ],
    "T10": [
        0.0,
        0.007173519834210914,
        0.021845015237565945
    ],
    "T11": [
        0.08572263118922804,
        0.15632566297982756,
        0.22692869477042707
    ],
    "T12": [
        0.036684241515893,
        0.119820938622924,
        0.202957635729955
    ],
    "T13": [
        0.004890000392725205,
        0.03252519642159448,
        0.06016039245046376
    ],
    "T14": [
        0.0,
        0.027541155237618666,
        0.0838691423081747
    ],
    "T15": [
        0.051279032751534365,
        0.1031268322550097,
        0.15497463175848503
    ],
    "T16": [
        0.5907738605064647,
        0.7426547355982971,
        0.8945356106901294
    ],
    "T17": [
        0.048554253352228766,
        0.12176143853180298,
        0.1949686237113772
    ],
    "T18": [
        0.02041370168501727,
        0.07652619595605828,
        0.1326386902270993
    ],
    "T19": [
        0.5265498044996857,
        0.5774306932927943,
        0.6283115820859029
    ],
    "T20": [
        0.05403501013817605,
        0.1085413000368661,
        0.16304758993555615
    ],
    "T21": [
        0.14244104525991413,
        0.2736314731746324,
        0.4048219010893506
    ],
    "T22": [
        0.13017762358928364,
        0.15918039121454045,
        0.18818315883979725
    ],
    "T23": [
        0.049405467719081636,
        0.11930918554309096,
        0.18921290336710028
    ],
    "T24": [
        0.09184552519684092,
        0.18434576079411405,
        0.2768459963913872
    ],
    "T25": [
        0.05667251952424868,
        0.1816984539084177,
        0.30672438829258675
    ],
    "T26": [
        0.013633228343413573,
        0.13392608536019998,
        0.2542189423769864
    ],
    "T27": [
        0.045585608648810755,
        0.07325499468148068,
        0.10092438071415061
    ],
    "T28": [
        0.025127435798330655,
        0.16666666666666666,
        0.30820589753500266
    ],
    "T29": [
        0.06073802243434007,
        0.1364519843269836,
        0.21216594621962714
    ],
    "T30": [
        0.02540207969742614,
        0.09705892951681695,
        0.16871577933620777
    ],
    "T31": [
        0.010723734869469648,
        0.03159967578244989,
        0.05247561669543013
    ],
    "T32": [
        0.0,
        0.004995323719106766,
        0.012114959491981997
    ],
    "T33": [
        0.10738189801147285,
        0.20745028447349365,
        0.30751867093551444
    ],
    "T34": [
        0.05455536795543742,
        0.1032836852219141,
        0.15201200248839078
    ],
    "T35": [
        0.2759181286407361,
        0.377133867335733,
        0.4783496060307299
    ],
    "T36": [
        0.27053649008403957,
        0.34759884396814733,
        0.4246611978522551
    ],
    "T37": [
        0.30404972317450707,
        0.3741236244526089,
        0.4441975257307107
    ],
    "T38": [
        0.01929685380325663,
        0.056480013756205844,
        0.09366317370915506
    ],
    "T39": [
        0.09887817703148857,
        0.14761498168740234,
        0.1963517863433161
    ],
    "T40": [
        0.05800699522555958,
        0.14898355762032126,
        0.23996012001508293
    ],
    "T41": [
        0.21295136253252683,
        0.299971726325369,
        0.3869920901182112
    ],
    "T42": [
        0.23944030926423826,
        0.3304224769788399,
        0.4214046446934416
    ],
    "T43": [
        0.0,
        0.1143558852691131,
        0.23024180956350182
    ],
    "T44": [
        0.019345469865941087,
        0.05010950383144352,
        0.08087353779694595
    ],
    "T45": [
        0.03149474545509273,
        0.08427447775040296,
        0.1370542100457132
    ]
}