{
    "T1": {
        "mean": 1.1333333333333333
    },
    "T2": {
        "mean": 1.1666666666666667
    },
    "T3": {
        "mean": 0.36666666666666664
    },
    "T4": {
        "mean": 0.6666666666666666
    },
    "T5": {
        "mean": 0.9
    },
    "T6": {
        "mean": 0.8
    },
    "T7": {
        "mean": 0.36666666666666664
    },
    "T8": {
        "mean": 0.6666666666666666
    },
    "T9": {
        "mean": 0.06666666666666667
    },
    "T10": {
        "mean": 0.03333333333333333
    },
    "T11": {
        "mean": 0.6333333333333333
    },
    "T12": {
        "mean": 0.4
    },
    "T13": {
        "mean": 0.23333333333333334
    },
    "T14": {
        "mean": 0.03333333333333333
    },
    "T15": {
        "mean": 0.5333333333333333
    },
    "T16": {
        "mean": 0.8
    },
    "T17": {
        "mean": 0.4
    },
    "T18": {
        "mean": 0.23333333333333334
    },
    "T19": {
        "mean": 2.2666666666666666
    },
    "T20": {
        "mean": 0.5666666666666667
    },
    "T21": {
        "mean": 0.5333333333333333
    },
    "T22": {
        "mean": 0.8333333333333334
    },
    "T23": {
        "mean": 0.5
    },
    "T24": {
        "mean": 0.43333333333333335
    },
    "T25": {
        "mean": 0.26666666666666666
    },
    "T26": {
        "mean": 0.16666666666666666
    },
    "T27": {
        "mean": 0.7666666666666667
    },
    "T28": {
        "mean": 0.16666666666666666
    },
    "T29": {
        "mean": 0.5333333333333333
    },
    "T30": {
        "mean": 0.4
    },
    "T31": {
        "mean": 0.36666666666666664
    },
    "T32": {
        "mean": 0.06666666666666667
    },
    "T33": {
        "mean": 0.4666666666666667
    },
    "T34": {
        "mean": 0.6333333333333333
    },
    "T35": {
        "mean": 1.1666666666666667
    },
    "T36": {
        "mean": 2.0
    },
    "T37": {
        "mean": 1.8666666666666667
    },
    "T38": {
        "mean": 0.3
    },
    "T39": {
        "mean": 0.6
    },
    "T40": {
        "mean": 0.36666666666666664
    },
    "T41": {
        "mean": 0.8333333333333334
    },
    "T42": {
        "mean": 0.7666666666666667
    },
    "T43": {
        "mean": 0.13333333333333333
    },
    "T44": {
        "mean": 0.4666666666666667
    },
    "T45": {
        "mean": 0.3333333333333333
    }
}