{
    "model_global_ndcg": {
        "mean": 0.7303380146492396,
        "margin": 0.07500938049881845,
        "interval": [
            0.6553286341504212,
            0.7303380146492396,
            0.8053473951480581
        ]
    }
}