{
    "model_global_ndcg": {
        "mean": 0.16537945382991046,
        "margin": 0.03062946702146213,
        "interval": [
            0.13474998680844832,
            0.16537945382991046,
            0.1960089208513726
        ]
    }
}