{
    "T28": [
        0.004229691154525261,
        0.13333333333333333,
        0.2624369755121414
    ],
    "T26": [
        0.0,
        0.06666666666666667,
        0.1614028399897984
    ],
    "T2": [
        0.22356577191681126,
        0.2936893819176756,
        0.3638129919185399
    ],
    "T29": [
        0.06875422847089938,
        0.11725514239016409,
        0.1657560563094288
    ],
    "T31": [
        0.012311224179334487,
        0.058945865802224946,
        0.1055805074251154
    ],
    "T18": [
        0.050398123916256865,
        0.12625099736533285,
        0.20210387081440884
    ],
    "T23": [
        0.048528844728291276,
        0.103141022202326,
        0.15775319967636073
    ],
    "T27": [
        0.04785048162679026,
        0.08675949769600723,
        0.1256685137652242
    ],
    "T39": [
        0.10141904836501464,
        0.19726976720891834,
        0.29312048605282204
    ],
    "T3": [
        0.1576075773452234,
        0.25065301483902247,
        0.34369845233282154
    ],
    "T4": [
        0.12576629424020142,
        0.2035274422659735,
        0.2812885902917456
    ],
    "T42": [
        0.10760339336317842,
        0.19581096842549725,
        0.2840185434878161
    ],
    "T9": [
        0.0,
        0.03022351504895358,
        0.06612837184111894
    ],
    "T14": [
        0.0,
        0.05027957925255544,
        0.10915754046574315
    ],
    "T1": [
        0.0004672517364918416,
        0.04102652480983679,
        0.08158579788318174
    ],
    "T41": [
        0.12258877574374477,
        0.22309290867425216,
        0.32359704160475955
    ],
    "T7": [
        0.053265641330548674,
        0.12230741349246196,
        0.19134918565437525
    ],
    "T13": [
        0.09007944731819528,
        0.1568232444495355,
        0.2235670415808757
    ],
    "T12": [
        0.05491396615048877,
        0.14063781235694142,
        0.22636165856339407
    ],
    "T43": [
        0.0,
        0.1,
        0.21393688301366892
    ],
    "T35": [
        0.21107643186503772,
        0.2940292031866443,
        0.37698197450825083
    ],
    "T33": [
        0.022564871461006747,
        0.0938557452045513,
        0.16514661894809585
    ],
    "T30": [
        0.0,
        0.06352601440512674,
        0.1274399903081419
    ],
    "T34": [
        0.16703664514665162,
        0.25308221873976966,
        0.3391277923328877
    ],
    "T11": [
        0.08862250237328739,
        0.15215319829519128,
        0.21568389421709516
    ],
    "T21": [
        0.057244302575797934,
        0.15542795977499402,
        0.2536116169741901
    ],
    "T38": [
        0.07404924655164632,
        0.13488035701630974,
        0.19571146748097315
    ],
    "T10": [
        0.0003965070054299247,
        0.04426007937344023,
        0.08812365174145054
    ],
    "T8": [
        0.052954532730113774,
        0.14444728170719578,
        0.2359400306842778
    ],
    "T17": [
        0.08114327015170503,
        0.1712800635958319,
        0.26141685703995876
    ],
    "T24": [
        0.06424136449156509,
        0.1519793583049309,
        0.2397173521182967
    ],
    "T22": [
        0.11781793709973076,
        0.17595684800361722,
        0.23409575890750367
    ],
    "T44": [
        0.11593845719286688,
        0.18274008334780498,
        0.24954170950274307
    ],
    "T20": [
        0.14069610209664246,
        0.22967927845693387,
        0.31866245481722527
    ],
    "T16": [
        0.3425920422545321,
        0.5130929753571458,
        0.6835939084597595
    ],
    "T6": [
        0.08465466637076152,
        0.15858458255659996,
        0.2325144987424384
    ],
    "T19": [
        0.3820683301416834,
        0.44780674178430224,
        0.5135451534269211
    ],
    "T40": [
        0.03710217202061414,
        0.12229650597551063,
        0.20749083993040712
    ],
    "T45": [
        0.12363438317851849,
        0.18775250273484506,
        0.25187062229117163
    ],
    "T32": [
        0.0,
        0.02683705566543793,
        0.062437700288901984
    ],
    "T25": [
        0.0,
        0.078251022858096,
        0.16270831616947182
    ],
    "T37": [
        0.1920353255660196,
        0.2795530848744788,
        0.36707084418293795
    ],
    "T5": [
        0.1923702646422359,
        0.2706766232236626,
        0.3489829818050893
    ],
    "T15": [
        0.057484237312440234,
        0.1087243596542105,
        0.15996448199598076
    ],
    "T36": [
        0.23400017500635428,
        0.30350818005165936,
        0.37301618509696444
    ]
}