{
    "T22": [
        0.11781793709973074,
        0.1759568480036172,
        0.23409575890750364
    ],
    "T3": [
        0.15760757734522346,
        0.25065301483902247,
        0.3436984523328215
    ],
    "T37": [
        0.19203532556601965,
        0.27955308487447883,
        0.367070844182938
    ],
    "T17": [
        0.08114327015170503,
        0.1712800635958319,
        0.26141685703995876
    ],
    "T32": [
        0.0,
        0.026837055665437932,
        0.06243770028890198
    ],
    "T28": [
        0.004229691154525261,
        0.13333333333333333,
        0.2624369755121414
    ],
    "T29": [
        0.0687542284708994,
        0.11725514239016409,
        0.16575605630942877
    ],
    "T4": [
        0.12576629424020142,
        0.20352744226597352,
        0.28128859029174563
    ],
    "T35": [
        0.21107643186503766,
        0.2940292031866442,
        0.3769819745082508
    ],
    "T27": [
        0.04785048162679026,
        0.08675949769600723,
        0.1256685137652242
    ],
    "T1": [
        0.0004672517364918416,
        0.04102652480983678,
        0.08158579788318172
    ],
    "T16": [
        0.3425920422545321,
        0.5130929753571458,
        0.6835939084597595
    ],
    "T18": [
        0.05039812391625689,
        0.12625099736533285,
        0.2021038708144088
    ],
    "T45": [
        0.12363438317851849,
        0.18775250273484506,
        0.25187062229117163
    ],
    "T30": [
        0.0,
        0.06352601440512676,
        0.1274399903081419
    ],
    "T33": [
        0.022564871461006747,
        0.0938557452045513,
        0.16514661894809585
    ],
    "T5": [
        0.19237026464223583,
        0.27067662322366254,
        0.34898298180508924
    ],
    "T12": [
        0.054913966150488824,
        0.14063781235694145,
        0.22636165856339407
    ],
    "T21": [
        0.05724430257579799,
        0.15542795977499402,
        0.25361161697419005
    ],
    "T26": [
        0.0,
        0.06666666666666667,
        0.16140283998979837
    ],
    "T20": [
        0.14069610209664252,
        0.22967927845693387,
        0.3186624548172252
    ],
    "T9": [
        0.0,
        0.03022351504895358,
        0.06612837184111894
    ],
    "T39": [
        0.10141904836501464,
        0.19726976720891828,
        0.2931204860528219
    ],
    "T25": [
        0.0,
        0.078251022858096,
        0.1627083161694718
    ],
    "T42": [
        0.10760339336317848,
        0.19581096842549728,
        0.2840185434878161
    ],
    "T36": [
        0.23400017500635417,
        0.3035081800516592,
        0.3730161850969642
    ],
    "T10": [
        0.00039650700542995243,
        0.044260079373440224,
        0.0881236517414505
    ],
    "T7": [
        0.053265641330548646,
        0.12230741349246195,
        0.19134918565437525
    ],
    "T40": [
        0.03710217202061414,
        0.12229650597551062,
        0.2074908399304071
    ],
    "T43": [
        0.0,
        0.1,
        0.21393688301366892
    ],
    "T19": [
        0.3820683301416834,
        0.44780674178430224,
        0.5135451534269211
    ],
    "T31": [
        0.012311224179334501,
        0.058945865802224946,
        0.10558050742511539
    ],
    "T14": [
        0.0,
        0.05027957925255544,
        0.10915754046574314
    ],
    "T24": [
        0.06424136449156514,
        0.15197935830493092,
        0.2397173521182967
    ],
    "T34": [
        0.16703664514665167,
        0.25308221873976966,
        0.33912779233288765
    ],
    "T38": [
        0.07404924655164635,
        0.13488035701630974,
        0.19571146748097312
    ],
    "T44": [
        0.11593845719286694,
        0.182740083347805,
        0.24954170950274307
    ],
    "T8": [
        0.052954532730113746,
        0.14444728170719576,
        0.23594003068427777
    ],
    "T2": [
        0.2235657719168112,
        0.2936893819176755,
        0.36381299191853983
    ],
    "T23": [
        0.048528844728291304,
        0.103141022202326,
        0.1577531996763607
    ],
    "T41": [
        0.12258877574374477,
        0.22309290867425216,
        0.32359704160475955
    ],
    "T15": [
        0.057484237312440234,
        0.10872435965421048,
        0.15996448199598073
    ],
    "T11": [
        0.08862250237328739,
        0.15215319829519128,
        0.21568389421709516
    ],
    "T13": [
        0.09007944731819525,
        0.15682324444953546,
        0.22356704158087568
    ],
    "T6": [
        0.08465466637076158,
        0.1585845825566,
        0.2325144987424384
    ]
}