{
    "model_global_ndcg": {
        "mean": 0.20614957782942445,
        "margin": 0.04410921095185655,
        "interval": [
            0.1620403668775679,
            0.20614957782942445,
            0.250258788781281
        ]
    }
}