{
    "T1": [
        0.17146169089244034,
        0.2540353835921178,
        0.33660907629179526
    ],
    "T2": [
        0.3025641005625066,
        0.38997238290698405,
        0.4773806652514615
    ],
    "T3": [
        0.08919042820911777,
        0.16983546651045225,
        0.25048050481178674
    ],
    "T4": [
        0.0794022215463688,
        0.13874509232226404,
        0.19808796309815926
    ],
    "T5": [
        0.18886509661031797,
        0.2652290722547301,
        0.3415930478991422
    ],
    "T6": [
        0.14778210519905977,
        0.22069374504969286,
        0.29360538490032595
    ],
    "T7": [
        0.014541677481313464,
        0.04815446682586939,
        0.08176725617042531
    ],
    "T8": [
        0.12561752566685158,
        0.21004744971365147,
        0.29447737376045136
    ],
    "T9": [
        0.00610727641243905,
        0.039359170824936514,
        0.07261106523743398
    ],
    "T10": [
        0.0,
        0.012362186513076438,
        0.0299293801754118
    ],
    "T11": [
        0.3253055761553828,
        0.3851860129195069,
        0.44506644968363096
    ],
    "T12": [
        0.05163538858471084,
        0.1345120830493332,
        0.21738877751395558
    ],
    "T13": [
        0.04599540180713957,
        0.10112287202239191,
        0.15625034223764425
    ],
    "T14": [
        0.0,
        0.027541155237618666,
        0.0838691423081747
    ],
    "T15": [
        0.11949046848173189,
        0.1936124769691297,
        0.2677344854565275
    ],
    "T16": [
        0.6796210613786638,
        0.8149486372959797,
        0.9502762132132955
    ],
    "T17": [
        0.030654170495830302,
        0.09519547473408062,
        0.15973677897233093
    ],
    "T18": [
        0.055325203976249515,
        0.12493076665967866,
        0.1945363293431078
    ],
    "T19": [
        0.5338967843397312,
        0.5823720755688265,
        0.6308473667979219
    ],
    "T20": [
        0.0926437436298071,
        0.15987343075610708,
        0.22710311788240706
    ],
    "T21": [
        0.15018159431900718,
        0.27997047002919084,
        0.4097593457393745
    ],
    "T22": [
        0.2754286561818033,
        0.33555673573313977,
        0.39568481528447624
    ],
    "T23": [
        0.030276667848328748,
        0.09797767269566542,
        0.16567867754300208
    ],
    "T24": [
        0.020590705154637068,
        0.07696291214304832,
        0.13333511913145957
    ],
    "T25": [
        0.1057743975696262,
        0.2372655454824995,
        0.3687566933953728
    ],
    "T26": [
        0.076098044627466,
        0.2111770642037978,
        0.3462560837801296
    ],
    "T27": [
        0.11741718476186394,
        0.15582919414545524,
        0.19424120352904653
    ],
    "T28": [
        0.025127435798330655,
        0.16666666666666666,
        0.30820589753500266
    ],
    "T29": [
        0.10868526237371517,
        0.16816924582282144,
        0.22765322927192772
    ],
    "T30": [
        0.04768610064975515,
        0.1307916114797717,
        0.21389712230978825
    ],
    "T31": [
        0.0,
        0.02157322543436524,
        0.045364803037487224
    ],
    "T32": [
        0.0,
        0.013418527832718966,
        0.031218850144450985
    ],
    "T33": [
        0.11328173512627382,
        0.22449220871883238,
        0.33570268231139094
    ],
    "T34": [
        0.15735017176016491,
        0.24356811291147024,
        0.32978605406277556
    ],
    "T35": [
        0.22805222318804697,
        0.31657473251367085,
        0.40509724183929474
    ],
    "T36": [
        0.23453191534091844,
        0.2918615378401434,
        0.34919116033936837
    ],
    "T37": [
        0.2523261465979213,
        0.31978032476115714,
        0.387234502924393
    ],
    "T38": [
        0.0874618113019423,
        0.16058537244748003,
        0.23370893359301775
    ],
    "T39": [
        0.0892247980562329,
        0.15657313177681328,
        0.22392146549739367
    ],
    "T40": [
        0.09364353421347688,
        0.2044080806585945,
        0.31517262710371213
    ],
    "T41": [
        0.18285913873223014,
        0.266295639039781,
        0.3497321393473318
    ],
    "T42": [
        0.1702727221860013,
        0.27321785479494437,
        0.3761629874038874
    ],
    "T43": [
        0.0,
        0.07956176024115139,
        0.17663133078849547
    ],
    "T44": [
        0.1495842254605208,
        0.23702135833615665,
        0.3244584912117925
    ],
    "T45": [
        0.16434884735522554,
        0.2397026148883364,
        0.3150563824214473
    ]
}