{
    "model_global_ndcg": {
        "mean": 0.16537945382991043,
        "margin": 0.03062946702146213,
        "interval": [
            0.1347499868084483,
            0.16537945382991043,
            0.19600892085137256
        ]
    }
}