{
    "model_global_ndcg": {
        "mean": 0.17573635527636763,
        "margin": 0.04375146889337961,
        "interval": [
            0.13198488638298803,
            0.17573635527636763,
            0.21948782416974724
        ]
    }
}