{
    "T1": [
        0.04080995427324974,
        0.07470581390685767,
        0.1086016735404656
    ],
    "T2": [
        0.2961475927616667,
        0.3862635539686634,
        0.47637951517566013
    ],
    "T3": [
        0.03419860552217449,
        0.10760773422060319,
        0.18101686291903188
    ],
    "T4": [
        0.06235195931845813,
        0.10854403019566737,
        0.1547361010728766
    ],
    "T5": [
        0.1793598849812183,
        0.2544733549075491,
        0.32958682483387985
    ],
    "T6": [
        0.15022925537772552,
        0.22523454040210691,
        0.3002398254264883
    ],
    "T7": [
        0.014967439291193346,
        0.05135075006955581,
        0.08773406084791828
    ],
    "T8": [
        0.1631730353040275,
        0.2485297884200604,
        0.3338865415360933
    ],
    "T9": [
        0.021791682705171803,
        0.0661423414074271,
        0.1104930001096824
    ],
    "T10": [
        0.0,
        0.008572266534608523,
        0.021968803063952443
    ],
    "T11": [
        0.1861781059609749,
        0.259259525453266,
        0.33234094494555716
    ],
    "T12": [
        0.04618453214779969,
        0.12343554199243721,
        0.20068655183707473
    ],
    "T13": [
        0.013634927828001978,
        0.046755054430903574,
        0.07987518103380517
    ],
    "T14": [
        0.0,
        0.027541155237618666,
        0.0838691423081747
    ],
    "T15": [
        0.06488484460342403,
        0.12721503908111273,
        0.18954523355880143
    ],
    "T16": [
        0.6875471197369597,
        0.8107821939595923,
        0.9340172681822249
    ],
    "T17": [
        0.013838106398332467,
        0.08653530559153506,
        0.15923250478473766
    ],
    "T18": [
        0.02675246418956062,
        0.07944298686038995,
        0.13213350953121927
    ],
    "T19": [
        0.5260014452454396,
        0.5810535275161595,
        0.6361056097868794
    ],
    "T20": [
        0.08350046142902823,
        0.1473153755046995,
        0.21113028958037078
    ],
    "T21": [
        0.05572549272477528,
        0.16485938821568955,
        0.2739932837066038
    ],
    "T22": [
        0.12445674887476968,
        0.1693766945613207,
        0.21429664024787173
    ],
    "T23": [
        0.0349267062127154,
        0.10849928777831591,
        0.18207186934391642
    ],
    "T24": [
        0.016469986896028854,
        0.05482223333557365,
        0.09317447977511845
    ],
    "T25": [
        0.0774795335042715,
        0.20923960914603637,
        0.34099968478780124
    ],
    "T26": [
        0.03481076398272959,
        0.16872021038816168,
        0.30262965679359377
    ],
    "T27": [
        0.10080703477238767,
        0.14803488021038247,
        0.19526272564837727
    ],
    "T28": [
        0.025127435798330655,
        0.16666666666666666,
        0.30820589753500266
    ],
    "T29": [
        0.08692397441767497,
        0.16388298802209283,
        0.2408420016265107
    ],
    "T30": [
        0.05731227405812478,
        0.13570329117351124,
        0.2140943082888977
    ],
    "T31": [
        0.0,
        0.025426523131956546,
        0.056202603955222794
    ],
    "T32": [
        0.0,
        0.00805111669963138,
        0.024517499225987095
    ],
    "T33": [
        0.019110783176562562,
        0.09277134465419028,
        0.166431906131818
    ],
    "T34": [
        0.14805566571091483,
        0.240533436827993,
        0.33301120794507116
    ],
    "T35": [
        0.2060584956650282,
        0.2948097658967607,
        0.38356103612849324
    ],
    "T36": [
        0.23064287137418993,
        0.28555350898765186,
        0.3404641466011138
    ],
    "T37": [
        0.23587432490658222,
        0.30642824037398986,
        0.3769821558413975
    ],
    "T38": [
        0.07913365998298008,
        0.1429979954997058,
        0.2068623310164315
    ],
    "T39": [
        0.08114792159393622,
        0.13890303040829727,
        0.19665813922265832
    ],
    "T40": [
        0.032049791269756545,
        0.11169950693544956,
        0.19134922260114257
    ],
    "T41": [
        0.16992509646626175,
        0.2553418414572245,
        0.34075858644818724
    ],
    "T42": [
        0.13502858739932316,
        0.22297219250534636,
        0.31091579761136956
    ],
    "T43": [
        0.0,
        0.06666666666666667,
        0.16140283998979837
    ],
    "T44": [
        0.1708412082977271,
        0.26261873063251784,
        0.3543962529673086
    ],
    "T45": [
        0.07749256569966395,
        0.14279695760059732,
        0.2081013495015307
    ]
}