{
    "model_global_ndcg": {
        "mean": 0.6474264778884146,
        "margin": 0.08336472761580904,
        "interval": [
            0.5640617502726055,
            0.6474264778884146,
            0.7307912055042236
        ]
    }
}