{
    "model_global_ndcg": {
        "mean": 0.17905664654293624,
        "margin": 0.04400071769695277,
        "interval": [
            0.13505592884598347,
            0.17905664654293624,
            0.223057364239889
        ]
    }
}