{
    "T1": [
        0.11880687260060074,
        0.1963012986107967,
        0.27379572462099266
    ],
    "T2": [
        0.19387064928899778,
        0.27172770675584723,
        0.3495847642226967
    ],
    "T3": [
        0.040681914083473075,
        0.11856153180315972,
        0.19644114952284636
    ],
    "T4": [
        0.04369322461747871,
        0.09614888236291036,
        0.148604540108342
    ],
    "T5": [
        0.10316750937384317,
        0.16141607492121163,
        0.21966464046858009
    ],
    "T6": [
        0.09346616271474603,
        0.16853968025318591,
        0.2436131977916258
    ],
    "T7": [
        0.005658620928929603,
        0.03436288810819748,
        0.06306715528746536
    ],
    "T8": [
        0.1661471368688846,
        0.2725795539707438,
        0.379011971072603
    ],
    "T9": [
        0.01748944840165681,
        0.07039625652513089,
        0.12330306464860497
    ],
    "T10": [
        0.0,
        0.0,
        0.0
    ],
    "T11": [
        0.13770630947921536,
        0.20973177579239968,
        0.281757242105584
    ],
    "T12": [
        0.04018985989820467,
        0.1244311541476451,
        0.20867244839708554
    ],
    "T13": [
        0.0207473216644964,
        0.06475803402965502,
        0.10876874639481364
    ],
    "T14": [
        0.0,
        0.027541155237618666,
        0.0838691423081747
    ],
    "T15": [
        0.06242646366280172,
        0.1283550531891667,
        0.1942836427155317
    ],
    "T16": [
        0.660537608593407,
        0.7941155272929256,
        0.9276934459924441
    ],
    "T17": [
        0.04021432960632332,
        0.1237317807974463,
        0.2072492319885693
    ],
    "T18": [
        0.015696834355173994,
        0.0678307117418729,
        0.1199645891285718
    ],
    "T19": [
        0.509821183395295,
        0.5648392757854349,
        0.6198573681755748
    ],
    "T20": [
        0.053798394922164844,
        0.10919372747851012,
        0.1645890600348554
    ],
    "T21": [
        0.13756126569932614,
        0.26287551180202195,
        0.38818975790471777
    ],
    "T22": [
        0.15241046622845728,
        0.1770223917965807,
        0.2016343173647041
    ],
    "T23": [
        0.03514530036409114,
        0.10928301287145262,
        0.1834207253788141
    ],
    "T24": [
        0.0494368033741443,
        0.12594340921877623,
        0.20245001506340815
    ],
    "T25": [
        0.076331294758479,
        0.21016462095047467,
        0.34399794714247034
    ],
    "T26": [
        0.01602159834663902,
        0.13769765845238194,
        0.25937371855812485
    ],
    "T27": [
        0.04939550574996143,
        0.07774214653178423,
        0.10608878731360702
    ],
    "T28": [
        0.025127435798330655,
        0.16666666666666666,
        0.30820589753500266
    ],
    "T29": [
        0.11045605031631983,
        0.19107432559785617,
        0.2716926008793925
    ],
    "T30": [
        0.03481998049697055,
        0.1167724572414616,
        0.19872493398595265
    ],
    "T31": [
        0.024731590011874915,
        0.0542049764172691,
        0.08367836282266329
    ],
    "T32": [
        0.0,
        0.004623236305125945,
        0.011193052043869042
    ],
    "T33": [
        0.05004622094717617,
        0.14283170273864318,
        0.23561718453011019
    ],
    "T34": [
        0.04389399598487123,
        0.07916330497883908,
        0.11443261397280693
    ],
    "T35": [
        0.2836237828025864,
        0.38233483998838336,
        0.48104589717418034
    ],
    "T36": [
        0.26184644677776386,
        0.3349681153515861,
        0.40808978392540834
    ],
    "T37": [
        0.28372557935144094,
        0.3592151870078789,
        0.4347047946643169
    ],
    "T38": [
        0.10270239613505999,
        0.1654808657753131,
        0.2282593354155662
    ],
    "T39": [
        0.07938316964412107,
        0.12415294825412711,
        0.16892272686413315
    ],
    "T40": [
        0.05478206343899272,
        0.1579476250417704,
        0.2611131866445481
    ],
    "T41": [
        0.2897300808295826,
        0.38464359296316464,
        0.47955710509674665
    ],
    "T42": [
        0.22340065048815722,
        0.3115464543371261,
        0.39969225818609494
    ],
    "T43": [
        0.000383451266605217,
        0.10872865023809716,
        0.2170738492095891
    ],
    "T44": [
        0.08690453116472402,
        0.15310156641522735,
        0.21929860166573067
    ],
    "T45": [
        0.047966077470487145,
        0.114801758686265,
        0.18163743990204287
    ]
}