{
    "model_global_ndcg": {
        "mean": 0.5651189931123655,
        "margin": 0.09692876675694295,
        "interval": [
            0.4681902263554225,
            0.5651189931123655,
            0.6620477598693084
        ]
    }
}