{
    "model_global_ndcg": {
        "mean": 0.126503262525051,
        "margin": 0.0346400374023107,
        "interval": [
            0.09186322512274031,
            0.126503262525051,
            0.1611432999273617
        ]
    }
}