{
    "model_global_ndcg": {
        "mean": 0.19826426403620118,
        "margin": 0.0431145805992961,
        "interval": [
            0.15514968343690508,
            0.19826426403620118,
            0.24137884463549727
        ]
    }
}