{
    "T1": [
        0.1821561556463538,
        0.26408392747243187,
        0.34601169929850994
    ],
    "T2": [
        0.2902444623858262,
        0.3808659002114901,
        0.471487338037154
    ],
    "T3": [
        0.08725977089659698,
        0.16475622827183226,
        0.24225268564706753
    ],
    "T4": [
        0.06963242757630533,
        0.13170364382697308,
        0.19377486007764083
    ],
    "T5": [
        0.19637448529646434,
        0.27166556588452984,
        0.34695664647259533
    ],
    "T6": [
        0.14207037558672414,
        0.21456712492684638,
        0.2870638742669686
    ],
    "T7": [
        0.016101691735372264,
        0.05354164416255274,
        0.09098159658973322
    ],
    "T8": [
        0.10890352122106128,
        0.18645711128996548,
        0.26401070135886967
    ],
    "T9": [
        0.01566624605340676,
        0.053766791419162116,
        0.09186733678491747
    ],
    "T10": [
        0.0,
        0.012362186513076438,
        0.0299293801754118
    ],
    "T11": [
        0.32538739766340835,
        0.3824266400121007,
        0.43946588236079304
    ],
    "T12": [
        0.052064184681317016,
        0.11350122253000301,
        0.174938260378689
    ],
    "T13": [
        0.045156603129800466,
        0.10125883690539951,
        0.15736107068099855
    ],
    "T14": [
        0.0,
        0.027541155237618666,
        0.0838691423081747
    ],
    "T15": [
        0.11949046848173189,
        0.1936124769691297,
        0.2677344854565275
    ],
    "T16": [
        0.6796210613786638,
        0.8149486372959797,
        0.9502762132132955
    ],
    "T17": [
        0.026797686625915085,
        0.08301307872631816,
        0.13922847082672124
    ],
    "T18": [
        0.051531321358289695,
        0.12080339815249388,
        0.19007547494669808
    ],
    "T19": [
        0.48087305933880264,
        0.5335986689720067,
        0.5863242786052107
    ],
    "T20": [
        0.08860813711419296,
        0.15395951897050125,
        0.21931090082680954
    ],
    "T21": [
        0.15018159431900718,
        0.27997047002919084,
        0.4097593457393745
    ],
    "T22": [
        0.25295359327794426,
        0.3102710347176501,
        0.36758847615735596
    ],
    "T23": [
        0.030276667848328748,
        0.09797767269566542,
        0.16567867754300208
    ],
    "T24": [
        0.023536296110128224,
        0.07964661770959211,
        0.135756939309056
    ],
    "T25": [
        0.07734004291713853,
        0.17611432299280255,
        0.2748886030684666
    ],
    "T26": [
        0.059187725676733305,
        0.18597962908169496,
        0.3127715324866566
    ],
    "T27": [
        0.11235779185838579,
        0.14774560547808682,
        0.18313341909778785
    ],
    "T28": [
        0.02128934786228226,
        0.1543643251190486,
        0.28743930237581494
    ],
    "T29": [
        0.09944527394831276,
        0.16029320544304143,
        0.2211411369377701
    ],
    "T30": [
        0.04768610064975515,
        0.1307916114797717,
        0.21389712230978825
    ],
    "T31": [
        0.0,
        0.02157322543436524,
        0.045364803037487224
    ],
    "T32": [
        0.0,
        0.016804987216234617,
        0.03715307496833892
    ],
    "T33": [
        0.0976746482204478,
        0.1996657059513181,
        0.3016567636821884
    ],
    "T34": [
        0.15565409395403962,
        0.24171657018144124,
        0.32777904640884287
    ],
    "T35": [
        0.21545087301247318,
        0.3041629240592817,
        0.3928749751060902
    ],
    "T36": [
        0.22713671872187163,
        0.2819705201634767,
        0.3368043216050817
    ],
    "T37": [
        0.24974733052573045,
        0.3147549807474305,
        0.3797626309691306
    ],
    "T38": [
        0.06931825757400156,
        0.13586512000855488,
        0.2024119824431082
    ],
    "T39": [
        0.0784642882737758,
        0.1441346100086386,
        0.20980493174350137
    ],
    "T40": [
        0.0882949681668258,
        0.18711375257258833,
        0.28593253697835086
    ],
    "T41": [
        0.1808113690583562,
        0.26424755410796474,
        0.3476837391575733
    ],
    "T42": [
        0.176704151534802,
        0.2828090859111245,
        0.38891402028744704
    ],
    "T43": [
        0.0,
        0.08102255193577976,
        0.17880252436827854
    ],
    "T44": [
        0.1563459976915788,
        0.2441885264345252,
        0.3320310551774716
    ],
    "T45": [
        0.15643194605255367,
        0.22027351439937398,
        0.2841150827461943
    ]
}