{
    "model_global_ndcg": {
        "mean": 0.11701434644281,
        "margin": 0.03213556427699299,
        "interval": [
            0.08487878216581701,
            0.11701434644281,
            0.149149910719803
        ]
    }
}