{
    "T1": [
        0.08982292334975828,
        0.14531357569665307,
        0.20080422804354786
    ],
    "T2": [
        0.17848679638849507,
        0.24398489755064676,
        0.30948299871279844
    ],
    "T3": [
        7.964590120035364e-05,
        0.07243989383522971,
        0.14480014176925907
    ],
    "T4": [
        0.027248740029791343,
        0.06840801531886684,
        0.10956729060794233
    ],
    "T5": [
        0.06709908101124815,
        0.12966292554082448,
        0.19222677007040082
    ],
    "T6": [
        0.010235124769859022,
        0.02633570644946371,
        0.0424362881290684
    ],
    "T7": [
        0.0,
        0.0287083272102693,
        0.05827600116423061
    ],
    "T8": [
        0.03320050045592876,
        0.09199764294046811,
        0.15079478542500746
    ],
    "T9": [
        0.0,
        0.05041496164870384,
        0.1138200048864122
    ],
    "T10": [
        0.0,
        0.0,
        0.0
    ],
    "T11": [
        0.04033502175505424,
        0.11395091996710106,
        0.1875668181791479
    ],
    "T12": [
        0.05664794715999458,
        0.13581208209036405,
        0.21497621702073352
    ],
    "T13": [
        0.017077489579362976,
        0.052106513716682804,
        0.08713553785400263
    ],
    "T14": [
        0.0,
        0.027541155237618666,
        0.0838691423081747
    ],
    "T15": [
        0.010843166996029274,
        0.0549139635237508,
        0.09898476005147233
    ],
    "T16": [
        0.21693123315132523,
        0.3818131857453075,
        0.5466951383392897
    ],
    "T17": [
        0.0,
        0.03506182703377677,
        0.07253189096168158
    ],
    "T18": [
        0.01767601696256338,
        0.07347243159433901,
        0.12926884622611465
    ],
    "T19": [
        0.46576710474961835,
        0.5285659606931057,
        0.591364816636593
    ],
    "T20": [
        0.030634123179258788,
        0.07875573193559057,
        0.12687734069192236
    ],
    "T21": [
        0.14674673484062517,
        0.2836701894003709,
        0.42059364396011667
    ],
    "T22": [
        0.13479952166940476,
        0.16343039940506537,
        0.192061277140726
    ],
    "T23": [
        0.007992500386698353,
        0.06365957637008693,
        0.1193266523534755
    ],
    "T24": [
        0.022077322003295236,
        0.06344602792427459,
        0.10481473384525394
    ],
    "T25": [
        0.017589997031483395,
        0.12754115523761866,
        0.23749231344375393
    ],
    "T26": [
        0.0,
        0.1,
        0.21393688301366892
    ],
    "T27": [
        0.04888204627264757,
        0.07584123826515765,
        0.10280043025766773
    ],
    "T28": [
        0.025127435798330655,
        0.16666666666666666,
        0.30820589753500266
    ],
    "T29": [
        0.08997680473853398,
        0.17157811911553156,
        0.25317943349252914
    ],
    "T30": [
        0.0,
        0.013472207219479612,
        0.0298533338071477
    ],
    "T31": [
        0.0,
        0.0,
        0.0
    ],
    "T32": [
        0.0,
        0.0,
        0.0
    ],
    "T33": [
        0.03170286901249203,
        0.0988227377387687,
        0.16594260646504538
    ],
    "T34": [
        0.013649622913165668,
        0.03650748622609877,
        0.05936534953903187
    ],
    "T35": [
        0.21192930596873105,
        0.298291041799316,
        0.3846527776299009
    ],
    "T36": [
        0.20053442914467873,
        0.2572754264091749,
        0.31401642367367105
    ],
    "T37": [
        0.136769238212889,
        0.2055612532689204,
        0.2743532683249518
    ],
    "T38": [
        0.007113223772880525,
        0.03898600342122693,
        0.07085878306957333
    ],
    "T39": [
        0.04842048062514903,
        0.09759602888777688,
        0.14677157715040473
    ],
    "T40": [
        0.0456220425898404,
        0.1370865595392293,
        0.2285510764886182
    ],
    "T41": [
        0.14717666912762695,
        0.2401994209558302,
        0.33322217278403343
    ],
    "T42": [
        0.03418722389668574,
        0.08640546073105769,
        0.13862369756542964
    ],
    "T43": [
        0.0,
        0.06666666666666667,
        0.16140283998979837
    ],
    "T44": [
        0.04562608857936071,
        0.09985343120502303,
        0.15408077383068536
    ],
    "T45": [
        0.002980948958653279,
        0.033828775744345486,
        0.0646766025300377
    ]
}