{
    "model_global_ndcg": {
        "mean": 0.17253077438773093,
        "margin": 0.03963606011826215,
        "interval": [
            0.13289471426946878,
            0.17253077438773093,
            0.21216683450599308
        ]
    }
}