{
    "T1": [
        0.07700724329865083,
        0.12847119717300878,
        0.17993515104736674
    ],
    "T2": [
        0.3012302180397237,
        0.3983797586707691,
        0.49552929930181444
    ],
    "T3": [
        0.04767524993246888,
        0.12923716346970085,
        0.21079907700693282
    ],
    "T4": [
        0.037735828066728816,
        0.07930048554669972,
        0.12086514302667062
    ],
    "T5": [
        0.14669053108993813,
        0.2028933022689308,
        0.25909607344792346
    ],
    "T6": [
        0.12448758151901546,
        0.20249489043545316,
        0.28050219935189086
    ],
    "T7": [
        0.010006801940852766,
        0.04314228742172511,
        0.07627777290259745
    ],
    "T8": [
        0.13504798706037863,
        0.2344520984942539,
        0.3338562099281292
    ],
    "T9": [
        0.0031786566139602596,
        0.03389921982447048,
        0.0646197830349807
    ],
    "T10": [
        0.0,
        0.019352568786495404,
        0.042785360661268194
    ],
    "T11": [
        0.09425306104398223,
        0.16888391767299557,
        0.2435147743020089
    ],
    "T12": [
        0.06518544476638266,
        0.1494264016914931,
        0.23366735861660354
    ],
    "T13": [
        0.02327618198662021,
        0.07575485937333769,
        0.12823353676005517
    ],
    "T14": [
        0.0,
        0.027541155237618666,
        0.0838691423081747
    ],
    "T15": [
        0.07374890226067438,
        0.13087979459545865,
        0.18801068693024292
    ],
    "T16": [
        0.5455228435907312,
        0.7049570771459152,
        0.8643913107010991
    ],
    "T17": [
        0.034282969284330694,
        0.10627217726891934,
        0.178261385253508
    ],
    "T18": [
        0.015011332968935781,
        0.06881375106277937,
        0.12261616915662296
    ],
    "T19": [
        0.5106219048413249,
        0.5664643965090496,
        0.6223068881767743
    ],
    "T20": [
        0.0651067807786454,
        0.13297182282806747,
        0.20083686487748953
    ],
    "T21": [
        0.07191201273621706,
        0.18559179468104808,
        0.2992715766258791
    ],
    "T22": [
        0.15464862651389644,
        0.18059020590491537,
        0.2065317852959343
    ],
    "T23": [
        0.02889195683300036,
        0.10009336661279526,
        0.17129477639259016
    ],
    "T24": [
        0.03082504162801064,
        0.08549983591465257,
        0.1401746302012945
    ],
    "T25": [
        0.0698446285406476,
        0.20196847174253688,
        0.33409231494442615
    ],
    "T26": [
        0.025127435798330655,
        0.16666666666666666,
        0.30820589753500266
    ],
    "T27": [
        0.10167625033860136,
        0.14877061380890802,
        0.19586497727921467
    ],
    "T28": [
        0.025127435798330655,
        0.16666666666666666,
        0.30820589753500266
    ],
    "T29": [
        0.06929254241794403,
        0.137666967805667,
        0.20604139319339
    ],
    "T30": [
        0.08295712411507755,
        0.17842347743609316,
        0.27388983075710877
    ],
    "T31": [
        0.0,
        0.02824451713538469,
        0.05904851317593497
    ],
    "T32": [
        0.0,
        0.008912899759794387,
        0.02261017036802791
    ],
    "T33": [
        0.08315352475764343,
        0.17206886620834405,
        0.2609842076590447
    ],
    "T34": [
        0.1426112502613458,
        0.23101933099969357,
        0.31942741173804134
    ],
    "T35": [
        0.20160626431097017,
        0.29318326121794364,
        0.3847602581249171
    ],
    "T36": [
        0.24054126435979384,
        0.3103441052277935,
        0.38014694609579314
    ],
    "T37": [
        0.24109615718843203,
        0.3153619787670699,
        0.38962780034570776
    ],
    "T38": [
        0.04686081195650896,
        0.10957741738335634,
        0.17229402281020373
    ],
    "T39": [
        0.0447837412820446,
        0.09236942045627153,
        0.13995509963049846
    ],
    "T40": [
        0.03783829133683861,
        0.13465869248858706,
        0.2314790936403355
    ],
    "T41": [
        0.12707568648637557,
        0.2031042118075463,
        0.279132737128717
    ],
    "T42": [
        0.17509901535713185,
        0.26030883399144183,
        0.3455186526257518
    ],
    "T43": [
        0.0,
        0.1,
        0.20284751258972894
    ],
    "T44": [
        0.12353594466286588,
        0.21136415146475074,
        0.2991923582666356
    ],
    "T45": [
        0.07271377776986221,
        0.1378407678228243,
        0.20296775787578641
    ]
}