{
    "model_global_ndcg": {
        "mean": 0.05830991642980747,
        "margin": 0.029688912008349916,
        "interval": [
            0.028621004421457555,
            0.05830991642980747,
            0.08799882843815739
        ]
    }
}