{
    "T1": [
        0.3186293541183933,
        0.39005496554692887,
        0.4614805769754644
    ],
    "T2": [
        0.0,
        0.0032459633298379206,
        0.007858615499078745
    ],
    "T3": [
        0.012491796925214183,
        0.054035811779179564,
        0.09557982663314495
    ],
    "T4": [
        0.01630823221318732,
        0.06783204105472322,
        0.11935584989625912
    ],
    "T5": [
        0.04028737105285525,
        0.0705778845651473,
        0.10086839807743934
    ],
    "T6": [
        0.0,
        0.0,
        0.0
    ],
    "T7": [
        0.0,
        0.053486013180406244,
        0.11048868178386242
    ],
    "T8": [
        0.0,
        0.0,
        0.0
    ],
    "T9": [
        0.0,
        0.0,
        0.0
    ],
    "T10": [
        0.0,
        0.0,
        0.0
    ],
    "T11": [
        0.2813997533603194,
        0.3157191127061748,
        0.3500384720520302
    ],
    "T12": [
        0.022203830668496252,
        0.03932011684867329,
        0.05643640302885032
    ],
    "T13": [
        0.016946116566029026,
        0.054711525670823956,
        0.09247693477561889
    ],
    "T14": [
        0.0,
        0.0,
        0.0
    ],
    "T15": [
        0.0,
        0.0,
        0.0
    ],
    "T16": [
        0.0,
        0.0,
        0.0
    ],
    "T17": [
        0.0,
        0.0,
        0.0
    ],
    "T18": [
        0.0,
        0.0,
        0.0
    ],
    "T19": [
        0.34151299987930783,
        0.37550704607961644,
        0.40950109227992504
    ],
    "T20": [
        0.023084068730195778,
        0.07658789821079309,
        0.1300917276913904
    ],
    "T21": [
        0.0,
        0.0,
        0.0
    ],
    "T22": [
        0.0,
        0.0,
        0.0
    ],
    "T23": [
        0.0,
        0.02133151284742553,
        0.0479484903997673
    ],
    "T24": [
        0.0,
        0.0,
        0.0
    ],
    "T25": [
        0.0,
        0.0,
        0.0
    ],
    "T26": [
        0.07920767431967762,
        0.2087286502380972,
        0.33824962615651677
    ],
    "T27": [
        0.06108060975406103,
        0.08745965089858766,
        0.1138386920431143
    ],
    "T28": [
        0.02765269181332819,
        0.13181318574530743,
        0.23597367967728666
    ],
    "T29": [
        0.1232006765541446,
        0.17815291358457339,
        0.23310515061500217
    ],
    "T30": [
        0.0,
        0.0,
        0.0
    ],
    "T31": [
        0.0,
        0.0,
        0.0
    ],
    "T32": [
        0.0,
        0.0,
        0.0
    ],
    "T33": [
        0.10738189801147285,
        0.20745028447349365,
        0.30751867093551444
    ],
    "T34": [
        0.003881147705523849,
        0.015235651955913527,
        0.026590156206303204
    ],
    "T35": [
        0.0,
        0.0,
        0.0
    ],
    "T36": [
        0.0,
        0.0,
        0.0
    ],
    "T37": [
        0.06038827963806094,
        0.0892045129901773,
        0.11802074634229366
    ],
    "T38": [
        0.016308232213187335,
        0.06783204105472324,
        0.11935584989625914
    ],
    "T39": [
        0.0,
        0.0,
        0.0
    ],
    "T40": [
        0.034217519169755004,
        0.07943181790080782,
        0.12464611663186063
    ],
    "T41": [
        0.0,
        0.0,
        0.0
    ],
    "T42": [
        0.0,
        0.0,
        0.0
    ],
    "T43": [
        0.0,
        0.0,
        0.0
    ],
    "T44": [
        0.0,
        0.0023116181525629723,
        0.0070394081194768
    ],
    "T45": [
        0.0,
        0.03391602052736161,
        0.07255887715851353
    ]
}