{
    "model_global_ndcg": {
        "mean": 0.12896707425097503,
        "margin": 0.034792591076298285,
        "interval": [
            0.09417448317467675,
            0.12896707425097503,
            0.16375966532727332
        ]
    }
}