{
    "model_global_ndcg": {
        "mean": 0.15628430559128131,
        "margin": 0.03052984228521552,
        "interval": [
            0.1257544633060658,
            0.15628430559128131,
            0.18681414787649683
        ]
    }
}