{
    "T1": [
        0.09378722768737335,
        0.15994268344083007,
        0.22609813919428678
    ],
    "T2": [
        0.19870999240087434,
        0.26644599280612713,
        0.3341819932113799
    ],
    "T3": [
        0.1319572058851068,
        0.22815276291933986,
        0.32434831995357294
    ],
    "T4": [
        0.12042653171140316,
        0.18126524839512748,
        0.2421039650788518
    ],
    "T5": [
        0.15428105066605158,
        0.23261935866469913,
        0.3109576666633467
    ],
    "T6": [
        0.07952176137625994,
        0.1440280722843463,
        0.20853438319243267
    ],
    "T7": [
        0.016482460678456004,
        0.04756771176643227,
        0.07865296285440854
    ],
    "T8": [
        0.038658729320977525,
        0.10890120749679472,
        0.1791436856726119
    ],
    "T9": [
        0.024162481388873946,
        0.07294697971630594,
        0.12173147804373793
    ],
    "T10": [
        0.0,
        0.0,
        0.0
    ],
    "T11": [
        0.1570404302535225,
        0.2346591879602124,
        0.3122779456669023
    ],
    "T12": [
        0.049054283854236824,
        0.12577118984363478,
        0.20248809583303273
    ],
    "T13": [
        0.04005349715096054,
        0.09241846766933648,
        0.14478343818771242
    ],
    "T14": [
        0.0,
        0.00918038507920622,
        0.027956380769391564
    ],
    "T15": [
        0.047120480437244844,
        0.10648825079672948,
        0.16585602115621412
    ],
    "T16": [
        0.3770220221970273,
        0.5564178688405437,
        0.73581371548406
    ],
    "T17": [
        0.07901908569566946,
        0.16865470539954727,
        0.2582903251034251
    ],
    "T18": [
        0.1188469235697372,
        0.20699988556729954,
        0.2951528475648619
    ],
    "T19": [
        0.2381624279624141,
        0.31447137038526424,
        0.39078031280811437
    ],
    "T20": [
        0.12271022177959795,
        0.198292208364558,
        0.27387419494951804
    ],
    "T21": [
        0.06272545019205886,
        0.15456285397007655,
        0.24640025774809424
    ],
    "T22": [
        0.15091789431871905,
        0.2198018520865082,
        0.28868580985429737
    ],
    "T23": [
        0.014395183217982915,
        0.07079245186123785,
        0.1271897205044928
    ],
    "T24": [
        0.009695148637969664,
        0.06076508858428946,
        0.11183502853060925
    ],
    "T25": [
        0.006271122071130175,
        0.1045901925396031,
        0.20290926300807602
    ],
    "T26": [
        0.0,
        0.1,
        0.21393688301366892
    ],
    "T27": [
        0.11420859772584313,
        0.1612404135777744,
        0.2082722294297057
    ],
    "T28": [
        0.0,
        0.054364325119048575,
        0.13370939377573202
    ],
    "T29": [
        0.05576959423279487,
        0.1131693339326601,
        0.17056907363252533
    ],
    "T30": [
        0.010722257305577257,
        0.06440797079078178,
        0.11809368427598631
    ],
    "T31": [
        0.027484011559113786,
        0.06596830968878045,
        0.10445260781844712
    ],
    "T32": [
        0.017038113870139232,
        0.0731213831026645,
        0.12920465233518977
    ],
    "T33": [
        0.04783783935999378,
        0.1350103906382639,
        0.222182941916534
    ],
    "T34": [
        0.1615336627059505,
        0.23759755764541923,
        0.313661452584888
    ],
    "T35": [
        0.13831312468348084,
        0.22887450528701067,
        0.3194358858905405
    ],
    "T36": [
        0.2461834027348575,
        0.3304666827018123,
        0.41474996266876707
    ],
    "T37": [
        0.16197038157945748,
        0.22931513115319266,
        0.29665988072692784
    ],
    "T38": [
        0.07202806061862707,
        0.14777969571144658,
        0.2235313308042661
    ],
    "T39": [
        0.004794087930277524,
        0.06344171043906859,
        0.12208933294785965
    ],
    "T40": [
        0.04373849537566832,
        0.13071115654149282,
        0.21768381770731732
    ],
    "T41": [
        0.1959128522088021,
        0.3158279284059036,
        0.43574300460300514
    ],
    "T42": [
        0.11532290118648897,
        0.19569025225659148,
        0.276057603326694
    ],
    "T43": [
        0.0,
        0.042061983571430504,
        0.10183385406049689
    ],
    "T44": [
        0.07934476354848574,
        0.14254794255708653,
        0.2057511215656873
    ],
    "T45": [
        0.07268968030300105,
        0.135461102049181,
        0.19823252379536094
    ]
}