{
    "model_global_ndcg": {
        "mean": 0.19157334019250108,
        "margin": 0.04197655229918476,
        "interval": [
            0.14959678789331632,
            0.19157334019250108,
            0.23354989249168584
        ]
    }
}