{
    "T1": [
        0.23225696858009837,
        0.30913945115636837,
        0.3860219337326384
    ],
    "T2": [
        0.3541197193751225,
        0.4267607840044217,
        0.4994018486337209
    ],
    "T3": [
        0.04216179332212422,
        0.12033145081896057,
        0.19850110831579693
    ],
    "T4": [
        0.07966801676137256,
        0.13940344469614843,
        0.1991388726309243
    ],
    "T5": [
        0.17836210445344897,
        0.24136139616592214,
        0.3043606878783953
    ],
    "T6": [
        0.14913132115645267,
        0.22532510522666596,
        0.30151888929687926
    ],
    "T7": [
        0.004762201744357222,
        0.03793052623922397,
        0.07109885073409072
    ],
    "T8": [
        0.10903673792260449,
        0.18378078462202907,
        0.25852483132145365
    ],
    "T9": [
        0.004187223559532424,
        0.037988433024957975,
        0.07178964249038353
    ],
    "T10": [
        0.0,
        0.012362186513076438,
        0.0299293801754118
    ],
    "T11": [
        0.2597289933660739,
        0.3363138829295019,
        0.41289877249292983
    ],
    "T12": [
        0.05087282197284948,
        0.1338127096991344,
        0.2167525974254193
    ],
    "T13": [
        0.028014693377974423,
        0.07313418405196206,
        0.1182536747259497
    ],
    "T14": [
        0.0,
        0.027541155237618666,
        0.0838691423081747
    ],
    "T15": [
        0.11232649976935494,
        0.1766094860296862,
        0.24089247229001748
    ],
    "T16": [
        0.6025328469058089,
        0.7326038195548351,
        0.8626747922038613
    ],
    "T17": [
        0.013764710625692234,
        0.07476273823991825,
        0.13576076585414426
    ],
    "T18": [
        0.03051188982306821,
        0.09082784759177877,
        0.15114380536048933
    ],
    "T19": [
        0.5149715251099678,
        0.5709698862931619,
        0.626968247476356
    ],
    "T20": [
        0.08372631252375795,
        0.15549525839662576,
        0.22726420426949356
    ],
    "T21": [
        0.14890344506288322,
        0.2828050835954535,
        0.41670672212802373
    ],
    "T22": [
        0.152813275203239,
        0.1767551842126441,
        0.2006970932220492
    ],
    "T23": [
        0.035025626825826744,
        0.10829824987920746,
        0.18157087293258817
    ],
    "T24": [
        0.07930230615023476,
        0.14667595801039968,
        0.2140496098705646
    ],
    "T25": [
        0.07618998311720454,
        0.20245822401021726,
        0.32872646490323
    ],
    "T26": [
        0.0732983316376915,
        0.2187202103881617,
        0.3641420891386319
    ],
    "T27": [
        0.11768267641355484,
        0.15533965430337235,
        0.19299663219318985
    ],
    "T28": [
        0.025127435798330655,
        0.16666666666666666,
        0.30820589753500266
    ],
    "T29": [
        0.082855761279439,
        0.14838280940877185,
        0.2139098575381047
    ],
    "T30": [
        0.05819747845657047,
        0.1468696992905019,
        0.2355419201244333
    ],
    "T31": [
        0.0,
        0.025508731985352757,
        0.0555875653653896
    ],
    "T32": [
        0.0,
        0.0,
        0.0
    ],
    "T33": [
        0.10738189801147285,
        0.20745028447349365,
        0.30751867093551444
    ],
    "T34": [
        0.14549197536559827,
        0.22265744111325753,
        0.2998229068609168
    ],
    "T35": [
        0.22061471422894163,
        0.3142002337304298,
        0.407785753231918
    ],
    "T36": [
        0.2407329486191842,
        0.30444846334788916,
        0.3681639780765941
    ],
    "T37": [
        0.2527898142724241,
        0.3368053476578742,
        0.42082088104332427
    ],
    "T38": [
        0.04307370348247683,
        0.10908197497234419,
        0.17509024646221155
    ],
    "T39": [
        0.05661917813188787,
        0.08859572772709123,
        0.1205722773222946
    ],
    "T40": [
        0.05285229656929663,
        0.15077410520755946,
        0.2486959138458223
    ],
    "T41": [
        0.15465713170219442,
        0.2343531352865246,
        0.3140491388708548
    ],
    "T42": [
        0.18749109556395532,
        0.2689929175144983,
        0.3504947394650412
    ],
    "T43": [
        0.02412625945339364,
        0.14306765580733932,
        0.262009052161285
    ],
    "T44": [
        0.13131606028770582,
        0.22067116033497464,
        0.31002626038224346
    ],
    "T45": [
        0.0715467139587842,
        0.13476685924652554,
        0.19798700453426687
    ]
}