{
    "model_global_ndcg": {
        "mean": 0.20111414792723872,
        "margin": 0.04462894566074699,
        "interval": [
            0.15648520226649174,
            0.20111414792723872,
            0.2457430935879857
        ]
    }
}