{
    "T1": [
        0.18454829149254692,
        0.2537186078715383,
        0.32288892425052973
    ],
    "T2": [
        0.2944839573280481,
        0.38326122935236795,
        0.4720385013766878
    ],
    "T3": [
        0.03144413483375591,
        0.1086921347709642,
        0.1859401347081725
    ],
    "T4": [
        0.08157037643432746,
        0.1398185521515679,
        0.19806672786880836
    ],
    "T5": [
        0.20573802877133912,
        0.2673367047251454,
        0.3289353806789517
    ],
    "T6": [
        0.15066079069282412,
        0.22563723181909107,
        0.300613672945358
    ],
    "T7": [
        0.01649629900495246,
        0.054008614049954155,
        0.09152092909495585
    ],
    "T8": [
        0.15088285462667395,
        0.23424196670321795,
        0.31760107877976196
    ],
    "T9": [
        0.009976982918798602,
        0.04431307353305349,
        0.07864916414730838
    ],
    "T10": [
        0.0,
        0.012362186513076438,
        0.0299293801754118
    ],
    "T11": [
        0.33145104729628116,
        0.39211785051154935,
        0.45278465372681753
    ],
    "T12": [
        0.05078490872773933,
        0.13370279403245247,
        0.2166206793371656
    ],
    "T13": [
        0.06462442001250876,
        0.12065273397024408,
        0.1766810479279794
    ],
    "T14": [
        0.0,
        0.027541155237618666,
        0.0838691423081747
    ],
    "T15": [
        0.11575195952709427,
        0.18510618937879755,
        0.25446041923050083
    ],
    "T16": [
        0.6827985428648748,
        0.8172594186935332,
        0.9517202945221916
    ],
    "T17": [
        0.023180317157776298,
        0.08720931882751098,
        0.15123832049724567
    ],
    "T18": [
        0.05392923132361088,
        0.123114900255399,
        0.19230056918718713
    ],
    "T19": [
        0.5559174374621163,
        0.6069684353792402,
        0.658019433296364
    ],
    "T20": [
        0.08874528517803743,
        0.15479877808650513,
        0.22085227099497284
    ],
    "T21": [
        0.15018159431900718,
        0.27997047002919084,
        0.4097593457393745
    ],
    "T22": [
        0.1728378706936518,
        0.20308484984988484,
        0.23333182900611787
    ],
    "T23": [
        0.02997916192291361,
        0.10235117527941015,
        0.1747231886359067
    ],
    "T24": [
        0.029594783001840153,
        0.08587581190284271,
        0.14215684080384527
    ],
    "T25": [
        0.07771496296741287,
        0.20923463797720038,
        0.3407543129869879
    ],
    "T26": [
        0.05915032525256153,
        0.19304960584250275,
        0.32694888643244396
    ],
    "T27": [
        0.11987244246526438,
        0.1620526857983547,
        0.204232929131445
    ],
    "T28": [
        0.025127435798330655,
        0.16666666666666666,
        0.30820589753500266
    ],
    "T29": [
        0.12069485357987042,
        0.1980629753175246,
        0.27543109705517876
    ],
    "T30": [
        0.05751505323707254,
        0.14089576689438138,
        0.22427648055169022
    ],
    "T31": [
        0.0016927472668890609,
        0.02567314969214518,
        0.0496535521174013
    ],
    "T32": [
        0.0,
        0.00805111669963138,
        0.024517499225987095
    ],
    "T33": [
        0.08892331324970826,
        0.18230929086742526,
        0.27569526848514225
    ],
    "T34": [
        0.15848382663336547,
        0.24513735275556128,
        0.3317908788777571
    ],
    "T35": [
        0.24760278350747844,
        0.34106724908310243,
        0.4345317146587264
    ],
    "T36": [
        0.28056486069594583,
        0.334921959781501,
        0.3892790588670562
    ],
    "T37": [
        0.2653727656183621,
        0.3446143703161745,
        0.42385597501398686
    ],
    "T38": [
        0.08100910808570724,
        0.14696942228523366,
        0.21292973648476007
    ],
    "T39": [
        0.0892247980562329,
        0.15657313177681328,
        0.22392146549739367
    ],
    "T40": [
        0.060777438948139584,
        0.1601923545316207,
        0.2596072701151018
    ],
    "T41": [
        0.18285913873223014,
        0.266295639039781,
        0.3497321393473318
    ],
    "T42": [
        0.15502048505130445,
        0.24438804387466798,
        0.3337556026980315
    ],
    "T43": [
        0.0,
        0.0924568538156361,
        0.1915633168799376
    ],
    "T44": [
        0.14299535752611742,
        0.22979060730944187,
        0.3165858570927663
    ],
    "T45": [
        0.08768307602624242,
        0.1585895934762216,
        0.22949611092620076
    ]
}