{
    "model_global_ndcg": {
        "mean": 0.16115283689634302,
        "margin": 0.042760336634220075,
        "interval": [
            0.11839250026212295,
            0.16115283689634302,
            0.2039131735305631
        ]
    }
}