{
    "T1": [
        0.0853125461673711,
        0.1543055731829582,
        0.2232986001985453
    ],
    "T2": [
        0.19394060841873212,
        0.26507083206759446,
        0.3362010557164568
    ],
    "T3": [
        0.06083543210143544,
        0.13705847557008016,
        0.2132815190387249
    ],
    "T4": [
        0.040736470846167855,
        0.09123062362383479,
        0.14172477640150172
    ],
    "T5": [
        0.18398469371970855,
        0.25619173870674633,
        0.3283987836937841
    ],
    "T6": [
        0.09589066762088147,
        0.17049239934120072,
        0.24509413106151998
    ],
    "T7": [
        0.0,
        0.01804158236039714,
        0.04035799704859894
    ],
    "T8": [
        0.11711840908279775,
        0.23419843913825075,
        0.35127846919370376
    ],
    "T9": [
        0.037939099493004114,
        0.09140806517405438,
        0.14487703085510464
    ],
    "T10": [
        0.0,
        0.011699506935449569,
        0.035627685318168165
    ],
    "T11": [
        0.011930488330108846,
        0.04562343650136569,
        0.07931638467262253
    ],
    "T12": [
        0.036568027912073225,
        0.1092349461122354,
        0.18190186431239758
    ],
    "T13": [
        0.024116352570102653,
        0.05913852421173119,
        0.09416069585335973
    ],
    "T14": [
        0.0,
        0.0,
        0.0
    ],
    "T15": [
        0.045088519033111424,
        0.10311947864905376,
        0.1611504382649961
    ],
    "T16": [
        0.6551102383934275,
        0.789751202173877,
        0.9243921659543264
    ],
    "T17": [
        0.18696470919796238,
        0.2973664895498105,
        0.4077682699016586
    ],
    "T18": [
        0.007888475526969821,
        0.041396208391505644,
        0.07490394125604147
    ],
    "T19": [
        0.3888968102182499,
        0.44063653144300285,
        0.4923762526677558
    ],
    "T20": [
        0.081522617037459,
        0.14277876097210035,
        0.2040349049067417
    ],
    "T21": [
        0.034729299161464416,
        0.1317174485531985,
        0.2287055979449326
    ],
    "T22": [
        0.16330205723214722,
        0.20029155828101888,
        0.23728105932989055
    ],
    "T23": [
        0.017110760512905276,
        0.07366337783304952,
        0.13021599515319376
    ],
    "T24": [
        0.05388250414668061,
        0.12763511557634694,
        0.20138772700601326
    ],
    "T25": [
        0.030065135861161496,
        0.14131173285642798,
        0.25255832985169446
    ],
    "T26": [
        0.0,
        0.08102255193577976,
        0.17880252436827854
    ],
    "T27": [
        0.06271204153626864,
        0.09386699853586755,
        0.12502195553546647
    ],
    "T28": [
        0.01390239948930072,
        0.13333333333333333,
        0.25276426717736594
    ],
    "T29": [
        0.05806378798431103,
        0.11264267086861347,
        0.16722155375291592
    ],
    "T30": [
        0.02189050748808724,
        0.08772912066436772,
        0.1535677338406482
    ],
    "T31": [
        0.004500895536702021,
        0.03833408805862355,
        0.07216728058054508
    ],
    "T32": [
        0.0,
        0.0020763980644168648,
        0.0063231089346292065
    ],
    "T33": [
        0.022564871461006747,
        0.0938557452045513,
        0.16514661894809585
    ],
    "T34": [
        0.07160787707215785,
        0.12113736104353237,
        0.1706668450149069
    ],
    "T35": [
        0.15411732357478036,
        0.23758920167425643,
        0.3210610797737325
    ],
    "T36": [
        0.23948326993935054,
        0.31936946054574716,
        0.3992556511521438
    ],
    "T37": [
        0.21576988413671183,
        0.28865946403276,
        0.36154904392880816
    ],
    "T38": [
        0.012899986367514035,
        0.05252083063023629,
        0.09214167489295855
    ],
    "T39": [
        0.04632646069666792,
        0.08104071954893621,
        0.11575497840120451
    ],
    "T40": [
        0.011843230005688432,
        0.08587262601390819,
        0.15990202202212794
    ],
    "T41": [
        0.3492759374850397,
        0.45195945317273234,
        0.554642968860425
    ],
    "T42": [
        0.20003533762399817,
        0.2798901783087233,
        0.35974501899344846
    ],
    "T43": [
        0.06409289040574512,
        0.21666666666666667,
        0.36924044292758823
    ],
    "T44": [
        0.1079469315235243,
        0.1779856487671261,
        0.24802436601072791
    ],
    "T45": [
        0.09915471062514927,
        0.16296309605996634,
        0.2267714814947834
    ]
}