{
    "model_global_ndcg": {
        "mean": 0.6894380434511161,
        "margin": 0.09051381888945176,
        "interval": [
            0.5989242245616644,
            0.6894380434511161,
            0.7799518623405679
        ]
    }
}