{
    "model_global_ndcg": {
        "mean": 0.1499944009351762,
        "margin": 0.03369574377358184,
        "interval": [
            0.11629865716159435,
            0.1499944009351762,
            0.18369014470875802
        ]
    }
}