{
    "model_global_ndcg": {
        "mean": 0.06393524874820346,
        "margin": 0.017958749849515537,
        "interval": [
            0.04597649889868792,
            0.06393524874820346,
            0.081893998597719
        ]
    }
}