{
    "T1": [
        0.005988756637394538,
        0.041452913977886405,
        0.07691707131837827
    ],
    "T2": [
        0.072584242922698,
        0.1328914853282531,
        0.1931987277338082
    ],
    "T3": [
        0.0,
        0.03802215995153535,
        0.08390822084519863
    ],
    "T4": [
        0.00394599200390483,
        0.03722024549464632,
        0.07049449898538782
    ],
    "T5": [
        0.05304371951753384,
        0.10678692227168504,
        0.16053012502583625
    ],
    "T6": [
        0.013351437257347373,
        0.05608133927114992,
        0.09881124128495247
    ],
    "T7": [
        0.0,
        0.01523611999078969,
        0.03904676997443519
    ],
    "T8": [
        0.0,
        0.04891236495774506,
        0.10293665456225537
    ],
    "T9": [
        0.0,
        0.0033864593835156486,
        0.010312546496560292
    ],
    "T10": [
        0.0,
        0.006181093256538219,
        0.01882284840559674
    ],
    "T11": [
        0.08313236043090774,
        0.13979016265032576,
        0.19644796486974378
    ],
    "T12": [
        0.0,
        0.010461723259156253,
        0.022565464108460408
    ],
    "T13": [
        0.0,
        0.03562838603399245,
        0.07680078125353702
    ],
    "T14": [
        0.0,
        0.0,
        0.0
    ],
    "T15": [
        0.0,
        0.04660570483174768,
        0.09708294793246908
    ],
    "T16": [
        0.1574028860637986,
        0.32539531690476386,
        0.49338774774572913
    ],
    "T17": [
        0.0,
        0.027115546304223182,
        0.06676320345629143
    ],
    "T18": [
        0.0,
        0.02571132936979515,
        0.05582034450301231
    ],
    "T19": [
        0.08126950776600267,
        0.1536847580526937,
        0.2261000083393847
    ],
    "T20": [
        0.018676490394815184,
        0.0639743089365183,
        0.10927212747822142
    ],
    "T21": [
        0.0,
        0.032276833857573586,
        0.08392241693360965
    ],
    "T22": [
        0.06312197134887873,
        0.0945450208804287,
        0.12596807041197866
    ],
    "T23": [
        0.0,
        0.02974355584272532,
        0.06436550094399485
    ],
    "T24": [
        0.02160105733841955,
        0.06090790902596491,
        0.10021476071351026
    ],
    "T25": [
        0.0,
        0.0654646811105551,
        0.14409476610909216
    ],
    "T26": [
        0.0,
        0.08769765845238191,
        0.18977904819956176
    ],
    "T27": [
        0.0322934728771464,
        0.08072445070021597,
        0.12915542852328554
    ],
    "T28": [
        0.0,
        0.0,
        0.0
    ],
    "T29": [
        0.02076796784955423,
        0.06922296106503803,
        0.11767795428052183
    ],
    "T30": [
        0.00017099651632576998,
        0.014473948777170361,
        0.028776901038014953
    ],
    "T31": [
        0.0053069244823584424,
        0.028674652801773712,
        0.05204238112118898
    ],
    "T32": [
        0.0,
        0.021469644532350344,
        0.055822837760696895
    ],
    "T33": [
        0.0,
        0.04692787260227565,
        0.10039602790993406
    ],
    "T34": [
        0.0,
        0.039580341987226,
        0.08066481541672946
    ],
    "T35": [
        0.027045134752184508,
        0.08698528532243258,
        0.14692543589268064
    ],
    "T36": [
        0.09354230416645298,
        0.16017917709133,
        0.22681605001620703
    ],
    "T37": [
        0.06993658485991167,
        0.13111881757424904,
        0.1923010502885864
    ],
    "T38": [
        0.016302537027435615,
        0.07000872676810113,
        0.12371491650876665
    ],
    "T39": [
        0.000524010969281688,
        0.0177243542665102,
        0.03492469756373871
    ],
    "T40": [
        0.0,
        0.06423879961602443,
        0.1376402870482893
    ],
    "T41": [
        0.07099205130460984,
        0.13333333333333333,
        0.19567461536205683
    ],
    "T42": [
        0.04692010725803475,
        0.11936776643750538,
        0.191815425616976
    ],
    "T43": [
        0.0,
        0.0,
        0.0
    ],
    "T44": [
        0.03253747533047763,
        0.09220321863749689,
        0.15186896194451616
    ],
    "T45": [
        0.0,
        0.01567884275953193,
        0.04018136947378102
    ]
}