{
    "model_global_ndcg": {
        "mean": 0.6803607433429518,
        "margin": 0.0890861022500341,
        "interval": [
            0.5912746410929177,
            0.6803607433429518,
            0.7694468455929859
        ]
    }
}