{
    "model_global_ndcg": {
        "mean": 0.1513712644295332,
        "margin": 0.033725752619985894,
        "interval": [
            0.1176455118095473,
            0.1513712644295332,
            0.18509701704951909
        ]
    }
}