{
    "model_global_ndcg": {
        "mean": 0.050276404867849775,
        "margin": 0.02778038324871604,
        "interval": [
            0.022496021619133735,
            0.050276404867849775,
            0.07805678811656581
        ]
    }
}