{
    "model_global_ndcg": {
        "mean": 0.05027640486784979,
        "margin": 0.02778038324871604,
        "interval": [
            0.02249602161913375,
            0.05027640486784979,
            0.07805678811656583
        ]
    }
}