{
    "T18Eval-00045": {
        "map": 0.0,
        "recip_rank": 0.0,
        "ndcg_cut_5": 0.0,
        "ndcg_cut_10": 0.0,
        "ndcg_cut_15": 0.0,
        "ndcg_cut_20": 0.0,
        "ndcg_cut_30": 0.0,
        "ndcg_cut_100": 0.0,
        "ndcg_cut_200": 0.0,
        "ndcg_cut_500": 0.0,
        "ndcg_cut_1000": 0.0,
        "success_1": 0.0,
        "success_5": 0.0,
        "success_10": 0.0,
        "count_relevant_folders_training": 2,
        "count_relevant_folders_total": 2,
        "count_highly_relevant_folders_training": 2,
        "count_highly_relevant_folders_total": 5,
        "count_relevant_in_top5_model": 0,
        "count_highly_relevant_in_top5_model": 0
    },
    "T18Eval-00040": {
        "map": 0.0,
        "recip_rank": 0.0,
        "ndcg_cut_5": 0.0,
        "ndcg_cut_10": 0.0,
        "ndcg_cut_15": 0.0,
        "ndcg_cut_20": 0.0,
        "ndcg_cut_30": 0.0,
        "ndcg_cut_100": 0.0,
        "ndcg_cut_200": 0.0,
        "ndcg_cut_500": 0.0,
        "ndcg_cut_1000": 0.0,
        "success_1": 0.0,
        "success_5": 0.0,
        "success_10": 0.0,
        "count_relevant_folders_training": 1,
        "count_relevant_folders_total": 1,
        "count_highly_relevant_folders_training": 1,
        "count_highly_relevant_folders_total": 2,
        "count_relevant_in_top5_model": 0,
        "count_highly_relevant_in_top5_model": 0
    },
    "T18Eval-00012": {
        "map": 0.17777777777777778,
        "recip_rank": 0.3333333333333333,
        "ndcg_cut_5": 0.09271639884807328,
        "ndcg_cut_10": 0.2535226972271032,
        "ndcg_cut_15": 0.2535226972271032,
        "ndcg_cut_20": 0.2535226972271032,
        "ndcg_cut_30": 0.2535226972271032,
        "ndcg_cut_100": 0.2535226972271032,
        "ndcg_cut_200": 0.2535226972271032,
        "ndcg_cut_500": 0.2535226972271032,
        "ndcg_cut_1000": 0.2535226972271032,
        "success_1": 0.0,
        "success_5": 1.0,
        "success_10": 1.0,
        "count_relevant_folders_training": 1,
        "count_relevant_folders_total": 1,
        "count_highly_relevant_folders_training": 2,
        "count_highly_relevant_folders_total": 2,
        "count_relevant_in_top5_model": 1,
        "count_highly_relevant_in_top5_model": 0
    },
    "T18Eval-00005": {
        "map": 0.017399267399267396,
        "recip_rank": 0.16666666666666666,
        "ndcg_cut_5": 0.0,
        "ndcg_cut_10": 0.15176219107803537,
        "ndcg_cut_15": 0.11764196916392192,
        "ndcg_cut_20": 0.11025025255364025,
        "ndcg_cut_30": 0.10309719021711843,
        "ndcg_cut_100": 0.10309719021711843,
        "ndcg_cut_200": 0.10309719021711843,
        "ndcg_cut_500": 0.10309719021711843,
        "ndcg_cut_1000": 0.10309719021711843,
        "success_1": 0.0,
        "success_5": 0.0,
        "success_10": 1.0,
        "count_relevant_folders_training": 6,
        "count_relevant_folders_total": 11,
        "count_highly_relevant_folders_training": 8,
        "count_highly_relevant_folders_total": 15,
        "count_relevant_in_top5_model": 0,
        "count_highly_relevant_in_top5_model": 0
    },
    "T18Eval-00014": {
        "map": 0.0,
        "recip_rank": 0.0,
        "ndcg_cut_5": 0.0,
        "ndcg_cut_10": 0.0,
        "ndcg_cut_15": 0.0,
        "ndcg_cut_20": 0.0,
        "ndcg_cut_30": 0.0,
        "ndcg_cut_100": 0.0,
        "ndcg_cut_200": 0.0,
        "ndcg_cut_500": 0.0,
        "ndcg_cut_1000": 0.0,
        "success_1": 0.0,
        "success_5": 0.0,
        "success_10": 0.0,
        "count_relevant_folders_training": 1,
        "count_relevant_folders_total": 1,
        "count_highly_relevant_folders_training": 1,
        "count_highly_relevant_folders_total": 1,
        "count_relevant_in_top5_model": 0,
        "count_highly_relevant_in_top5_model": 0
    },
    "T18Eval-00017": {
        "map": 0.0,
        "recip_rank": 0.0,
        "ndcg_cut_5": 0.0,
        "ndcg_cut_10": 0.0,
        "ndcg_cut_15": 0.0,
        "ndcg_cut_20": 0.0,
        "ndcg_cut_30": 0.0,
        "ndcg_cut_100": 0.0,
        "ndcg_cut_200": 0.0,
        "ndcg_cut_500": 0.0,
        "ndcg_cut_1000": 0.0,
        "success_1": 0.0,
        "success_5": 0.0,
        "success_10": 0.0,
        "count_relevant_folders_training": 0,
        "count_relevant_folders_total": 1,
        "count_highly_relevant_folders_training": 0,
        "count_highly_relevant_folders_total": 2,
        "count_relevant_in_top5_model": 0,
        "count_highly_relevant_in_top5_model": 0
    },
    "T18Eval-00030": {
        "map": 0.007941274607941275,
        "recip_rank": 0.02702702702702703,
        "ndcg_cut_5": 0.0,
        "ndcg_cut_10": 0.0,
        "ndcg_cut_15": 0.0,
        "ndcg_cut_20": 0.0,
        "ndcg_cut_30": 0.0,
        "ndcg_cut_100": 0.05941231677596063,
        "ndcg_cut_200": 0.05941231677596063,
        "ndcg_cut_500": 0.05941231677596063,
        "ndcg_cut_1000": 0.05941231677596063,
        "success_1": 0.0,
        "success_5": 0.0,
        "success_10": 0.0,
        "count_relevant_folders_training": 7,
        "count_relevant_folders_total": 8,
        "count_highly_relevant_folders_training": 0,
        "count_highly_relevant_folders_total": 1,
        "count_relevant_in_top5_model": 0,
        "count_highly_relevant_in_top5_model": 0
    },
    "T18Eval-00026": {
        "map": 0.0,
        "recip_rank": 0.0,
        "ndcg_cut_5": 0.0,
        "ndcg_cut_10": 0.0,
        "ndcg_cut_15": 0.0,
        "ndcg_cut_20": 0.0,
        "ndcg_cut_30": 0.0,
        "ndcg_cut_100": 0.0,
        "ndcg_cut_200": 0.0,
        "ndcg_cut_500": 0.0,
        "ndcg_cut_1000": 0.0,
        "success_1": 0.0,
        "success_5": 0.0,
        "success_10": 0.0,
        "count_relevant_folders_training": 0,
        "count_relevant_folders_total": 0,
        "count_highly_relevant_folders_training": 0,
        "count_highly_relevant_folders_total": 1,
        "count_relevant_in_top5_model": 0,
        "count_highly_relevant_in_top5_model": 0
    },
    "T18Eval-00027": {
        "map": 0.0,
        "recip_rank": 0.0,
        "ndcg_cut_5": 0.0,
        "ndcg_cut_10": 0.0,
        "ndcg_cut_15": 0.0,
        "ndcg_cut_20": 0.0,
        "ndcg_cut_30": 0.0,
        "ndcg_cut_100": 0.0,
        "ndcg_cut_200": 0.0,
        "ndcg_cut_500": 0.0,
        "ndcg_cut_1000": 0.0,
        "success_1": 0.0,
        "success_5": 0.0,
        "success_10": 0.0,
        "count_relevant_folders_training": 1,
        "count_relevant_folders_total": 5,
        "count_highly_relevant_folders_training": 1,
        "count_highly_relevant_folders_total": 4,
        "count_relevant_in_top5_model": 0,
        "count_highly_relevant_in_top5_model": 0
    },
    "T18Eval-00010": {
        "map": 0.0,
        "recip_rank": 0.0,
        "ndcg_cut_5": 0.0,
        "ndcg_cut_10": 0.0,
        "ndcg_cut_15": 0.0,
        "ndcg_cut_20": 0.0,
        "ndcg_cut_30": 0.0,
        "ndcg_cut_100": 0.0,
        "ndcg_cut_200": 0.0,
        "ndcg_cut_500": 0.0,
        "ndcg_cut_1000": 0.0,
        "success_1": 0.0,
        "success_5": 0.0,
        "success_10": 0.0,
        "count_relevant_folders_training": 1,
        "count_relevant_folders_total": 1,
        "count_highly_relevant_folders_training": 2,
        "count_highly_relevant_folders_total": 2,
        "count_relevant_in_top5_model": 0,
        "count_highly_relevant_in_top5_model": 0
    },
    "T18Eval-00034": {
        "map": 0.018518518518518517,
        "recip_rank": 0.16666666666666666,
        "ndcg_cut_5": 0.0,
        "ndcg_cut_10": 0.04182625408912625,
        "ndcg_cut_15": 0.04182625408912625,
        "ndcg_cut_20": 0.04182625408912625,
        "ndcg_cut_30": 0.04182625408912625,
        "ndcg_cut_100": 0.04182625408912625,
        "ndcg_cut_200": 0.04182625408912625,
        "ndcg_cut_500": 0.04182625408912625,
        "ndcg_cut_1000": 0.04182625408912625,
        "success_1": 0.0,
        "success_5": 0.0,
        "success_10": 1.0,
        "count_relevant_folders_training": 4,