{
    "T1": [
        0.2940433258916345,
        0.36210624922512274,
        0.430169172558611
    ],
    "T6": [
        0.0,
        0.0,
        0.0
    ],
    "T28": [
        0.0,
        0.0,
        0.0
    ],
    "T12": [
        0.014333518325184494,
        0.03428923178946796,
        0.054244945253751425
    ],
    "T24": [
        0.0,
        0.0,
        0.0
    ],
    "T22": [
        0.0,
        0.0,
        0.0
    ],
    "T32": [
        0.0,
        0.0,
        0.0
    ],
    "T31": [
        0.0,
        0.0,
        0.0
    ],
    "T41": [
        0.0,
        0.0,
        0.0
    ],
    "T35": [
        0.0,
        0.0,
        0.0
    ],
    "T13": [
        0.0,
        0.0,
        0.0
    ],
    "T34": [
        0.0,
        0.003779441694191992,
        0.009158450608444314
    ],
    "T10": [
        0.0,
        0.0,
        0.0
    ],
    "T18": [
        0.0,
        0.0,
        0.0
    ],
    "T42": [
        0.0,
        0.0,
        0.0
    ],
    "T8": [
        0.0,
        0.0,
        0.0
    ],
    "T16": [
        0.0,
        0.0,
        0.0
    ],
    "T27": [
        0.06485210783923515,
        0.08800034745544193,
        0.11114858707164871
    ],
    "T30": [
        0.0,
        0.0,
        0.0
    ],
    "T38": [
        0.04272012305489151,
        0.10174806158208484,
        0.16077600010927817
    ],
    "T15": [
        0.0,
        0.0,
        0.0
    ],
    "T33": [
        0.10359853694302429,
        0.19758088744129812,
        0.29156323793957195
    ],
    "T21": [
        0.0,
        0.0,
        0.0
    ],
    "T5": [
        0.0146899393301331,
        0.03287105119229095,
        0.051052163054448804
    ],
    "T11": [
        0.3201122695514218,
        0.36781367556538574,
        0.4155150815793497
    ],
    "T9": [
        0.0,
        0.0,
        0.0
    ],
    "T17": [
        0.07007053138443564,
        0.1668895179265319,
        0.26370850446862815
    ],
    "T43": [
        0.0,
        0.0,
        0.0
    ],
    "T4": [
        0.03348100750717406,
        0.09044272140629762,
        0.1474044353054212
    ],
    "T23": [
        0.0,
        0.0,
        0.0
    ],
    "T36": [
        0.0,
        0.0,
        0.0
    ],
    "T37": [
        0.0,
        0.0,
        0.0
    ],
    "T29": [
        0.12585996422564483,
        0.1820105396213439,
        0.23816111501704296
    ],
    "T44": [
        0.0855853353754053,
        0.09998349263795178,
        0.11438164990049826
    ],
    "T2": [
        0.0,
        0.0,
        0.0
    ],
    "T40": [
        0.0,
        0.0,
        0.0
    ],
    "T7": [
        0.0,
        0.0,
        0.0
    ],
    "T14": [
        0.0,
        0.0,
        0.0
    ],
    "T25": [
        0.0,
        0.0,
        0.0
    ],
    "T3": [
        0.0,
        0.0,
        0.0
    ],
    "T19": [
        0.19719012491684573,
        0.22328091530759206,
        0.2493717056983384
    ],
    "T45": [
        0.01630823221318732,
        0.06783204105472322,
        0.11935584989625912
    ],
    "T39": [
        0.0,
        0.0,
        0.0
    ],
    "T26": [
        0.018203659400698236,
        0.1420619835714305,
        0.26592030774216274
    ],
    "T20": [
        0.04272012305489151,
        0.10174806158208481,
        0.16077600010927812
    ]
}