{
    "model_global_ndcg": {
        "mean": 0.12737763232965513,
        "margin": 0.03466333642104108,
        "interval": [
            0.09271429590861405,
            0.12737763232965513,
            0.1620409687506962
        ]
    }
}