{
    "T22": [
        0.10761348282800637,
        0.15592012521047333,
        0.20422676759294028
    ],
    "T3": [
        0.05587153946936363,
        0.1350103906382639,
        0.21414924180716416
    ],
    "T37": [
        0.14628065815070423,
        0.23485818779361614,
        0.32343571743652805
    ],
    "T17": [
        0.00014288737273768573,
        0.012043607520345811,
        0.023944327667953937
    ],
    "T32": [
        0.0,
        0.0,
        0.0
    ],
    "T28": [
        0.004229691154525261,
        0.13333333333333333,
        0.2624369755121414
    ],
    "T29": [
        0.07887508669117177,
        0.15649568221188367,
        0.23411627773259558
    ],
    "T4": [
        0.04232914053647022,
        0.10392474729546275,
        0.16552035405445528
    ],
    "T35": [
        0.16939252786222492,
        0.2505194519361637,
        0.3316463760101025
    ],
    "T27": [
        0.02131752994385687,
        0.05540573957729188,
        0.0894939492107269
    ],
    "T1": [
        0.08275960082219413,
        0.14776005466157208,
        0.21276050850095002
    ],
    "T16": [
        0.3342780543133145,
        0.5210309917857152,
        0.707783929258116
    ],
    "T18": [
        0.04464333248167501,
        0.11906998527008118,
        0.19349663805848735
    ],
    "T45": [
        0.11316863546879122,
        0.1648696855428299,
        0.2165707356168686
    ],
    "T30": [
        0.0,
        0.0026058805912505733,
        0.007935504820334541
    ],
    "T33": [
        0.017076176281034028,
        0.08026120593560898,
        0.14344623559018393
    ],
    "T5": [
        0.06431303220228773,
        0.12312247567869591,
        0.1819319191551041
    ],
    "T12": [
        0.0613691770808229,
        0.15667331324393902,
        0.25197744940705513
    ],
    "T21": [
        0.16666979380127356,
        0.29535810798276035,
        0.42404642216424715
    ],
    "T26": [
        0.0,
        0.054364325119048575,
        0.13370939377573202
    ],
    "T20": [
        0.05640675411179741,
        0.12731915274017386,
        0.1982315513685503
    ],
    "T9": [
        0.0,
        0.0,
        0.0
    ],
    "T39": [
        0.0,
        0.0,
        0.0
    ],
    "T25": [
        0.0,
        0.017376534287144,
        0.05291553728874618
    ],
    "T42": [
        0.01826941555923367,
        0.08230929086742522,
        0.14634916617561677
    ],
    "T36": [
        0.20045589307732004,
        0.25751725562822264,
        0.31457861817912525
    ],
    "T10": [
        0.0,
        0.0,
        0.0
    ],
    "T7": [
        0.0,
        0.053888828877918446,
        0.11311780605573166
    ],
    "T40": [
        0.053574786379950085,
        0.14525569152864812,
        0.23693659667734615
    ],
    "T43": [
        0.057111696750620666,
        0.1964263086904791,
        0.33574092063033756
    ],
    "T19": [
        0.3952515879508727,
        0.46300173191286886,
        0.530751875874865
    ],
    "T31": [
        0.0,
        0.013126747237450775,
        0.02949540417219988
    ],
    "T14": [
        0.0,
        0.0,
        0.0
    ],
    "T24": [
        0.0,
        0.01610223339926276,
        0.04903499845197419
    ],
    "T34": [
        0.06074444952445346,
        0.11719087127466303,
        0.1736372930248726
    ],
    "T38": [
        0.06435129838269321,
        0.13149161742481016,
        0.19863193646692712
    ],
    "T44": [
        0.07618054902015703,
        0.14561910243329176,
        0.2150576558464265
    ],
    "T8": [
        0.05823708051714227,
        0.16120757132517743,
        0.2641780621332126
    ],
    "T2": [
        0.2266269554000528,
        0.30391182171969455,
        0.3811966880393363
    ],
    "T23": [
        0.0,
        0.022610680351574406,
        0.054741420342684616
    ],
    "T41": [
        0.04042041920053174,
        0.11554976248988827,
        0.1906791057792448
    ],
    "T15": [
        0.1451182984754687,
        0.21011944077935213,
        0.27512058308323556
    ],
    "T11": [
        0.028075399444129318,
        0.06814687206992397,
        0.10821834469571862
    ],
    "T13": [
        0.0,
        0.014895117666395207,
        0.031971889230690456
    ],
    "T6": [
        0.11458185098256807,
        0.1662995308017795,
        0.21801721062099094
    ]
}