{
    "T3": [
        0.055871539469363685,
        0.13501039063826392,
        0.21414924180716416
    ],
    "T1": [
        0.08275960082219413,
        0.14776005466157208,
        0.21276050850095002
    ],
    "T20": [
        0.05640675411179741,
        0.12731915274017386,
        0.1982315513685503
    ],
    "T30": [
        0.0,
        0.0026058805912505733,
        0.007935504820334541
    ],
    "T6": [
        0.11458185098256804,
        0.16629953080177948,
        0.21801721062099091
    ],
    "T42": [
        0.01826941555923367,
        0.08230929086742522,
        0.14634916617561677
    ],
    "T23": [
        0.0,
        0.022610680351574406,
        0.054741420342684616
    ],
    "T10": [
        0.0,
        0.0,
        0.0
    ],
    "T32": [
        0.0,
        0.0,
        0.0
    ],
    "T33": [
        0.017076176281034028,
        0.08026120593560898,
        0.14344623559018393
    ],
    "T31": [
        0.0,
        0.013126747237450777,
        0.029495404172199882
    ],
    "T24": [
        0.0,
        0.01610223339926276,
        0.04903499845197419
    ],
    "T41": [
        0.04042041920053174,
        0.11554976248988828,
        0.19067910577924482
    ],
    "T2": [
        0.2266269554000528,
        0.30391182171969455,
        0.3811966880393363
    ],
    "T7": [
        0.0,
        0.053888828877918446,
        0.11311780605573166
    ],
    "T15": [
        0.14511829847546875,
        0.21011944077935218,
        0.2751205830832356
    ],
    "T45": [
        0.11316863546879119,
        0.16486968554282988,
        0.21657073561686857
    ],
    "T43": [
        0.05711169675062061,
        0.19642630869047908,
        0.33574092063033756
    ],
    "T28": [
        0.004229691154525261,
        0.13333333333333333,
        0.2624369755121414
    ],
    "T9": [
        0.0,
        0.0,
        0.0
    ],
    "T18": [
        0.04464333248167501,
        0.11906998527008118,
        0.19349663805848735
    ],
    "T34": [
        0.06074444952445346,
        0.11719087127466302,
        0.17363729302487257
    ],
    "T38": [
        0.06435129838269321,
        0.13149161742481016,
        0.19863193646692712
    ],
    "T13": [
        0.0,
        0.014895117666395207,
        0.031971889230690456
    ],
    "T39": [
        0.0,
        0.0,
        0.0
    ],
    "T21": [
        0.16666979380127356,
        0.29535810798276035,
        0.42404642216424715
    ],
    "T27": [
        0.02131752994385687,
        0.05540573957729189,
        0.08949394921072691
    ],
    "T12": [
        0.0613691770808229,
        0.15667331324393902,
        0.25197744940705513
    ],
    "T26": [
        0.0,
        0.054364325119048575,
        0.133709393775732
    ],
    "T35": [
        0.16939252786222492,
        0.2505194519361637,
        0.3316463760101025
    ],
    "T4": [
        0.04232914053647019,
        0.10392474729546274,
        0.16552035405445528
    ],
    "T44": [
        0.07618054902015703,
        0.14561910243329176,
        0.2150576558464265
    ],
    "T14": [
        0.0,
        0.0,
        0.0
    ],
    "T8": [
        0.05823708051714227,
        0.16120757132517743,
        0.2641780621332126
    ],
    "T5": [
        0.06431303220228773,
        0.12312247567869593,
        0.18193191915510412
    ],
    "T22": [
        0.10761348282800634,
        0.1559201252104733,
        0.20422676759294026
    ],
    "T36": [
        0.2004558930773201,
        0.2575172556282227,
        0.3145786181791253
    ],
    "T37": [
        0.14628065815070418,
        0.2348581877936161,
        0.32343571743652805
    ],
    "T19": [
        0.3952515879508727,
        0.46300173191286886,
        0.530751875874865
    ],
    "T25": [
        0.0,
        0.017376534287144,
        0.05291553728874618
    ],
    "T17": [
        0.00014288737273768573,
        0.012043607520345811,
        0.023944327667953937
    ],
    "T29": [
        0.07887508669117177,
        0.15649568221188367,
        0.23411627773259558
    ],
    "T16": [
        0.3342780543133145,
        0.5210309917857152,
        0.707783929258116
    ],
    "T40": [
        0.05357478637995011,
        0.14525569152864815,
        0.23693659667734618
    ],
    "T11": [
        0.028075399444129318,
        0.06814687206992397,
        0.10821834469571862
    ]
}