{
    "model_global_ndcg": {
        "mean": 0.09074723892579378,
        "margin": 0.05794025802828015,
        "interval": [
            0.03280698089751363,
            0.09074723892579378,
            0.14868749695407393
        ]
    }
}