{
    "model_global_ndcg": {
        "mean": 0.050276404867849775,
        "margin": 0.027780383248716026,
        "interval": [
            0.02249602161913375,
            0.050276404867849775,
            0.0780567881165658
        ]
    }
}