{
    "model_global_ndcg": {
        "mean": 0.6489287582301196,
        "margin": 0.08851094280581362,
        "interval": [
            0.560417815424306,
            0.6489287582301196,
            0.7374397010359333
        ]
    }
}