{
    "model_global_ndcg": {
        "mean": 0.19103713366323707,
        "margin": 0.035967343657413775,
        "interval": [
            0.1550697900058233,
            0.19103713366323707,
            0.22700447732065085
        ]
    }
}