{
    "model_global_ndcg": {
        "mean": 0.18033355789701216,
        "margin": 0.042697019531891145,
        "interval": [
            0.13763653836512102,
            0.18033355789701216,
            0.2230305774289033
        ]
    }
}