{
    "T1": [
        0.20248962507101276,
        0.2707478129810991,
        0.3390060008911855
    ],
    "T2": [
        0.2687856824009014,
        0.36365550023867754,
        0.4585253180764537
    ],
    "T3": [
        0.04145869697186255,
        0.12141585136932159,
        0.20137300576678063
    ],
    "T4": [
        0.04488589523536865,
        0.09919186563248285,
        0.15349783602959705
    ],
    "T5": [
        0.1669611419966311,
        0.2243432830966286,
        0.2817254241966261
    ],
    "T6": [
        0.08275301452204198,
        0.15988810444109441,
        0.23702319436014685
    ],
    "T7": [
        0.019484486264099418,
        0.054423600548207794,
        0.08936271483231617
    ],
    "T8": [
        0.08749758622358772,
        0.17561556039229986,
        0.263733534561012
    ],
    "T9": [
        0.0,
        0.024706772518073728,
        0.05380967014292845
    ],
    "T10": [
        0.0,
        0.0,
        0.0
    ],
    "T11": [
        0.2105673501248181,
        0.3033826253943855,
        0.3961979006639529
    ],
    "T12": [
        0.05824118733944217,
        0.14017694051646454,
        0.2221126936934869
    ],
    "T13": [
        0.0032324477609487617,
        0.03481353873659065,
        0.06639462971223253
    ],
    "T14": [
        0.0,
        0.027541155237618666,
        0.0838691423081747
    ],
    "T15": [
        0.0834126528997825,
        0.14538926277525716,
        0.2073658726507318
    ],
    "T16": [
        0.5777324673826918,
        0.7376976584523819,
        0.897662849522072
    ],
    "T17": [
        0.01915600145793292,
        0.08724919400452703,
        0.15534238655112115
    ],
    "T18": [
        0.05436712156091528,
        0.11774963066960864,
        0.181132139778302
    ],
    "T19": [
        0.5330048158718518,
        0.5879928685799526,
        0.6429809212880534
    ],
    "T20": [
        0.09244203160115294,
        0.15795818618220187,
        0.2234743407632508
    ],
    "T21": [
        0.14915213642169167,
        0.28856989943748507,
        0.42798766245327846
    ],
    "T22": [
        0.1609105757505046,
        0.18115261481506995,
        0.2013946538796353
    ],
    "T23": [
        0.026548437310337736,
        0.08499108921751247,
        0.1434337411246872
    ],
    "T24": [
        0.017215453020065413,
        0.06622808987687315,
        0.11524072673368088
    ],
    "T25": [
        0.05330415466397004,
        0.17797877424430325,
        0.30265339382463646
    ],
    "T26": [
        0.03638813211448655,
        0.17103099178571526,
        0.305673851456944
    ],
    "T27": [
        0.08019749869054538,
        0.11784478546936908,
        0.15549207224819278
    ],
    "T28": [
        0.025127435798330655,
        0.16666666666666666,
        0.30820589753500266
    ],
    "T29": [
        0.13513355342008254,
        0.21265211141307774,
        0.29017066940607295
    ],
    "T30": [
        0.047444183915052396,
        0.13617878881645504,
        0.22491339371785768
    ],
    "T31": [
        0.0,
        0.010393465439319466,
        0.021575957949879286
    ],
    "T32": [
        0.0,
        0.010159378150546943,
        0.030937639489680868
    ],
    "T33": [
        0.10738189801147285,
        0.20745028447349365,
        0.30751867093551444
    ],
    "T34": [
        0.14441746712940873,
        0.22729477780431126,
        0.3101720884792138
    ],
    "T35": [
        0.22282496417250086,
        0.31042652076068167,
        0.3980280773488625
    ],
    "T36": [
        0.3174347443468571,
        0.38138079800588426,
        0.4453268516649114
    ],
    "T37": [
        0.24671514877728484,
        0.33008727918739106,
        0.4134594095974973
    ],
    "T38": [
        0.04634282668024303,
        0.11960359005499469,
        0.19286435342974634
    ],
    "T39": [
        0.08962911274664967,
        0.14094731954736303,
        0.1922655263480764
    ],
    "T40": [
        0.07757514977174029,
        0.16810194148860236,
        0.2586287332054644
    ],
    "T41": [
        0.1586365690623387,
        0.24370252540922815,
        0.3287684817561176
    ],
    "T42": [
        0.11439323062257561,
        0.20772845038950902,
        0.3010636701564424
    ],
    "T43": [
        0.0,
        0.07539531690476384,
        0.1638031567831669
    ],
    "T44": [
        0.06959803050264568,
        0.12839494136554816,
        0.18719185222845064
    ],
    "T45": [
        0.055296748764865816,
        0.11671029287450725,
        0.1781238369841487
    ]
}