{
    "model_global_ndcg": {
        "mean": 0.10545253236719444,
        "margin": 0.05888137741431519,
        "interval": [
            0.04657115495287925,
            0.10545253236719444,
            0.16433390978150964
        ]
    }
}