{
    "T1": [
        0.7203463078704666,
        0.7300157436178597,
        0.7396851793652528
    ],
    "T2": [
        0.0,
        0.0,
        0.0
    ],
    "T3": [
        0.11363378674542121,
        0.14939175942615865,
        0.1851497321068961
    ],
    "T4": [
        0.3391602052736161,
        0.3391602052736162,
        0.33916020527361623
    ],
    "T5": [
        0.0,
        0.0,
        0.0
    ],
    "T6": [
        0.0,
        0.0,
        0.0
    ],
    "T7": [
        0.0,
        0.0,
        0.0
    ],
    "T8": [
        0.0,
        0.0,
        0.0
    ],
    "T9": [
        0.0,
        0.0,
        0.0
    ],
    "T10": [
        0.0,
        0.0,
        0.0
    ],
    "T11": [
        0.01652639952918985,
        0.03936152325370254,
        0.06219664697821523
    ],
    "T12": [
        0.3308658861987983,
        0.37278570603641015,
        0.414705525874022
    ],
    "T13": [
        0.0,
        0.0,
        0.0
    ],
    "T14": [
        0.0,
        0.0,
        0.0
    ],
    "T15": [
        0.0,
        0.0,
        0.0
    ],
    "T16": [
        0.0,
        0.0,
        0.0
    ],
    "T17": [
        0.0,
        0.0,
        0.0
    ],
    "T18": [
        0.0,
        0.0,
        0.0
    ],
    "T19": [
        0.43538109978417316,
        0.4586707316947886,
        0.48196036360540406
    ],
    "T20": [
        0.28984588724053223,
        0.30995295248116217,
        0.3300600177217921
    ],
    "T21": [
        0.0,
        0.0,
        0.0
    ],
    "T22": [
        0.0,
        0.0,
        0.0
    ],
    "T23": [
        0.06336708003385322,
        0.09632297772637585,
        0.1292788754188985
    ],
    "T24": [
        0.0,
        0.0,
        0.0
    ],
    "T25": [
        0.0,
        0.0,
        0.0
    ],
    "T26": [
        0.0,
        0.0,
        0.0
    ],
    "T27": [
        0.1580260383252281,
        0.16941907274234771,
        0.18081210715946733
    ],
    "T28": [
        0.48084474009840206,
        0.49802473295325456,
        0.5152047258081071
    ],
    "T29": [
        0.30933681282390924,
        0.34991788477849806,
        0.3904989567330869
    ],
    "T30": [
        0.0,
        0.0,
        0.0
    ],
    "T31": [
        0.0,
        0.0,
        0.0
    ],
    "T32": [
        0.0,
        0.0,
        0.0
    ],
    "T33": [
        0.7653606369886217,
        0.7653606369886217,
        0.7653606369886217
    ],
    "T34": [
        0.0,
        0.0,
        0.0
    ],
    "T35": [
        0.0,
        0.0,
        0.0
    ],
    "T36": [
        0.0,
        0.0,
        0.0
    ],
    "T37": [
        0.08567623314526907,
        0.09358189989623604,
        0.10148756664720301
    ],
    "T38": [
        0.0,
        0.0,
        0.0
    ],
    "T39": [
        0.0,
        0.0,
        0.0
    ],
    "T40": [
        0.14036013008332443,
        0.16977330274299168,
        0.19918647540265894
    ],
    "T41": [
        0.0,
        0.0,
        0.0
    ],
    "T42": [
        0.0,
        0.0,
        0.0
    ],
    "T43": [
        0.0,
        0.0,
        0.0
    ],
    "T44": [
        0.0,
        0.0,
        0.0
    ],
    "T45": [
        0.1964917319996427,
        0.20362482691172637,
        0.21075792182381003
    ]
}