{
    "model_global_ndcg": {
        "mean": 0.16665364447916944,
        "margin": 0.03626582836177855,
        "interval": [
            0.1303878161173909,
            0.16665364447916944,
            0.202919472840948
        ]
    }
}