{
    "model_global_ndcg": {
        "mean": 0.21430757179495805,
        "margin": 0.05042863252876009,
        "interval": [
            0.16387893926619795,
            0.21430757179495805,
            0.26473620432371814
        ]
    }
}