{
    "T1": [
        0.5450739632006568,
        0.6032509386287693,
        0.6614279140568818
    ],
    "T2": [
        0.23206095277260652,
        0.31179018828631155,
        0.3915194238000166
    ],
    "T3": [
        0.025269477289030534,
        0.0915577574704202,
        0.15784603765180988
    ],
    "T4": [
        0.2562822192122854,
        0.3010420851732698,
        0.3458019511342542
    ],
    "T5": [
        0.1599702050963051,
        0.22500630270202784,
        0.2900424003077506
    ],
    "T6": [
        0.14206256585515592,
        0.2105658736751516,
        0.27906918149514726
    ],
    "T7": [
        0.01321301176582619,
        0.04715272526817863,
        0.08109243877053107
    ],
    "T8": [
        0.09253871057659324,
        0.17657625490672377,
        0.2606137992368543
    ],
    "T9": [
        0.0003732367509135526,
        0.02572079342349547,
        0.05106835009607739
    ],
    "T10": [
        0.0,
        0.012362186513076438,
        0.0299293801754118
    ],
    "T11": [
        0.27861643224267896,
        0.3347866950572062,
        0.39095695787173346
    ],
    "T12": [
        0.2676164224057359,
        0.3411497232086585,
        0.4146830240115811
    ],
    "T13": [
        0.034679693951700036,
        0.08788438639799986,
        0.1410890788442997
    ],
    "T14": [
        0.0,
        0.027541155237618666,
        0.0838691423081747
    ],
    "T15": [
        0.08657876279119811,
        0.1532138574529713,
        0.2198489521147445
    ],
    "T16": [
        0.6511066496540732,
        0.796228426907818,
        0.9413502041615629
    ],
    "T17": [
        0.012365999929500882,
        0.07207499902786221,
        0.13178399812622354
    ],
    "T18": [
        0.045862667828235754,
        0.11452894524919636,
        0.18319522267015698
    ],
    "T19": [
        0.557006887415561,
        0.5888472759213489,
        0.6206876644271367
    ],
    "T20": [
        0.2652280650574224,
        0.3201603272412281,
        0.3750925894250338
    ],
    "T21": [
        0.1398899626997827,
        0.26628387932498204,
        0.3926777959501814
    ],
    "T22": [
        0.158700172538853,
        0.19414202920560825,
        0.2295838858723635
    ],
    "T23": [
        0.0386473656862735,
        0.09988620688390766,
        0.16112504808154182
    ],
    "T24": [
        0.013002485561270788,
        0.06466340915508711,
        0.11632433274890344
    ],
    "T25": [
        0.06528894360008392,
        0.19737827920293374,
        0.32946761480578357
    ],
    "T26": [
        0.017390952197123277,
        0.14768921860244644,
        0.2779874850077696
    ],
    "T27": [
        0.15596876598706896,
        0.19219598836199167,
        0.22842321073691438
    ],
    "T28": [
        0.025127435798330655,
        0.16666666666666666,
        0.30820589753500266
    ],
    "T29": [
        0.19334033854595684,
        0.25561098604120996,
        0.3178816335364631
    ],
    "T30": [
        0.050498989718305465,
        0.12678099310821023,
        0.203062996498115
    ],
    "T31": [
        0.0,
        0.012384484978636656,
        0.027830608542487558
    ],
    "T32": [
        0.0,
        0.007443809197504451,
        0.022668108418620603
    ],
    "T33": [
        0.5474127061152385,
        0.5916848991340381,
        0.6359570921528377
    ],
    "T34": [
        0.1424171848533941,
        0.22443488629258243,
        0.30645258773177075
    ],
    "T35": [
        0.20624119860122025,
        0.292599319378189,
        0.37895744015515775
    ],
    "T36": [
        0.16618419135481682,
        0.21751512310926072,
        0.2688460548637046
    ],
    "T37": [
        0.28183579291646876,
        0.34307659282434533,
        0.4043173927322219
    ],
    "T38": [
        0.07431993953732896,
        0.1400375846931912,
        0.20575522984905342
    ],
    "T39": [
        0.0693332066982609,
        0.12393519856928399,
        0.17853719044030708
    ],
    "T40": [
        0.0672870033821189,
        0.1677465030722659,
        0.2682060027624129
    ],
    "T41": [
        0.16462695129076987,
        0.2457138662019101,
        0.32680078111305033
    ],
    "T42": [
        0.13870374900687216,
        0.23007124200115156,
        0.32143873499543096
    ],
    "T43": [
        0.0,
        0.06666666666666667,
        0.16140283998979837
    ],
    "T44": [
        0.09882063908260647,
        0.18356972257965373,
        0.268318806076701
    ],
    "T45": [
        0.18497497677181696,
        0.24422227777205557,
        0.3034695787722942
    ]
}