{
    "model_global_ndcg": {
        "mean": 0.20223532993760684,
        "margin": 0.04488533845293757,
        "interval": [
            0.15734999148466927,
            0.20223532993760684,
            0.24712066839054442
        ]
    }
}