{
    "T1": [
        0.1731242126234253,
        0.24418583700098578,
        0.31524746137854626
    ],
    "T2": [
        0.3028108934895509,
        0.3890188431119951,
        0.47522679273443924
    ],
    "T3": [
        0.03144413483375591,
        0.1086921347709642,
        0.1859401347081725
    ],
    "T4": [
        0.0917628250254851,
        0.1490609997300695,
        0.2063591744346539
    ],
    "T5": [
        0.204301181755208,
        0.26545248136251426,
        0.3266037809698205
    ],
    "T6": [
        0.14891466294498562,
        0.22206038750934148,
        0.29520611207369735
    ],
    "T7": [
        0.017283934445513988,
        0.05661449464120473,
        0.09594505483689547
    ],
    "T8": [
        0.16378515663440119,
        0.24572849243031386,
        0.32767182822622654
    ],
    "T9": [
        0.009729409112484252,
        0.04360741326861517,
        0.07748541742474609
    ],
    "T10": [
        0.0,
        0.012362186513076438,
        0.0299293801754118
    ],
    "T11": [
        0.3277399223685151,
        0.38844082823792525,
        0.4491417341073354
    ],
    "T12": [
        0.059190527965554296,
        0.14168560288354412,
        0.22418067780153395
    ],
    "T13": [
        0.06226465126709507,
        0.11858984391718017,
        0.17491503656726526
    ],
    "T14": [
        0.0,
        0.027541155237618666,
        0.0838691423081747
    ],
    "T15": [
        0.11822155885200752,
        0.1879000516782177,
        0.25757854450442785
    ],
    "T16": [
        0.6849021409011911,
        0.8187202103881617,
        0.9525382798751323
    ],
    "T17": [
        0.022751140922575935,
        0.08678082416809843,
        0.15081050741362093
    ],
    "T18": [
        0.052562885740332355,
        0.11849189604958874,
        0.18442090635884512
    ],
    "T19": [
        0.5591250450978561,
        0.6135164846176671,
        0.667907924137478
    ],
    "T20": [
        0.10175499529251633,
        0.1691760821332125,
        0.23659716897390867
    ],
    "T21": [
        0.15018159431900718,
        0.27997047002919084,
        0.4097593457393745
    ],
    "T22": [
        0.16991566934536614,
        0.20059875443067002,
        0.2312818395159739
    ],
    "T23": [
        0.02884611433283113,
        0.09360417011192071,
        0.1583622258910103
    ],
    "T24": [
        0.029594783001840153,
        0.08587581190284271,
        0.14215684080384527
    ],
    "T25": [
        0.07771496296741287,
        0.20923463797720038,
        0.3407543129869879
    ],
    "T26": [
        0.07327273310160426,
        0.20740549111161585,
        0.34153824912162745
    ],
    "T27": [
        0.11778472903739351,
        0.15585818215683728,
        0.19393163527628104
    ],
    "T28": [
        0.025127435798330655,
        0.16666666666666666,
        0.30820589753500266
    ],
    "T29": [
        0.10881876412177022,
        0.18362069924770752,
        0.2584226343736448
    ],
    "T30": [
        0.05748379025946698,
        0.14042879700697997,
        0.22337380375449295
    ],
    "T31": [
        0.0016927472668890609,
        0.02567314969214518,
        0.0496535521174013
    ],
    "T32": [
        0.0,
        0.00805111669963138,
        0.024517499225987095
    ],
    "T33": [
        0.09173996343043372,
        0.1890462024174435,
        0.28635244140445326
    ],
    "T34": [
        0.1784674984948973,
        0.2642371586109636,
        0.3500068187270299
    ],
    "T35": [
        0.22726757514422746,
        0.32314807322924766,
        0.41902857131426785
    ],
    "T36": [
        0.27692944106258593,
        0.3315606491253027,
        0.38619185718801946
    ],
    "T37": [
        0.2911512124650505,
        0.3696872863602285,
        0.44822336025540654
    ],
    "T38": [
        0.08298172229776551,
        0.1513429248689784,
        0.2197041274401913
    ],
    "T39": [
        0.0892247980562329,
        0.15657313177681328,
        0.22392146549739367
    ],
    "T40": [
        0.060777438948139584,
        0.1601923545316207,
        0.2596072701151018
    ],
    "T41": [
        0.18285913873223014,
        0.266295639039781,
        0.3497321393473318
    ],
    "T42": [
        0.1561513784530783,
        0.24547244442502897,
        0.33479351039697963
    ],
    "T43": [
        0.0,
        0.09391764551026448,
        0.19369278463462225
    ],
    "T44": [
        0.14299535752611742,
        0.22979060730944187,
        0.3165858570927663
    ],
    "T45": [
        0.08606662049343955,
        0.15471153330348905,
        0.22335644611353855
    ]
}