{
    "model_global_ndcg": {
        "mean": 0.14999440093517621,
        "margin": 0.03369574377358184,
        "interval": [
            0.11629865716159438,
            0.14999440093517621,
            0.18369014470875805
        ]
    }
}