{
    "T1": [
        0.015118963349463894,
        0.03846147941587606,
        0.06180399548228823
    ],
    "T6": [
        0.11669384154670565,
        0.18944199608023574,
        0.2621901506137658
    ],
    "T28": [
        0.004229691154525261,
        0.13333333333333333,
        0.2624369755121414
    ],
    "T12": [
        0.05676510148478389,
        0.14753711061797922,
        0.23830911975117455
    ],
    "T24": [
        0.0,
        0.0,
        0.0
    ],
    "T22": [
        0.06830204272236609,
        0.10419437720837844,
        0.1400867116943908
    ],
    "T32": [
        0.0,
        0.021469644532350344,
        0.055822837760696895
    ],
    "T31": [
        0.0,
        0.004907810443648884,
        0.012013716027476837
    ],
    "T41": [
        0.12258877574374483,
        0.2230929086742522,
        0.32359704160475955
    ],
    "T35": [
        0.19628917342653002,
        0.2813707681720665,
        0.366452362917603
    ],
    "T13": [
        0.05260815445193903,
        0.11471237484455311,
        0.1768165952371672
    ],
    "T34": [
        0.15805401301450217,
        0.24669823662848944,
        0.3353424602424767
    ],
    "T10": [
        0.0,
        0.03252404431645259,
        0.0729256692085957
    ],
    "T18": [
        0.055450349189814924,
        0.13365619535400355,
        0.21186204151819218
    ],
    "T42": [
        0.09653298094823465,
        0.18193826324053958,
        0.2673435455328445
    ],
    "T8": [
        0.056119572509978455,
        0.1514079349991197,
        0.24669629748826094
    ],
    "T16": [
        0.33841765194503104,
        0.5187202103881617,
        0.6990227688312924
    ],
    "T27": [
        0.06710569569360977,
        0.11289559564591271,
        0.15868549559821565
    ],
    "T30": [
        0.0,
        0.04975860585942922,
        0.1080926109295139
    ],
    "T38": [
        0.05843511431122511,
        0.12038731514813139,
        0.18233951598503767
    ],
    "T15": [
        0.09151883507496866,
        0.15543238070359758,
        0.2193459263322265
    ],
    "T33": [
        0.01901795713361487,
        0.08603443310417203,
        0.15305090907472918
    ],
    "T21": [
        0.05158257473988376,
        0.15033685606703756,
        0.24909113739419136
    ],
    "T5": [
        0.2065935158912683,
        0.2753155471737417,
        0.3440375784562151
    ],
    "T11": [
        0.08683151564213579,
        0.14777969571144658,
        0.20872787578075738
    ],
    "T9": [
        0.0,
        0.018913248667150176,
        0.04277357207050244
    ],
    "T17": [
        0.0282667931852163,
        0.09378221297088986,
        0.15929763275656342
    ],
    "T43": [
        0.0,
        0.08333333333333333,
        0.18241079494116852
    ],
    "T4": [
        0.11032156928714504,
        0.20162094868765765,
        0.29292032808817026
    ],
    "T23": [
        0.040152182779526036,
        0.09299911425343838,
        0.14584604572735071
    ],
    "T36": [
        0.21433959013220516,
        0.28112338967991357,
        0.347907189227622
    ],
    "T37": [
        0.1795886878899436,
        0.26658887006077986,
        0.35358905223161613
    ],
    "T29": [
        0.06459690171428131,
        0.11036328153518883,
        0.15612966135609635
    ],
    "T44": [
        0.15441614843218526,
        0.24585807449848282,
        0.3373000005647804
    ],
    "T2": [
        0.2843549251865683,
        0.3467847398464563,
        0.4092145545063443
    ],
    "T40": [
        0.02481335558085973,
        0.10588787437803046,
        0.1869623931752012
    ],
    "T7": [
        0.024006086127617093,
        0.07337495705923307,
        0.12274382799084904
    ],
    "T14": [
        0.0,
        0.00918038507920622,
        0.02795638076939156
    ],
    "T25": [
        0.0,
        0.07136561103321361,
        0.15076164293126465
    ],
    "T3": [
        0.1905931981814249,
        0.2878967946142477,
        0.38520039104707055
    ],
    "T19": [
        0.3406910150751231,
        0.4037799380565398,
        0.46686886103795644
    ],
    "T45": [
        0.10028262348938916,
        0.1667091741207747,
        0.23313572475216027
    ],
    "T39": [
        0.0,
        0.0,
        0.0
    ],
    "T26": [
        0.0,
        0.06666666666666667,
        0.16140283998979837
    ],
    "T20": [
        0.1237534910397734,
        0.202112309878817,
        0.2804711287178606
    ]
}