{
    "T22": [
        0.06830204272236609,
        0.10419437720837844,
        0.1400867116943908
    ],
    "T3": [
        0.1905931981814249,
        0.2878967946142477,
        0.38520039104707055
    ],
    "T37": [
        0.1795886878899436,
        0.26658887006077986,
        0.35358905223161613
    ],
    "T17": [
        0.0282667931852163,
        0.09378221297088984,
        0.1592976327565634
    ],
    "T32": [
        0.0,
        0.021469644532350344,
        0.05582283776069688
    ],
    "T28": [
        0.004229691154525261,
        0.13333333333333333,
        0.2624369755121414
    ],
    "T29": [
        0.06459690171428134,
        0.11036328153518883,
        0.15612966135609632
    ],
    "T4": [
        0.11032156928714498,
        0.20162094868765762,
        0.29292032808817026
    ],
    "T35": [
        0.19628917342652996,
        0.28137076817206647,
        0.36645236291760297
    ],
    "T27": [
        0.06710569569360977,
        0.11289559564591271,
        0.15868549559821565
    ],
    "T1": [
        0.015118963349463894,
        0.03846147941587606,
        0.06180399548228823
    ],
    "T16": [
        0.33841765194503093,
        0.5187202103881616,
        0.6990227688312923
    ],
    "T18": [
        0.055450349189814896,
        0.13365619535400353,
        0.21186204151819216
    ],
    "T45": [
        0.10028262348938913,
        0.1667091741207747,
        0.2331357247521603
    ],
    "T30": [
        0.0,
        0.04975860585942922,
        0.1080926109295139
    ],
    "T33": [
        0.01901795713361487,
        0.08603443310417203,
        0.15305090907472918
    ],
    "T5": [
        0.2065935158912683,
        0.2753155471737417,
        0.3440375784562151
    ],
    "T12": [
        0.05676510148478395,
        0.14753711061797928,
        0.2383091197511746
    ],
    "T21": [
        0.05158257473988376,
        0.15033685606703756,
        0.24909113739419136
    ],
    "T26": [
        0.0,
        0.06666666666666667,
        0.16140283998979837
    ],
    "T20": [
        0.1237534910397734,
        0.20211230987881706,
        0.28047112871786073
    ],
    "T9": [
        0.0,
        0.01891324866715018,
        0.04277357207050245
    ],
    "T39": [
        0.0,
        0.0,
        0.0
    ],
    "T25": [
        0.0,
        0.07136561103321361,
        0.15076164293126465
    ],
    "T42": [
        0.0965329809482347,
        0.18193826324053958,
        0.26734354553284445
    ],
    "T36": [
        0.21433959013220516,
        0.2811233896799135,
        0.34790718922762187
    ],
    "T10": [
        0.0,
        0.03252404431645259,
        0.0729256692085957
    ],
    "T7": [
        0.024006086127617093,
        0.07337495705923307,
        0.12274382799084904
    ],
    "T40": [
        0.02481335558085973,
        0.10588787437803046,
        0.1869623931752012
    ],
    "T43": [
        0.0,
        0.08333333333333333,
        0.18241079494116852
    ],
    "T19": [
        0.3406910150751231,
        0.4037799380565398,
        0.46686886103795644
    ],
    "T31": [
        0.0,
        0.004907810443648884,
        0.012013716027476837
    ],
    "T14": [
        0.0,
        0.00918038507920622,
        0.02795638076939156
    ],
    "T24": [
        0.0,
        0.0,
        0.0
    ],
    "T34": [
        0.15805401301450217,
        0.24669823662848941,
        0.33534246024247666
    ],
    "T38": [
        0.05843511431122511,
        0.1203873151481314,
        0.1823395159850377
    ],
    "T44": [
        0.1544161484321852,
        0.2458580744984828,
        0.3373000005647804
    ],
    "T8": [
        0.056119572509978455,
        0.1514079349991197,
        0.24669629748826094
    ],
    "T2": [
        0.2843549251865683,
        0.3467847398464563,
        0.4092145545063443
    ],
    "T23": [
        0.04015218277952601,
        0.09299911425343836,
        0.14584604572735071
    ],
    "T41": [
        0.12258877574374477,
        0.22309290867425216,
        0.32359704160475955
    ],
    "T15": [
        0.09151883507496861,
        0.15543238070359752,
        0.21934592633222644
    ],
    "T11": [
        0.08683151564213576,
        0.14777969571144656,
        0.20872787578075735
    ],
    "T13": [
        0.052608154451939004,
        0.1147123748445531,
        0.1768165952371672
    ],
    "T6": [
        0.11669384154670565,
        0.18944199608023574,
        0.2621901506137658
    ]
}