{
    "model_global_ndcg": {
        "mean": 0.6235318824749444,
        "margin": 0.09221551916056192,
        "interval": [
            0.5313163633143825,
            0.6235318824749444,
            0.7157474016355063
        ]
    }
}