{
    "model_global_ndcg": {
        "mean": 0.17086075209348767,
        "margin": 0.03729896996939669,
        "interval": [
            0.13356178212409098,
            0.17086075209348767,
            0.20815972206288436
        ]
    }
}