{
    "model_global_ndcg": {
        "mean": 0.1708607520934877,
        "margin": 0.03729896996939666,
        "interval": [
            0.13356178212409103,
            0.1708607520934877,
            0.20815972206288436
        ]
    }
}