{
    "T22": [
        0.15103723817392886,
        0.18751688562587746,
        0.22399653307782605
    ],
    "T3": [
        0.1551992540521247,
        0.22759826659695628,
        0.29999727914178786
    ],
    "T37": [
        0.23712293435747828,
        0.31106184537122955,
        0.3850007563849808
    ],
    "T17": [
        0.0194936287291384,
        0.0436549181637142,
        0.06781620759829
    ],
    "T32": [
        0.0,
        0.02800388417263089,
        0.05875356918146529
    ],
    "T28": [
        0.04432916624172012,
        0.15217391304347827,
        0.2600186598452364
    ],
    "T29": [
        0.13479478560046776,
        0.19746541284437247,
        0.2601360400882772
    ],
    "T4": [
        0.1283682500918802,
        0.19302450672377996,
        0.25768076335567974
    ],
    "T35": [
        0.2224307078115576,
        0.29063005233057504,
        0.3588293968495925
    ],
    "T27": [
        0.10364825467061053,
        0.1345931239659389,
        0.16553799326126725
    ],
    "T1": [
        0.16042155801354074,
        0.22352264401612978,
        0.2866237300187188
    ],
    "T16": [
        0.4028625809031897,
        0.549170858850933,
        0.6954791367986762
    ],
    "T18": [
        0.07427469866786712,
        0.14312337853842602,
        0.21197205840898492
    ],
    "T45": [
        0.13103427767943038,
        0.18005459340824023,
        0.2290749091370501
    ],
    "T30": [
        0.0,
        0.027144516904881646,
        0.057135516946815755
    ],
    "T33": [
        0.10246727233336672,
        0.16409784731770283,
        0.22572842230203893
    ],
    "T5": [
        0.15579923347670444,
        0.2124586941072827,
        0.26911815473786094
    ],
    "T12": [
        0.11168012965518215,
        0.19312023598112188,
        0.2745603423070616
    ],
    "T21": [
        0.2030674106527669,
        0.29981764045243386,
        0.39656787025210083
    ],
    "T26": [
        0.00879766861062889,
        0.0882957893835837,
        0.16779391015653852
    ],
    "T20": [
        0.15151301672310097,
        0.21838038877132368,
        0.2852477608195464
    ],
    "T9": [
        0.003068766890556386,
        0.024648674313783692,
        0.046228581737011
    ],
    "T39": [
        0.0,
        0.005157099975262003,
        0.012419704475344157
    ],
    "T25": [
        0.0,
        0.03627819239469612,
        0.07268436492959895
    ],
    "T42": [
        0.09709453046834232,
        0.1625201652142016,
        0.22794579996006087
    ],
    "T36": [
        0.3029247848350307,
        0.3476712168675546,
        0.39241764890007846
    ],
    "T10": [
        0.0,
        0.0,
        0.0
    ],
    "T7": [
        0.038116467699831735,
        0.09518331804726018,
        0.15225016839468863
    ],
    "T40": [
        0.08154883691001724,
        0.15635039859765443,
        0.2311519602852916
    ],
    "T43": [
        0.06627266615973915,
        0.16024822927545715,
        0.25422379239117515
    ],
    "T19": [
        0.5075349997286708,
        0.5518904615523611,
        0.5962459233760514
    ],
    "T31": [
        0.010703873014959647,
        0.04946002063124055,
        0.08821616824752146
    ],
    "T14": [
        0.0,
        0.011974415320703768,
        0.028837660751499905
    ],
    "T24": [
        0.0,
        0.00904546233611598,
        0.02178394244755924
    ],
    "T34": [
        0.1580775673894862,
        0.22340886299209423,
        0.28874015859470226
    ],
    "T38": [
        0.10107150991812014,
        0.15692626427427356,
        0.21278101863042698
    ],
    "T44": [
        0.1342699557541731,
        0.20700783539774736,
        0.2797457150413216
    ],
    "T8": [
        0.10080802338901279,
        0.18767701877321716,
        0.2745460141574215
    ],
    "T2": [
        0.2639407404561183,
        0.3217705195265999,
        0.3796002985970815
    ],
    "T23": [
        0.06304751820837484,
        0.10128963281162964,
        0.13953174741488444
    ],
    "T41": [
        0.14676230625581055,
        0.2277375565185494,
        0.30871280678128826
    ],
    "T15": [
        0.1858010266418032,
        0.24053351846213672,
        0.29526601028247024
    ],
    "T11": [
        0.07265726880686044,
        0.11862432541835051,
        0.16459138202984058
    ],
    "T13": [
        0.008867184013370666,
        0.03807962117912082,
        0.06729205834487098
    ],
    "T6": [
        0.13501101462565648,
        0.19034163775632215,
        0.24567226088698782
    ]
}