{
    "T28": [
        0.04432916624172012,
        0.15217391304347827,
        0.2600186598452364
    ],
    "T26": [
        0.00879766861062889,
        0.08829578938358369,
        0.1677939101565385
    ],
    "T2": [
        0.2639407404561183,
        0.3217705195265999,
        0.3796002985970815
    ],
    "T29": [
        0.13479478560046776,
        0.19746541284437247,
        0.2601360400882772
    ],
    "T31": [
        0.010703873014959647,
        0.04946002063124055,
        0.08821616824752146
    ],
    "T18": [
        0.07427469866786715,
        0.14312337853842602,
        0.2119720584089849
    ],
    "T23": [
        0.06304751820837484,
        0.10128963281162964,
        0.13953174741488444
    ],
    "T27": [
        0.10364825467061056,
        0.13459312396593892,
        0.16553799326126728
    ],
    "T39": [
        0.0,
        0.005157099975262003,
        0.012419704475344155
    ],
    "T3": [
        0.1551992540521247,
        0.22759826659695628,
        0.29999727914178786
    ],
    "T4": [
        0.12836825009188013,
        0.1930245067237799,
        0.2576807633556797
    ],
    "T42": [
        0.09709453046834235,
        0.16252016521420162,
        0.2279457999600609
    ],
    "T9": [
        0.003068766890556386,
        0.024648674313783692,
        0.046228581737011
    ],
    "T14": [
        0.0,
        0.011974415320703768,
        0.028837660751499905
    ],
    "T1": [
        0.1604215580135407,
        0.22352264401612973,
        0.28662373001871877
    ],
    "T41": [
        0.14676230625581055,
        0.2277375565185494,
        0.30871280678128826
    ],
    "T7": [
        0.038116467699831735,
        0.09518331804726018,
        0.15225016839468863
    ],
    "T13": [
        0.008867184013370666,
        0.03807962117912082,
        0.06729205834487098
    ],
    "T12": [
        0.11168012965518215,
        0.19312023598112188,
        0.2745603423070616
    ],
    "T43": [
        0.06627266615973915,
        0.16024822927545715,
        0.25422379239117515
    ],
    "T35": [
        0.2224307078115576,
        0.29063005233057504,
        0.3588293968495925
    ],
    "T33": [
        0.10246727233336672,
        0.16409784731770283,
        0.22572842230203893
    ],
    "T30": [
        0.0,
        0.02714451690488165,
        0.057135516946815755
    ],
    "T34": [
        0.15807756738948625,
        0.22340886299209425,
        0.28874015859470226
    ],
    "T11": [
        0.07265726880686044,
        0.11862432541835051,
        0.16459138202984058
    ],
    "T21": [
        0.20306741065276684,
        0.2998176404524338,
        0.3965678702521008
    ],
    "T38": [
        0.10107150991812014,
        0.15692626427427356,
        0.21278101863042698
    ],
    "T10": [
        0.0,
        0.0,
        0.0
    ],
    "T8": [
        0.10080802338901279,
        0.18767701877321716,
        0.2745460141574215
    ],
    "T17": [
        0.0194936287291384,
        0.0436549181637142,
        0.06781620759829
    ],
    "T24": [
        0.0,
        0.00904546233611598,
        0.021783942447559237
    ],
    "T22": [
        0.15103723817392886,
        0.18751688562587746,
        0.22399653307782605
    ],
    "T44": [
        0.1342699557541731,
        0.20700783539774736,
        0.2797457150413216
    ],
    "T20": [
        0.1515130167231009,
        0.2183803887713236,
        0.2852477608195463
    ],
    "T16": [
        0.4028625809031897,
        0.549170858850933,
        0.6954791367986762
    ],
    "T6": [
        0.1350110146256565,
        0.1903416377563222,
        0.2456722608869879
    ],
    "T19": [
        0.5075349997286708,
        0.5518904615523611,
        0.5962459233760514
    ],
    "T40": [
        0.08154883691001724,
        0.15635039859765443,
        0.2311519602852916
    ],
    "T45": [
        0.13103427767943038,
        0.18005459340824023,
        0.2290749091370501
    ],
    "T32": [
        0.0,
        0.028003884172630885,
        0.05875356918146529
    ],
    "T25": [
        0.0,
        0.03627819239469612,
        0.07268436492959895
    ],
    "T37": [
        0.23712293435747828,
        0.31106184537122955,
        0.3850007563849808
    ],
    "T5": [
        0.15579923347670438,
        0.21245869410728266,
        0.26911815473786094
    ],
    "T15": [
        0.1858010266418031,
        0.24053351846213666,
        0.29526601028247024
    ],
    "T36": [
        0.3029247848350307,
        0.3476712168675546,
        0.39241764890007846
    ]
}