{
    "model_global_ndcg": {
        "mean": 0.0898713409145733,
        "margin": 0.05814188826885855,
        "interval": [
            0.03172945264571475,
            0.0898713409145733,
            0.14801322918343185
        ]
    }
}