{
    "model_global_ndcg": {
        "mean": 0.7532233194114022,
        "margin": 0.06830345750650335,
        "interval": [
            0.6849198619048988,
            0.7532233194114022,
            0.8215267769179055
        ]
    }
}