{
    "model_global_ndcg": {
        "mean": 0.19829335247588004,
        "margin": 0.04451839919872619,
        "interval": [
            0.15377495327715385,
            0.19829335247588004,
            0.24281175167460622
        ]
    }
}