{
    "T1": [
        0.11623193436354784,
        0.18815448008429256,
        0.2600770258050373
    ],
    "T2": [
        0.310245757383775,
        0.39472092793719854,
        0.47919609849062206
    ],
    "T3": [
        0.03230786257898255,
        0.10977653532132522,
        0.1872452080636679
    ],
    "T4": [
        0.08683233197732504,
        0.14854114804467694,
        0.21024996411202884
    ],
    "T5": [
        0.21613879467511748,
        0.2813276922454181,
        0.3465165898157187
    ],
    "T6": [
        0.15018644832874595,
        0.22376660081082003,
        0.2973467532928941
    ],
    "T7": [
        0.020014449684912283,
        0.05902079345409843,
        0.09802713722328457
    ],
    "T8": [
        0.15596079281413106,
        0.24376335413683994,
        0.33156591545954883
    ],
    "T9": [
        0.009235423804692375,
        0.04322562800923547,
        0.07721583221377856
    ],
    "T10": [
        0.0,
        0.012362186513076438,
        0.0299293801754118
    ],
    "T11": [
        0.2688696157690451,
        0.34463868114178564,
        0.42040774651452617
    ],
    "T12": [
        0.050391554235945185,
        0.13408358838992065,
        0.21777562254389612
    ],
    "T13": [
        0.05335909498814323,
        0.10853458965120313,
        0.16371008431426304
    ],
    "T14": [
        0.0,
        0.027541155237618666,
        0.0838691423081747
    ],
    "T15": [
        0.09490595732956814,
        0.165537000809323,
        0.23616804428907784
    ],
    "T16": [
        0.6849021409011911,
        0.8187202103881617,
        0.9525382798751323
    ],
    "T17": [
        0.026602985633407322,
        0.10089686449584118,
        0.17519074335827503
    ],
    "T18": [
        0.04222497137054668,
        0.10924588763796818,
        0.17626680390538968
    ],
    "T19": [
        0.5580547345292443,
        0.612875535786192,
        0.6676963370431398
    ],
    "T20": [
        0.08797550841385982,
        0.15396837095908164,
        0.21996123350430347
    ],
    "T21": [
        0.15390549996825886,
        0.28174858411969367,
        0.4095916682711285
    ],
    "T22": [
        0.15822511090714853,
        0.19078980034227824,
        0.22335448977740796
    ],
    "T23": [
        0.03126535163929506,
        0.10412578519457119,
        0.17698621874984732
    ],
    "T24": [
        0.03575301963865429,
        0.09210500609609332,
        0.14845699255353234
    ],
    "T25": [
        0.0698446285406476,
        0.20196847174253688,
        0.33409231494442615
    ],
    "T26": [
        0.04635006198914682,
        0.18015451226801804,
        0.31395896254688926
    ],
    "T27": [
        0.12138792620614566,
        0.16478057349747346,
        0.20817322078880127
    ],
    "T28": [
        0.025127435798330655,
        0.16666666666666666,
        0.30820589753500266
    ],
    "T29": [
        0.11025622961914283,
        0.18027863914627304,
        0.25030104867340325
    ],
    "T30": [
        0.05751505323707254,
        0.14089576689438138,
        0.22427648055169022
    ],
    "T31": [
        0.0022618203170382822,
        0.024407807485300716,
        0.04655379465356315
    ],
    "T32": [
        0.0,
        0.00805111669963138,
        0.024517499225987095
    ],
    "T33": [
        0.092951851800817,
        0.18808251803598827,
        0.28321318427115955
    ],
    "T34": [
        0.16115779543802172,
        0.24976035696137153,
        0.33836291848472133
    ],
    "T35": [
        0.24708115916164297,
        0.3404594569297752,
        0.4338377546979074
    ],
    "T36": [
        0.2813014908834212,
        0.33997655720048603,
        0.39865162351755085
    ],
    "T37": [
        0.2601891646639491,
        0.33545916752068905,
        0.410729170377429
    ],
    "T38": [
        0.08100910808570724,
        0.14696942228523366,
        0.21292973648476007
    ],
    "T39": [
        0.09213345024294639,
        0.15996133876030486,
        0.22778922727766332
    ],
    "T40": [
        0.060777438948139584,
        0.1601923545316207,
        0.2596072701151018
    ],
    "T41": [
        0.19837223601407644,
        0.2808538626901785,
        0.3633354893662805
    ],
    "T42": [
        0.1642024403522126,
        0.24699246063851493,
        0.32978248092481727
    ],
    "T43": [
        0.0,
        0.0924568538156361,
        0.1915633168799376
    ],
    "T44": [
        0.1252564962693843,
        0.2103627348521944,
        0.2954689734350045
    ],
    "T45": [
        0.08633313328327508,
        0.1549998159856136,
        0.22366649868795213
    ]
}