{
    "model_global_ndcg": {
        "mean": 0.14223430974108564,
        "margin": 0.03716441955882982,
        "interval": [
            0.10506989018225582,
            0.14223430974108564,
            0.17939872929991546
        ]
    }
}