{
    "T1": [
        0.07798630511810661,
        0.1475211816283139,
        0.2170560581385212
    ],
    "T2": [
        0.23519807859806185,
        0.3196309340183802,
        0.4040637894386986
    ],
    "T3": [
        7.964590120035364e-05,
        0.07243989383522971,
        0.14480014176925907
    ],
    "T4": [
        0.030606674409392937,
        0.07984748175371739,
        0.12908828909804185
    ],
    "T5": [
        0.12828271470657332,
        0.1981096624402547,
        0.2679366101739361
    ],
    "T6": [
        0.12475776270198682,
        0.1828686522434929,
        0.240979541784999
    ],
    "T7": [
        0.0,
        0.022467006705104296,
        0.046833733544267106
    ],
    "T8": [
        0.05807716242502878,
        0.1379462717940987,
        0.21781538116316865
    ],
    "T9": [
        0.0,
        0.02300246186763768,
        0.0521245074711084
    ],
    "T10": [
        0.0,
        0.0,
        0.0
    ],
    "T11": [
        0.07944421587921946,
        0.1451075675870565,
        0.21077091929489356
    ],
    "T12": [
        0.044907893880827415,
        0.1215127385507955,
        0.1981175832207636
    ],
    "T13": [
        0.010245153772142829,
        0.036854158573969883,
        0.06346316337579694
    ],
    "T14": [
        0.0,
        0.027541155237618666,
        0.0838691423081747
    ],
    "T15": [
        0.08395313781484959,
        0.14478771180069588,
        0.20562228578654218
    ],
    "T16": [
        0.4662499250546258,
        0.6420619835714305,
        0.8178740420882352
    ],
    "T17": [
        0.0,
        0.013980764546837932,
        0.030374477633763164
    ],
    "T18": [
        0.019805549518054383,
        0.0753181217051058,
        0.1308306938921572
    ],
    "T19": [
        0.4447553635753485,
        0.5025055489537836,
        0.5602557343322188
    ],
    "T20": [
        0.07804936161259676,
        0.14279695760059735,
        0.20754455358859794
    ],
    "T21": [
        0.1599629565044508,
        0.2990578273539404,
        0.43815269820342995
    ],
    "T22": [
        0.13016458189528904,
        0.151574682544995,
        0.17298478319470098
    ],
    "T23": [
        0.007992500386698353,
        0.06365957637008693,
        0.1193266523534755
    ],
    "T24": [
        0.004912622869230207,
        0.056644155841954445,
        0.10837568881467868
    ],
    "T25": [
        0.05814783965855164,
        0.17759801363649502,
        0.2970481876144384
    ],
    "T26": [
        0.025127435798330655,
        0.16666666666666666,
        0.30820589753500266
    ],
    "T27": [
        0.04191564065076625,
        0.07154018139878933,
        0.10116472214681241
    ],
    "T28": [
        0.025127435798330655,
        0.16666666666666666,
        0.30820589753500266
    ],
    "T29": [
        0.07259155942545847,
        0.14568861305467928,
        0.2187856666839001
    ],
    "T30": [
        0.0,
        0.03496181851617573,
        0.07194165171536532
    ],
    "T31": [
        0.0,
        0.006614023745127473,
        0.01677894554919344
    ],
    "T32": [
        0.0,
        0.008849316831448161,
        0.019174558611326227
    ],
    "T33": [
        0.011058816278815276,
        0.08808251803598827,
        0.16510621979316126
    ],
    "T34": [
        0.08164089236041797,
        0.1353708854002974,
        0.18910087844017684
    ],
    "T35": [
        0.1807018542887368,
        0.26527008284804443,
        0.34983831140735205
    ],
    "T36": [
        0.1645491438536384,
        0.2164067703423264,
        0.2682643968310144
    ],
    "T37": [
        0.14569520592065272,
        0.22310418823409464,
        0.30051317054753657
    ],
    "T38": [
        0.03135879289322854,
        0.09777663479655697,
        0.1641944766998854
    ],
    "T39": [
        0.01061911492250607,
        0.03606380595734339,
        0.06150849699218071
    ],
    "T40": [
        0.04914649914019176,
        0.1439303323733944,
        0.23871416560659703
    ],
    "T41": [
        0.11648118424465775,
        0.20462422802103225,
        0.29276727179740675
    ],
    "T42": [
        0.056545898266295996,
        0.1226577016667922,
        0.1887695050672884
    ],
    "T43": [
        0.0727003361293263,
        0.23333333333333334,
        0.39396633053734037
    ],
    "T44": [
        0.08726042549831192,
        0.17006253983002223,
        0.25286465416173254
    ],
    "T45": [
        0.0327765758967882,
        0.07803912046848108,
        0.12330166504017395
    ]
}