{
    "model_global_ndcg": {
        "mean": 0.1003018406518815,
        "margin": 0.048531082041779,
        "interval": [
            0.051770758610102496,
            0.1003018406518815,
            0.1488329226936605
        ]
    }
}