{
    "model_global_ndcg": {
        "mean": 0.10030184065188147,
        "margin": 0.04853108204177897,
        "interval": [
            0.051770758610102496,
            0.10030184065188147,
            0.14883292269366044
        ]
    }
}