{
    "T3": [
        0.1815417925373527,
        0.18154179253735273,
        0.18154179253735275
    ],
    "T1": [
        0.4523143247633467,
        0.4690566110407161,
        0.4857988973180855
    ],
    "T20": [
        0.0,
        0.0,
        0.0
    ],
    "T30": [
        0.0,
        0.0,
        0.0
    ],
    "T6": [
        0.0,
        0.01791917585385473,
        0.05845516786409442
    ],
    "T42": [
        0.0,
        0.0,
        0.0
    ],
    "T23": [
        0.0,
        0.16958010263680803,
        NaN
    ],
    "T10": [
        0.0,
        0.0,
        0.0
    ],
    "T32": [
        0.0,
        0.0,
        0.0
    ],
    "T33": [
        0.0,
        0.3836491390379004,
        NaN
    ],
    "T31": [
        0.0,
        0.0,
        0.0
    ],
    "T24": [
        0.0,
        0.0,
        0.0
    ],
    "T41": [
        0.0,
        0.0938557452045513,
        0.23540004273087461
    ],
    "T2": [
        0.0,
        0.04522136070314881,
        0.1233526151403283
    ],
    "T7": [
        0.002391516856525791,
        0.031270567095006876,
        0.06014961733348796
    ],
    "T15": [
        0.0,
        0.0,
        0.0
    ],
    "T45": [
        0.13120507751234178,
        0.1312050775123418,
        0.13120507751234184
    ],
    "T43": [
        0.0,
        0.0,
        0.0
    ],
    "T28": [
        0.0,
        0.5,
        NaN
    ],
    "T9": [
        0.0,
        0.0,
        0.0
    ],
    "T18": [
        0.0,
        0.020803518926146267,
        0.06786434827749886
    ],
    "T34": [
        0.06934506308715419,
        0.0693450630871542,
        0.06934506308715421
    ],
    "T38": [
        0.0,
        0.3391602052736161,
        NaN
    ],
    "T13": [
        0.0,
        0.33916020527361607,
        NaN
    ],
    "T39": [
        0.0,
        0.0,
        0.0
    ],
    "T21": [
        0.0,
        0.027377123820459426,
        0.06900912190552827
    ],
    "T27": [
        0.0,
        0.0,
        0.0
    ],
    "T12": [
        0.5562983930884396,
        0.5562983930884398,
        0.5562983930884399
    ],
    "T26": [
        0.0,
        0.0,
        0.0
    ],
    "T35": [
        0.0,
        0.0,
        0.0
    ],
    "T4": [
        0.0,
        0.3835663673713356,
        NaN
    ],
    "T44": [
        0.0,
        0.0,
        0.0
    ],
    "T14": [
        0.0,
        0.0,
        0.0
    ],
    "T8": [
        0.0,
        0.0,
        0.0
    ],
    "T5": [
        0.13761006318489605,
        0.20691346447003994,
        0.27621686575518384
    ],
    "T22": [
        0.0,
        0.0,
        0.0
    ],
    "T36": [
        0.0,
        0.0,
        0.0
    ],
    "T37": [
        0.21398626473452748,
        0.2139862647345275,
        0.21398626473452753
    ],
    "T19": [
        0.31241308635600873,
        0.3336726516676507,
        0.35493221697929267
    ],
    "T25": [
        0.0,
        0.0,
        0.0
    ],
    "T17": [
        0.0,
        0.0,
        0.0
    ],
    "T29": [
        0.0,
        0.0,
        0.0
    ],
    "T16": [
        0.0,
        0.0,
        0.0
    ],
    "T40": [
        0.0,
        0.0,
        0.0
    ],
    "T11": [
        0.0,
        0.0,
        0.0
    ]
}