{
    "model_global_ndcg": {
        "mean": 0.5728461508289384,
        "margin": 0.09386133481106784,
        "interval": [
            0.4789848160178706,
            0.5728461508289384,
            0.6667074856400063
        ]
    }
}