{
    "model_global_ndcg": {
        "mean": 0.12449152843198272,
        "margin": 0.03438286679257485,
        "interval": [
            0.09010866163940787,
            0.12449152843198272,
            0.15887439522455757
        ]
    }
}