{
    "model_global_ndcg": {
        "mean": 0.12449152843198268,
        "margin": 0.034382866792574865,
        "interval": [
            0.09010866163940781,
            0.12449152843198268,
            0.15887439522455754
        ]
    }
}