{
    "model_global_ndcg": {
        "mean": 0.1244915284319827,
        "margin": 0.034382866792574865,
        "interval": [
            0.09010866163940784,
            0.1244915284319827,
            0.15887439522455757
        ]
    }
}