{
    "T1": [
        0.08252864450303748,
        0.1453621998920968,
        0.20819575528115614
    ],
    "T6": [
        0.11818531376054409,
        0.1747925415263408,
        0.2313997692921375
    ],
    "T28": [
        0.004229691154525261,
        0.13333333333333333,
        0.2624369755121414
    ],
    "T12": [
        0.06131528841320222,
        0.1526747299394224,
        0.2440341714656426
    ],
    "T24": [
        0.0,
        0.023037087856951678,
        0.058442191570379345
    ],
    "T22": [
        0.12771111972506735,
        0.17063364887951485,
        0.21355617803396235
    ],
    "T32": [
        0.0,
        0.0,
        0.0
    ],
    "T31": [
        0.0,
        0.0,
        0.0
    ],
    "T41": [
        0.04042041920053174,
        0.11554976248988828,
        0.19067910577924482
    ],
    "T35": [
        0.16939252786222492,
        0.2505194519361637,
        0.3316463760101025
    ],
    "T13": [
        0.0,
        0.016958010263680805,
        0.036279438579256765
    ],
    "T34": [
        0.07063457184209954,
        0.1284852910763111,
        0.18633601031052266
    ],
    "T10": [
        0.0,
        0.0,
        0.0
    ],
    "T18": [
        0.05111639027355097,
        0.13026871276971655,
        0.20942103526588213
    ],
    "T42": [
        0.01826941555923367,
        0.08230929086742522,
        0.14634916617561677
    ],
    "T8": [
        0.05823708051714227,
        0.16120757132517743,
        0.2641780621332126
    ],
    "T16": [
        0.3342780543133145,
        0.5210309917857152,
        0.707783929258116
    ],
    "T27": [
        0.02131752994385687,
        0.05540573957729189,
        0.08949394921072691
    ],
    "T30": [
        0.0,
        0.0026058805912505733,
        0.007935504820334541
    ],
    "T38": [
        0.06151124782676881,
        0.12731915274017389,
        0.19312705765357896
    ],
    "T15": [
        0.15791827008630038,
        0.2270808620333417,
        0.29624345398038304
    ],
    "T33": [
        0.01826941555923367,
        0.08230929086742522,
        0.14634916617561677
    ],
    "T21": [
        0.15970652262005697,
        0.2836701894003709,
        0.4076338561806849
    ],
    "T5": [
        0.06377922194374405,
        0.11915493067126039,
        0.17453063939877672
    ],
    "T11": [
        0.023696267935969142,
        0.06377336948617925,
        0.10385047103638935
    ],
    "T9": [
        0.0,
        0.0,
        0.0
    ],
    "T17": [
        0.003947743335229466,
        0.02862420867130273,
        0.053300674007375995
    ],
    "T43": [
        0.06181477025117471,
        0.2087286502380972,
        0.3556425302250197
    ],
    "T4": [
        0.03344897016775325,
        0.09380715017218613,
        0.15416533017661901
    ],
    "T23": [
        0.0,
        0.022610680351574406,
        0.054741420342684616
    ],
    "T36": [
        0.24102758519734835,
        0.3005850367517295,
        0.3601424883061106
    ],
    "T37": [
        0.15904666528997735,
        0.2476620259057053,
        0.33627738652143324
    ],
    "T29": [
        0.079619192913679,
        0.1451165154801846,
        0.21061383804669018
    ],
    "T44": [
        0.03500879631387824,
        0.08830503828760707,
        0.1416012802613359
    ],
    "T2": [
        0.14742904758079933,
        0.21781536501519067,
        0.288201682449582
    ],
    "T40": [
        0.05357478637995011,
        0.14525569152864815,
        0.23693659667734618
    ],
    "T7": [
        0.0,
        0.053888828877918446,
        0.11311780605573166
    ],
    "T14": [
        0.0,
        0.0,
        0.0
    ],
    "T25": [
        0.0,
        0.017376534287144,
        0.05291553728874618
    ],
    "T3": [
        0.055871539469363685,
        0.13501039063826392,
        0.21414924180716416
    ],
    "T19": [
        0.3843105793660746,
        0.4568759906226389,
        0.5294414018792032
    ],
    "T45": [
        0.039755070003195475,
        0.09565548056182457,
        0.15155589112045367
    ],
    "T39": [
        0.0,
        0.0,
        0.0
    ],
    "T26": [
        0.0,
        0.05,
        0.12516252917972914
    ],
    "T20": [
        0.05640675411179741,
        0.12731915274017386,
        0.1982315513685503
    ]
}