{
    "T28": [
        0.004229691154525261,
        0.13333333333333333,
        0.2624369755121414
    ],
    "T26": [
        0.0,
        0.05,
        0.12516252917972914
    ],
    "T2": [
        0.14742904758079928,
        0.21781536501519064,
        0.288201682449582
    ],
    "T29": [
        0.07961919291367897,
        0.1451165154801846,
        0.2106138380466902
    ],
    "T31": [
        0.0,
        0.0,
        0.0
    ],
    "T18": [
        0.05111639027355094,
        0.13026871276971655,
        0.20942103526588216
    ],
    "T23": [
        0.0,
        0.022610680351574406,
        0.05474142034268463
    ],
    "T27": [
        0.021317529943856856,
        0.05540573957729189,
        0.08949394921072693
    ],
    "T39": [
        0.0,
        0.0,
        0.0
    ],
    "T3": [
        0.0558715394693636,
        0.1350103906382639,
        0.2141492418071642
    ],
    "T4": [
        0.03344897016775325,
        0.09380715017218615,
        0.15416533017661904
    ],
    "T42": [
        0.01826941555923367,
        0.08230929086742522,
        0.14634916617561677
    ],
    "T9": [
        0.0,
        0.0,
        0.0
    ],
    "T14": [
        0.0,
        0.0,
        0.0
    ],
    "T1": [
        0.08252864450303748,
        0.1453621998920968,
        0.20819575528115614
    ],
    "T41": [
        0.04042041920053174,
        0.11554976248988827,
        0.1906791057792448
    ],
    "T7": [
        0.0,
        0.053888828877918446,
        0.11311780605573168
    ],
    "T13": [
        0.0,
        0.016958010263680805,
        0.03627943857925677
    ],
    "T12": [
        0.061315288413202246,
        0.15267472993942244,
        0.24403417146564263
    ],
    "T43": [
        0.06181477025117471,
        0.2087286502380972,
        0.3556425302250197
    ],
    "T35": [
        0.16939252786222492,
        0.2505194519361637,
        0.3316463760101025
    ],
    "T33": [
        0.01826941555923367,
        0.08230929086742522,
        0.14634916617561677
    ],
    "T30": [
        0.0,
        0.0026058805912505733,
        0.007935504820334543
    ],
    "T34": [
        0.07063457184209956,
        0.12848529107631113,
        0.1863360103105227
    ],
    "T11": [
        0.02369626793596913,
        0.06377336948617925,
        0.10385047103638936
    ],
    "T21": [
        0.1597065226200569,
        0.28367018940037086,
        0.4076338561806848
    ],
    "T38": [
        0.061511247826768756,
        0.12731915274017386,
        0.19312705765357896
    ],
    "T10": [
        0.0,
        0.0,
        0.0
    ],
    "T8": [
        0.058237080517142215,
        0.1612075713251774,
        0.2641780621332126
    ],
    "T17": [
        0.003947743335229466,
        0.02862420867130273,
        0.053300674007375995
    ],
    "T24": [
        0.0,
        0.023037087856951678,
        0.05844219157037936
    ],
    "T22": [
        0.1277111197250673,
        0.1706336488795148,
        0.2135561780339623
    ],
    "T44": [
        0.03500879631387824,
        0.08830503828760707,
        0.1416012802613359
    ],
    "T20": [
        0.05640675411179741,
        0.12731915274017386,
        0.1982315513685503
    ],
    "T16": [
        0.3342780543133145,
        0.5210309917857152,
        0.707783929258116
    ],
    "T6": [
        0.11818531376054409,
        0.17479254152634083,
        0.23139976929213757
    ],
    "T19": [
        0.3843105793660745,
        0.4568759906226389,
        0.5294414018792033
    ],
    "T40": [
        0.053574786379950085,
        0.14525569152864815,
        0.2369365966773462
    ],
    "T45": [
        0.039755070003195475,
        0.09565548056182459,
        0.1515558911204537
    ],
    "T32": [
        0.0,
        0.0,
        0.0
    ],
    "T25": [
        0.0,
        0.017376534287144,
        0.05291553728874618
    ],
    "T37": [
        0.15904666528997735,
        0.2476620259057053,
        0.33627738652143324
    ],
    "T5": [
        0.06377922194374405,
        0.11915493067126039,
        0.17453063939877672
    ],
    "T15": [
        0.15791827008630038,
        0.2270808620333417,
        0.29624345398038304
    ],
    "T36": [
        0.2410275851973484,
        0.30058503675172954,
        0.3601424883061107
    ]
}