{
    "model_global_ndcg": {
        "mean": 0.12968946639612877,
        "margin": 0.034479827736283025,
        "interval": [
            0.09520963865984575,
            0.12968946639612877,
            0.1641692941324118
        ]
    }
}