{
    "model_global_ndcg": {
        "mean": 0.12864676042988024,
        "margin": 0.03678499906269092,
        "interval": [
            0.09186176136718932,
            0.12864676042988024,
            0.16543175949257116
        ]
    }
}