{
    "T1": [
        0.030745367789319078,
        0.08407353830006391,
        0.13740170881080874
    ],
    "T2": [
        0.1781400293406452,
        0.25874191381956024,
        0.3393437982984753
    ],
    "T3": [
        0.03411672112019637,
        0.10949836940530985,
        0.18488001769042334
    ],
    "T4": [
        0.03961150351856352,
        0.09101869567044124,
        0.14242588782231896
    ],
    "T5": [
        0.03476592259220837,
        0.08983562239366723,
        0.14490532219512609
    ],
    "T6": [
        0.08451630512330524,
        0.14045134874824913,
        0.19638639237319302
    ],
    "T7": [
        0.0,
        0.02020831082921942,
        0.043233030297745736
    ],
    "T8": [
        0.05482127836970213,
        0.15711069595999036,
        0.2594001135502786
    ],
    "T9": [
        0.0,
        0.0023116181525629723,
        0.007039408119476801
    ],
    "T10": [
        0.0,
        0.0,
        0.0
    ],
    "T11": [
        0.0813426561113077,
        0.15009030569790568,
        0.21883795528450367
    ],
    "T12": [
        0.11410262687189049,
        0.2098242381447184,
        0.3055458494175463
    ],
    "T13": [
        0.004456810994845878,
        0.046459962914346654,
        0.08846311483384743
    ],
    "T14": [
        0.0,
        0.0,
        0.0
    ],
    "T15": [
        0.09451660656427541,
        0.15833165896283632,
        0.22214671136139724
    ],
    "T16": [
        0.3685844591507552,
        0.5543643251190485,
        0.7401441910873419
    ],
    "T17": [
        0.0,
        0.016262022158226294,
        0.03726150880943796
    ],
    "T18": [
        0.051947115139740485,
        0.1268121330961948,
        0.2016771510526491
    ],
    "T19": [
        0.4156999373119131,
        0.4748742953572103,
        0.5340486534025075
    ],
    "T20": [
        0.1274935429867654,
        0.2033378855212557,
        0.279182228055746
    ],
    "T21": [
        0.14824628227785935,
        0.2756009809359775,
        0.4029556795940957
    ],
    "T22": [
        0.11617655281536338,
        0.16040970829286944,
        0.2046428637703755
    ],
    "T23": [
        0.0,
        0.022610680351574406,
        0.05474142034268463
    ],
    "T24": [
        0.0,
        0.03220446679852552,
        0.07796838602458785
    ],
    "T25": [
        0.0,
        0.05508231047523733,
        0.1333566201585469
    ],
    "T26": [
        0.0,
        0.06666666666666667,
        0.1614028399897984
    ],
    "T27": [
        0.0697862277387096,
        0.09355620285986062,
        0.11732617798101164
    ],
    "T28": [
        0.07270033612932625,
        0.23333333333333334,
        0.3939663305373404
    ],
    "T29": [
        0.07661586403367415,
        0.140062092416341,
        0.20350832079900782
    ],
    "T30": [
        0.0,
        0.005506962508719071,
        0.01334462818044367
    ],
    "T31": [
        0.0,
        0.0,
        0.0
    ],
    "T32": [
        0.0,
        0.01610223339926276,
        0.04903499845197419
    ],
    "T33": [
        0.05587153946936363,
        0.13501039063826392,
        0.21414924180716421
    ],
    "T34": [
        0.08714352333959366,
        0.14496970343389365,
        0.20279588352819364
    ],
    "T35": [
        0.10967390770676216,
        0.18553393377865307,
        0.261393959850544
    ],
    "T36": [
        0.15065297640778813,
        0.20738407764827263,
        0.26411517888875713
    ],
    "T37": [
        0.1641634262373345,
        0.25309128434159306,
        0.34201914244585163
    ],
    "T38": [
        0.051404088776433376,
        0.11601381256438667,
        0.18062353635233996
    ],
    "T39": [
        0.0,
        0.0,
        0.0
    ],
    "T40": [
        0.0096745587615375,
        0.08215927498502823,
        0.15464399120851896
    ],
    "T41": [
        0.07453367993058851,
        0.1627558010081793,
        0.2509779220857701
    ],
    "T42": [
        0.041006068303224674,
        0.11623528095532813,
        0.1914644936074316
    ],
    "T43": [
        0.06181477025117471,
        0.2087286502380972,
        0.3556425302250197
    ],
    "T44": [
        0.06382665659439801,
        0.1268428649366275,
        0.18985907327885698
    ],
    "T45": [
        0.04690784676053669,
        0.10255833500829774,
        0.15820882325605878
    ]
}