{
    "T1": [
        0.04495995997376001,
        0.10350720757177184,
        0.16205445516978367
    ],
    "T2": [
        0.15916467254336125,
        0.24308544226870407,
        0.3270062119940469
    ],
    "T3": [
        7.964590120035364e-05,
        0.07243989383522971,
        0.14480014176925907
    ],
    "T4": [
        0.023948200841580308,
        0.07279036989119199,
        0.12163253894080367
    ],
    "T5": [
        0.08965998018655658,
        0.15022229544249502,
        0.21078461069843346
    ],
    "T6": [
        0.13424635278551544,
        0.19535778674229531,
        0.2564692206990752
    ],
    "T7": [
        0.0,
        0.01523611999078969,
        0.03904676997443519
    ],
    "T8": [
        0.055916965085698045,
        0.1325202832251256,
        0.20912360136455316
    ],
    "T9": [
        0.0,
        0.005698077536078621,
        0.013948192622145798
    ],
    "T10": [
        0.0,
        0.0,
        0.0
    ],
    "T11": [
        0.08269961404477733,
        0.1426224680345651,
        0.20254532202435288
    ],
    "T12": [
        0.04494060400618535,
        0.11863085524857507,
        0.1923211064909648
    ],
    "T13": [
        0.0,
        0.004373502583744726,
        0.013318319707963405
    ],
    "T14": [
        0.0,
        0.027541155237618666,
        0.0838691423081747
    ],
    "T15": [
        0.09798429195850936,
        0.16150975581813895,
        0.22503521967776854
    ],
    "T16": [
        0.4503148433421147,
        0.6333333333333333,
        0.8163518233245519
    ],
    "T17": [
        0.0,
        0.015785827196869336,
        0.03506437325890402
    ],
    "T18": [
        0.025799748242003734,
        0.0835155907635834,
        0.14123143328516308
    ],
    "T19": [
        0.41760281761569085,
        0.48067859369534605,
        0.5437543697750012
    ],
    "T20": [
        0.07191562231445287,
        0.13862449291596105,
        0.20533336351746923
    ],
    "T21": [
        0.16224094472753825,
        0.3048518075564462,
        0.44746267038535414
    ],
    "T22": [
        0.10520376694766032,
        0.1280781165172268,
        0.1509524660867933
    ],
    "T23": [
        0.007992500386698353,
        0.06365957637008693,
        0.1193266523534755
    ],
    "T24": [
        0.0,
        0.026261611549809705,
        0.06459059598752304
    ],
    "T25": [
        0.05295576732876922,
        0.17901750904452132,
        0.3050792507602734
    ],
    "T26": [
        0.025127435798330655,
        0.16666666666666666,
        0.30820589753500266
    ],
    "T27": [
        0.04382737499615616,
        0.07443199537845399,
        0.10503661576075182
    ],
    "T28": [
        0.025127435798330655,
        0.16666666666666666,
        0.30820589753500266
    ],
    "T29": [
        0.06400278808320059,
        0.12892120761779458,
        0.19383962715238856
    ],
    "T30": [
        0.0,
        0.0,
        0.0
    ],
    "T31": [
        0.0,
        0.009246008411620562,
        0.02238498024307685
    ],
    "T32": [
        0.0,
        0.0,
        0.0
    ],
    "T33": [
        0.011058816278815276,
        0.08808251803598827,
        0.16510621979316126
    ],
    "T34": [
        0.09106118020845347,
        0.13127931399251436,
        0.17149744777657525
    ],
    "T35": [
        0.16378167965998236,
        0.2413305875856168,
        0.3188794955112512
    ],
    "T36": [
        0.15204371169767822,
        0.2003598268529383,
        0.24867594200819837
    ],
    "T37": [
        0.14286666752111654,
        0.22052144395141643,
        0.2981762203817163
    ],
    "T38": [
        0.024657060925083185,
        0.07913738123051044,
        0.1336177015359377
    ],
    "T39": [
        0.0,
        0.0,
        0.0
    ],
    "T40": [
        0.043821280959702835,
        0.12781491965442196,
        0.21180855834914109
    ],
    "T41": [
        0.037714127326895275,
        0.10949836940530985,
        0.18128261148372443
    ],
    "T42": [
        0.01826941555923367,
        0.08230929086742522,
        0.14634916617561677
    ],
    "T43": [
        0.0727003361293263,
        0.23333333333333334,
        0.39396633053734037
    ],
    "T44": [
        0.08952488451407081,
        0.17571934019976224,
        0.26191379588545366
    ],
    "T45": [
        0.022235385118328982,
        0.05444367712466151,
        0.08665196913099404
    ]
}