{
    "model_global_ndcg": {
        "mean": 0.6725535225239843,
        "margin": 0.08810536456217122,
        "interval": [
            0.584448157961813,
            0.6725535225239843,
            0.7606588870861555
        ]
    }
}