{
    "model_global_ndcg": {
        "mean": 0.14159714640046484,
        "margin": 0.03243099970716423,
        "interval": [
            0.1091661466933006,
            0.14159714640046484,
            0.17402814610762907
        ]
    }
}