{
    "model_global_ndcg": {
        "mean": 0.1545940275985369,
        "margin": 0.03859541977667469,
        "interval": [
            0.11599860782186222,
            0.1545940275985369,
            0.1931894473752116
        ]
    }
}