{
    "T1": [
        0.10242778040885775,
        0.1640521157192919,
        0.22567645102972606
    ],
    "T2": [
        0.18849380273954142,
        0.25664302725629085,
        0.3247922517730403
    ],
    "T3": [
        0.05632454585227048,
        0.12923716346970088,
        0.20214978108713128
    ],
    "T4": [
        0.08022659692968953,
        0.15318668393164964,
        0.22614677093360974
    ],
    "T5": [
        0.20982611964196024,
        0.2681223694352175,
        0.32641861922847476
    ],
    "T6": [
        0.08658625262032191,
        0.1577874317989761,
        0.22898861097763032
    ],
    "T7": [
        0.008665003563154236,
        0.03568400116408053,
        0.06270299876500682
    ],
    "T8": [
        0.08711172760889124,
        0.18057190639799495,
        0.27403208518709865
    ],
    "T9": [
        0.0,
        0.039139321256214436,
        0.08637359939266165
    ],
    "T10": [
        0.0,
        0.03020609293249229,
        0.07207541135843012
    ],
    "T11": [
        0.008369642391234555,
        0.046118878912377856,
        0.08386811543352116
    ],
    "T12": [
        0.026316520876495858,
        0.10027071303975237,
        0.17422490520300887
    ],
    "T13": [
        0.0,
        0.018259546432283728,
        0.03756713202669231
    ],
    "T14": [
        0.0,
        0.0,
        0.0
    ],
    "T15": [
        0.04469831981424291,
        0.10041599586478252,
        0.15613367191532213
    ],
    "T16": [
        0.5352834247661453,
        0.6736179316406794,
        0.8119524385152135
    ],
    "T17": [
        0.21088280716072605,
        0.3257198195303269,
        0.4405568318999278
    ],
    "T18": [
        0.0,
        0.022400199898476192,
        0.04608609913346609
    ],
    "T19": [
        0.39978150656717104,
        0.44898166025403596,
        0.4981818139409009
    ],
    "T20": [
        0.05082892255099411,
        0.09968049666484095,
        0.1485320707786878
    ],
    "T21": [
        0.09414575769161199,
        0.20650100991309708,
        0.3188562621345822
    ],
    "T22": [
        0.12008332285372911,
        0.16122386289563653,
        0.20236440293754396
    ],
    "T23": [
        0.022228104651558916,
        0.07835365613737369,
        0.13447920762318846
    ],
    "T24": [
        0.06380703851137401,
        0.14409017729595716,
        0.2243733160805403
    ],
    "T25": [
        0.008431928268212208,
        0.10513916887411368,
        0.20184640948001514
    ],
    "T26": [
        0.0,
        0.08102255193577976,
        0.17880252436827854
    ],
    "T27": [
        0.05181380519297141,
        0.08626325200764644,
        0.12071269882232147
    ],
    "T28": [
        0.0251274357983306,
        0.16666666666666666,
        0.3082058975350027
    ],
    "T29": [
        0.0260713252327118,
        0.0758623337621121,
        0.1256533422915124
    ],
    "T30": [
        0.04314521461562704,
        0.12878812381659047,
        0.2144310330175539
    ],
    "T31": [
        0.02227127403243534,
        0.04284755993528517,
        0.063423845838135
    ],
    "T32": [
        0.0,
        0.02086233703022342,
        0.05416412925122621
    ],
    "T33": [
        0.06113573203257944,
        0.15065301483902246,
        0.2401702976454655
    ],
    "T34": [
        0.0610487287575919,
        0.12115394596987378,
        0.18125916318215565
    ],
    "T35": [
        0.15829948125634424,
        0.24193825584412562,
        0.325577030431907
    ],
    "T36": [
        0.21685116034942298,
        0.2833694231637599,
        0.34988768597809683
    ],
    "T37": [
        0.205049395728303,
        0.27959081392719404,
        0.3541322321260851
    ],
    "T38": [
        0.0005549569557827538,
        0.017494010334978903,
        0.03443306371417505
    ],
    "T39": [
        0.04184285216530037,
        0.08777922791666842,
        0.13371560366803648
    ],
    "T40": [
        0.040443080165733586,
        0.12980295838730257,
        0.21916283660887156
    ],
    "T41": [
        0.2664630768731281,
        0.36651767682312986,
        0.4665722767731316
    ],
    "T42": [
        0.22131829720114393,
        0.3015841955940603,
        0.38185009398697667
    ],
    "T43": [
        0.0,
        0.11289509357448473,
        0.2282431449418538
    ],
    "T44": [
        0.06925802135076467,
        0.13777523463326052,
        0.20629244791575638
    ],
    "T45": [
        0.10648203700388581,
        0.17846133505635198,
        0.25044063310881814
    ]
}