{
    "model_global_ndcg": {
        "mean": 0.12650326252505095,
        "margin": 0.0346400374023107,
        "interval": [
            0.09186322512274026,
            0.12650326252505095,
            0.16114329992736165
        ]
    }
}