{
    "model_global_ndcg": {
        "mean": 0.1509987855363837,
        "margin": 0.03484766247055554,
        "interval": [
            0.11615112306582817,
            0.1509987855363837,
            0.18584644800693925
        ]
    }
}