{
    "model_global_ndcg": {
        "mean": 0.15099878553638366,
        "margin": 0.03484766247055551,
        "interval": [
            0.11615112306582814,
            0.15099878553638366,
            0.18584644800693917
        ]
    }
}