{
    "model_global_ndcg": {
        "mean": 0.17443161447954278,
        "margin": 0.04382347817872509,
        "interval": [
            0.1306081363008177,
            0.17443161447954278,
            0.21825509265826787
        ]
    }
}