{
    "T1": [
        0.07615549404117153,
        0.1356933580571022,
        0.19523122207303287
    ],
    "T2": [
        0.27025184794635565,
        0.3667051989823564,
        0.4631585500183571
    ],
    "T3": [
        0.011058816278815276,
        0.08808251803598827,
        0.16510621979316126
    ],
    "T4": [
        0.11772284636592578,
        0.18786008066083223,
        0.2579973149557387
    ],
    "T5": [
        0.22223279824279785,
        0.29526976022393875,
        0.36830672220507965
    ],
    "T6": [
        0.15899445236970783,
        0.2353515555747506,
        0.31170865877979337
    ],
    "T7": [
        0.014432062372531362,
        0.05316664623001365,
        0.09190123008749594
    ],
    "T8": [
        0.0908685401599641,
        0.14587635308835945,
        0.2008841660167548
    ],
    "T9": [
        0.00017948743597352365,
        0.010693401255185387,
        0.02120731507439725
    ],
    "T10": [
        0.0,
        0.010080928901688076,
        0.02479410696608971
    ],
    "T11": [
        0.29411330286007786,
        0.37272142018544224,
        0.4513295375108066
    ],
    "T12": [
        0.04779751698718632,
        0.13142153642106408,
        0.21504555585494184
    ],
    "T13": [
        0.01291758301494643,
        0.04513411592013269,
        0.07735064882531895
    ],
    "T14": [
        0.0,
        0.027541155237618666,
        0.0838691423081747
    ],
    "T15": [
        0.07772876788628008,
        0.14126781360568583,
        0.20480685932509157
    ],
    "T16": [
        0.6348192601211778,
        0.7707737541096568,
        0.9067282480981357
    ],
    "T17": [
        0.0009803043890684038,
        0.06732934624429353,
        0.13367838809951865
    ],
    "T18": [
        0.0363731909695843,
        0.10295234333526268,
        0.16953149570094106
    ],
    "T19": [
        0.4970723922838991,
        0.5520287247434611,
        0.6069850572030231
    ],
    "T20": [
        0.09894387278453698,
        0.1702522721213176,
        0.24156067145809823
    ],
    "T21": [
        0.148509620030424,
        0.28174858411969367,
        0.41498754820896333
    ],
    "T22": [
        0.09192773465063067,
        0.12200003681770287,
        0.15207233898477507
    ],
    "T23": [
        0.042571549024797845,
        0.11258450767993607,
        0.1825974663350743
    ],
    "T24": [
        0.0,
        0.0,
        0.0
    ],
    "T25": [
        0.08278865887252407,
        0.2138298016856395,
        0.34487094449875494
    ],
    "T26": [
        0.08659997509726536,
        0.2316153039626464,
        0.37663063282802745
    ],
    "T27": [
        0.13324480577938894,
        0.17227454510467444,
        0.21130428442995994
    ],
    "T28": [
        0.025127435798330655,
        0.16666666666666666,
        0.30820589753500266
    ],
    "T29": [
        0.08281753080486129,
        0.14950557789395102,
        0.21619362498304076
    ],
    "T30": [
        0.02925609274230656,
        0.11042352691280202,
        0.19159096108329748
    ],
    "T31": [
        0.0,
        0.023115021029051407,
        0.05377820775780051
    ],
    "T32": [
        0.0,
        0.011065488669166207,
        0.029424574144418437
    ],
    "T33": [
        0.10738189801147285,
        0.20745028447349365,
        0.30751867093551444
    ],
    "T34": [
        0.1657701303352357,
        0.25454777887397423,
        0.34332542741271277
    ],
    "T35": [
        0.2014053375289533,
        0.2912220653851136,
        0.3810387932412739
    ],
    "T36": [
        0.223355745683817,
        0.26974839750540824,
        0.3161410493269995
    ],
    "T37": [
        0.22267832620082528,
        0.2910680145032033,
        0.3594577028055813
    ],
    "T38": [
        0.06659745145339827,
        0.12942872482752457,
        0.19225999820165088
    ],
    "T39": [
        0.0,
        0.0,
        0.0
    ],
    "T40": [
        0.04528682736846662,
        0.13951442658987157,
        0.2337420258112765
    ],
    "T41": [
        0.08903961860318454,
        0.18193826324053958,
        0.2748369078778946
    ],
    "T42": [
        0.05890002407790529,
        0.14115464543371262,
        0.22340926678951994
    ],
    "T43": [
        0.0,
        0.06666666666666667,
        0.16140283998979837
    ],
    "T44": [
        0.16839613466062536,
        0.25224948844795003,
        0.3361028422352747
    ],
    "T45": [
        0.0572854735455644,
        0.11940255215588622,
        0.18151963076620803
    ]
}