{
    "model_global_ndcg": {
        "mean": 0.10010808867440599,
        "margin": 0.05989465290615467,
        "interval": [
            0.040213435768251315,
            0.10010808867440599,
            0.16000274158056066
        ]
    }
}