{
    "model_global_ndcg": {
        "mean": 0.06408857934087601,
        "margin": 0.030966063205991476,
        "interval": [
            0.03312251613488454,
            0.06408857934087601,
            0.09505464254686749
        ]
    }
}