{
    "model_global_ndcg": {
        "mean": 0.064088579340876,
        "margin": 0.030966063205991476,
        "interval": [
            0.033122516134884525,
            0.064088579340876,
            0.09505464254686748
        ]
    }
}