{
    "model_global_ndcg": {
        "mean": 0.064088579340876,
        "margin": 0.03096606320599149,
        "interval": [
            0.03312251613488451,
            0.064088579340876,
            0.09505464254686749
        ]
    }
}