{
    "T3": [
        0.0,
        0.0,
        0.0
    ],
    "T1": [
        0.29991959036527954,
        0.3681386264467792,
        0.43635766252827884
    ],
    "T20": [
        0.07619852775508473,
        0.1543704493015202,
        0.23254237084795565
    ],
    "T30": [
        0.0,
        0.0,
        0.0
    ],
    "T6": [
        0.0,
        0.0,
        0.0
    ],
    "T42": [
        0.0,
        0.0,
        0.0
    ],
    "T23": [
        0.0001575610023752394,
        0.032703966649239954,
        0.06525037229610467
    ],
    "T10": [
        0.0,
        0.0,
        0.0
    ],
    "T32": [
        0.0,
        0.0,
        0.0
    ],
    "T33": [
        0.10359853694302429,
        0.19758088744129812,
        0.29156323793957195
    ],
    "T31": [
        0.0,
        0.0,
        0.0
    ],
    "T24": [
        0.0,
        0.0,
        0.0
    ],
    "T41": [
        0.0,
        0.0,
        0.0
    ],
    "T2": [
        0.0,
        0.0,
        0.0
    ],
    "T7": [
        0.0,
        0.0,
        0.0
    ],
    "T15": [
        0.0,
        0.0,
        0.0
    ],
    "T45": [
        0.01630823221318732,
        0.06783204105472322,
        0.11935584989625912
    ],
    "T43": [
        0.0,
        0.025790187148969444,
        0.06243914174568105
    ],
    "T28": [
        0.0,
        0.0,
        0.0
    ],
    "T9": [
        0.0,
        0.0,
        0.0
    ],
    "T18": [
        0.0,
        0.0,
        0.0
    ],
    "T34": [
        0.0,
        0.0035768443097495997,
        0.008659692446924034
    ],
    "T38": [
        0.04272012305489151,
        0.10174806158208484,
        0.16077600010927817
    ],
    "T13": [
        0.0,
        0.0,
        0.0
    ],
    "T39": [
        0.20917952198553724,
        0.290176781671766,
        0.3711740413579948
    ],
    "T21": [
        0.0,
        0.0,
        0.0
    ],
    "T27": [
        0.06485210783923515,
        0.08800034745544193,
        0.11114858707164871
    ],
    "T12": [
        0.014333518325184494,
        0.03428923178946796,
        0.054244945253751425
    ],
    "T26": [
        0.018203659400698236,
        0.1420619835714305,
        0.26592030774216274
    ],
    "T35": [
        0.0,
        0.0,
        0.0
    ],
    "T4": [
        0.03348100750717406,
        0.09044272140629762,
        0.1474044353054212
    ],
    "T44": [
        0.037768281030730086,
        0.05563289029186124,
        0.0734974995529924
    ],
    "T14": [
        0.0,
        0.010654373218155079,
        0.03244501314227064
    ],
    "T8": [
        0.0,
        0.0,
        0.0
    ],
    "T5": [
        0.0021709698270580904,
        0.00907730010816422,
        0.01598363038927035
    ],
    "T22": [
        0.018423130715742878,
        0.043182275987439664,
        0.06794142125913645
    ],
    "T36": [
        0.15983796994291632,
        0.20290139264469217,
        0.24596481534646802
    ],
    "T37": [
        0.0,
        0.0,
        0.0
    ],
    "T19": [
        0.34503381367981617,
        0.3925992835953517,
        0.4401647535108872
    ],
    "T25": [
        0.0,
        0.0,
        0.0
    ],
    "T17": [
        0.07007053138443564,
        0.1668895179265319,
        0.26370850446862815
    ],
    "T29": [
        0.1007104087440018,
        0.15403547186400038,
        0.20736053498399895
    ],
    "T16": [
        0.0,
        0.0,
        0.0
    ],
    "T40": [
        0.0,
        0.0,
        0.0
    ],
    "T11": [
        0.20597761138272075,
        0.25230143487445544,
        0.29862525836619014
    ]
}