{
    "T22": [
        0.0,
        0.0,
        0.0,
        0.0,
        0.0,
        0.0,
        0.0,
        0.0,
        0.0,
        0.0
    ],
    "T3": [
        0.0,
        0.0,
        0.0,
        0.0,
        0.0,
        0.0,
        0.0,
        0.0,
        0.0,
        0.0
    ],
    "T37": [
        0.21398626473452753,
        0.21398626473452753,
        0.21398626473452753,
        0.21398626473452753,
        0.21398626473452753,
        0.21398626473452753,
        0.21398626473452753,
        0.21398626473452753,
        0.21398626473452753,
        0.21398626473452753
    ],
    "T17": [
        0.0,
        0.0,
        0.0,
        0.0,
        0.0,
        0.0,
        0.0,
        0.0,
        0.0,
        0.0
    ],
    "T32": [
        0.0,
        0.0,
        0.20804563373066753,
        0.0,
        0.0,
        0.0,
        0.0,
        0.20804563373066753,
        0.0,
        0.0
    ],
    "T28": [
        0.5,
        0.5,
        0.5,
        0.5,
        0.5,
        0.5,
        0.5,
        0.5,
        0.5,
        0.5
    ],
    "T29": [
        0.33916020527361607,
        0.13120507751234178,
        0.47036528278595785,
        0.47036528278595785,
        0.33916020527361607,
        0.13120507751234178,
        0.33916020527361607,
        0.33916020527361607,
        0.33916020527361607,
        0.33916020527361607
    ],
    "T4": [
        0.16958010263680803,
        0.38784965522118486,
        0.21398626473452753,
        0.2577212905719748,
        0.21826955258437686,
        0.21398626473452753,
        0.3956869061525521,
        0.21398626473452753,
        0.16958010263680803,
        0.16958010263680803
    ],
    "T35": [
        0.0,
        0.0,
        0.0,
        0.0,
        0.0,
        0.0,
        0.0,
        0.0,
        0.0,
        0.0
    ],
    "T27": [
        0.0,
        0.0,
        0.0,
        0.0,
        0.0,
        0.0,
        0.0,
        0.0,
        0.0,
        0.0
    ],
    "T1": [
        0.5181822849033655,
        0.6608397947263838,
        0.6608397947263838,
        0.5181822849033655,
        0.5181822849033655,
        0.5296347172140421,
        0.5181822849033655,
        0.6608397947263838,
        0.6608397947263838,
        0.5181822849033655
    ],
    "T16": [
        0.6309297535714574,
        0.6309297535714574,
        0.6309297535714574,
        0.6309297535714574,
        0.6309297535714574,
        0.6309297535714574,
        0.6309297535714574,
        0.6309297535714574,
        0.6309297535714574,
        0.6309297535714574
    ],
    "T18": [
        0.0,
        0.0,
        0.0,
        0.0,
        0.0,
        0.0,
        0.0,
        0.0,
        0.0,
        0.0
    ],
    "T45": [
        0.4468535299918563,
        0.4468535299918563,
        0.4468535299918563,
        0.4468535299918563,
        0.4468535299918563,
        0.4468535299918563,
        0.4468535299918563,
        0.4468535299918563,
        0.4468535299918563,
        0.4468535299918563
    ],
    "T30": [
        0.0,
        0.0,
        0.0,
        0.0,
        0.0,
        0.0,
        0.0,
        0.0,
        0.0,
        0.0
    ],
    "T33": [
        0.4367467095119259,
        0.4367467095119259,
        0.4367467095119259,
        0.4367467095119259,
        0.4367467095119259,
        0.4367467095119259,
        0.4367467095119259,
        0.4367467095119259,
        0.4367467095119259,
        0.4367467095119259
    ],
    "T5": [
        0.1898033756801537,
        0.04373502583744726,
        0.04868944994756881,
        0.04373502583744726,
        0.04373502583744726,
        0.04373502583744726,
        0.04373502583744726,
        0.04373502583744726,
        0.04868944994756881,
        0.2133151284742553
    ],
    "T12": [
        0.5562983930884396,
        0.5562983930884396,
        0.5562983930884396,
        0.5562983930884396,
        0.5562983930884396,
        0.5562983930884396,
        0.5562983930884396,
        0.5562983930884396,
        0.5562983930884396,
        0.5562983930884396
    ],
    "T21": [
        0.0,
        0.0,
        0.0,
        0.0,
        0.0,
        0.0,
        0.0,
        0.0,
        0.0,
        0.0
    ],
    "T26": [
        0.0,
        0.0,
        0.0,
        0.0,
        0.0,
        0.0,
        0.0,
        0.0,
        0.0,
        0.0
    ],
    "T20": [
        0.0,
        0.0,
        0.0,
        0.0,
        0.0,
        0.0,
        0.0,
        0.0,
        0.0,
        0.0
    ],
    "T9": [
        0.0,
        0.0,
        0.0,
        0.0,
        0.0,
        0.0,
        0.0,
        0.0,
        0.0,
        0.0
    ],
    "T39": [
        0.0,
        0.0,
        0.0,
        0.0,
        0.0,
        0.0,
        0.0,
        0.0,
        0.0,
        0.0
    ],
    "T25": [
        0.0,
        0.0,
        0.0,
        0.0,
        0.0,
        0.0,
        0.0,
        0.0,
        0.0,
        0.0
    ],
    "T42": [
        0.0,
        0.0,
        0.0,
        0.0,
        0.0,
        0.0,
        0.0,
        0.0,
        0.0,
        0.0
    ],
    "T36": [
        0.0,
        0.0,
        0.0,
        0.0,
        0.0,
        0.0,
        0.0,
        0.0,
        0.0,
        0.0
    ],
    "T10": [
        0.0,
        0.0,
        0.0,
        0.0,
        0.0,
        0.0,
        0.0,
        0.0,
        0.0,
        0.0
    ],
    "T7": [
        0.0781764177375172,
        0.08703245752405495,
        0.08703245752405495,
        0.0,
        0.0,
        0.0,
        0.0,
        0.08703245752405495,
        0.0,
        0.0781764177375172
    ],
    "T40": [
        0.4635819942403664,
        0.4635819942403664,
        0.4635819942403664,
        0.4635819942403664,
        0.4635819942403664,
        0.4635819942403664,
        0.4635819942403664,
        0.4635819942403664,
        0.4635819942403664,
        0.4635819942403664
    ],
    "T43": [
        0.6309297535714575,
        0.6309297535714575,
        0.6309297535714575,
        0.6309297535714575,
        0.6309297535714575,
        0.6309297535714575,
        0.6309297535714575,
        0.6309297535714575,
        0.6309297535714575,
        0.6309297535714575
    ],
    "T19": [
        0.21826955258437686,
        0.21826955258437686,
        0.21826955258437686,
        0.21826955258437686,
        0.21826955258437686,
        0.21826955258437686,
        0.21826955258437686,
        0.21826955258437686,
        0.21826955258437686,
        0.21826955258437686
    ],
    "T31": [
        0.0,
        0.0,
        0.0,
        0.0,
        0.0,
        0.0,
        0.0,
        0.0,
        0.0,
        0.0
    ],
    "T14": [
        0.0,
        0.0,
        0.0,
        0.0,
        0.0,
        0.0,
        0.0,
        0.0,
        0.0,
        0.0
    ],
    "T24": [
        0.0,
        0.0,
        0.0,
        0.0,
        0.0,
        0.0,
        0.0,
        0.0,
        0.0,
        0.0
    ],
    "T34": [
        0.0,
        0.06934506308715421,
        0.0,
        0.0,
        0.05973058617951576,
        0.0,
        0.0,
        0.05973058617951576,
        0.0,
        0.0
    ],
    "T38": [
        0.36005461457723403,
        0.36005461457723403,
        0.36005461457723403,
        0.36005461457723403,
        0.36005461457723403,
        0.36005461457723403,
        0.36005461457723403,
        0.36005461457723403,
        0.36005461457723403,
        0.36005461457723403
    ],
    "T44": [
        0.24153350098894139,
        0.31088204556583054,
        0.10159378150546945,
        0.18210494850178324,
        0.3431272824944109,
        0.41247582707130004,
        0.3431272824944109,
        0.3431272824944109,
        0.0,
        0.3431272824944109
    ],
    "T8": [
        0.0,
        0.0,
        0.0,
        0.0,
        0.0,
        0.0,
        0.0,
        0.0,
        0.0,
        0.0
    ],