{
    "T3": [
        0.0,
        0.0,
        0.0
    ],
    "T1": [
        0.5243369798761887,
        0.5763905320636404,
        0.6284440842510922
    ],
    "T20": [
        0.0,
        0.0,
        0.0
    ],
    "T30": [
        0.0,
        0.0,
        0.0
    ],
    "T6": [
        0.0,
        0.0,
        0.0
    ],
    "T42": [
        0.0,
        0.0,
        0.0
    ],
    "T23": [
        0.1489596795740186,
        0.15782422623975723,
        0.16668877290549586
    ],
    "T10": [
        0.0,
        0.0,
        0.0
    ],
    "T32": [
        0.0,
        0.041609126746133505,
        0.10436004948538016
    ],
    "T33": [
        0.4367467095119258,
        0.43674670951192585,
        0.4367467095119259
    ],
    "T31": [
        0.0,
        0.0,
        0.0
    ],
    "T24": [
        0.0,
        0.0,
        0.0
    ],
    "T41": [
        0.0,
        0.0,
        0.0
    ],
    "T2": [
        0.0,
        0.0,
        0.0
    ],
    "T7": [
        0.010182201033579766,
        0.04174502080471993,
        0.0733078405758601
    ],
    "T15": [
        0.0,
        0.0,
        0.0
    ],
    "T45": [
        0.0,
        0.4468535299918563,
        NaN
    ],
    "T43": [
        0.0,
        0.6309297535714575,
        NaN
    ],
    "T28": [
        0.0,
        0.5,
        NaN
    ],
    "T9": [
        0.0,
        0.0,
        0.0
    ],
    "T18": [
        0.0,
        0.0,
        0.0
    ],
    "T34": [
        0.0,
        0.018880623544618575,
        0.0407083812988796
    ],
    "T38": [
        0.3600546145772339,
        0.360054614577234,
        0.36005461457723403
    ],
    "T13": [
        0.48522855511632257,
        0.4852285551163226,
        0.4852285551163227
    ],
    "T39": [
        0.0,
        0.0,
        0.0
    ],
    "T21": [
        0.0,
        0.0,
        0.0
    ],
    "T27": [
        0.0,
        0.0,
        0.0
    ],
    "T12": [
        0.5562983930884396,
        0.5562983930884398,
        0.5562983930884399
    ],
    "T26": [
        0.0,
        0.0,
        0.0
    ],
    "T35": [
        0.0,
        0.0,
        0.0
    ],
    "T4": [
        0.18080187197406783,
        0.24102265066440953,
        0.30124342935475124
    ],
    "T44": [
        0.1689806058549943,
        0.26210992336109684,
        0.3552392408671994
    ],
    "T14": [
        0.0,
        0.0,
        0.0
    ],
    "T8": [
        0.0,
        0.0,
        0.0
    ],
    "T5": [
        0.02887308354307999,
        0.07629075590742301,
        0.12370842827176604
    ],
    "T22": [
        0.0,
        0.0,
        0.0
    ],
    "T36": [
        0.0,
        0.0,
        0.0
    ],
    "T37": [
        0.21398626473452748,
        0.2139862647345275,
        0.21398626473452753
    ],
    "T19": [
        0.2182695525843768,
        0.21826955258437683,
        0.21826955258437686
    ],
    "T25": [
        0.0,
        0.0,
        0.0
    ],
    "T17": [
        0.0,
        0.0,
        0.0
    ],
    "T29": [
        0.2417036238919743,
        0.3238101952238296,
        0.40591676655568487
    ],
    "T16": [
        0.6309297535714574,
        0.6309297535714575,
        0.6309297535714576
    ],
    "T40": [
        0.4635819942403663,
        0.46358199424036634,
        0.4635819942403664
    ],
    "T11": [
        0.0,
        0.0,
        0.0
    ]
}