{
    "model_global_ndcg": {
        "mean": 0.08456237325760849,
        "margin": 0.0572243301442196,
        "interval": [
            0.027338043113388888,
            0.08456237325760849,
            0.14178670340182808
        ]
    }
}