{
    "model_global_ndcg": {
        "mean": 0.15149111152687356,
        "margin": 0.03437228132486281,
        "interval": [
            0.11711883020201075,
            0.15149111152687356,
            0.18586339285173636
        ]
    }
}