{
    "model_global_ndcg": {
        "mean": 0.15149111152687358,
        "margin": 0.03437228132486281,
        "interval": [
            0.11711883020201078,
            0.15149111152687358,
            0.1858633928517364
        ]
    }
}