{
    "T22": [
        0.0533094524261703,
        0.08480386857492486,
        0.11629828472367942
    ],
    "T3": [
        0.18202086272794732,
        0.2798901783087233,
        0.3777594938894993
    ],
    "T37": [
        0.15991651691806402,
        0.25002612930510526,
        0.3401357416921465
    ],
    "T17": [
        0.03449502591380024,
        0.11166281316287763,
        0.188830600411955
    ],
    "T32": [
        0.0,
        0.021469644532350344,
        0.05582283776069688
    ],
    "T28": [
        0.004229691154525261,
        0.13333333333333333,
        0.2624369755121414
    ],
    "T29": [
        0.06897448758154046,
        0.11862096612144526,
        0.16826744466135007
    ],
    "T4": [
        0.14447798388733707,
        0.22824361348504582,
        0.3120092430827546
    ],
    "T35": [
        0.19557214835035736,
        0.2810146092827292,
        0.36645707021510104
    ],
    "T27": [
        0.05926600673931215,
        0.10335907165664343,
        0.1474521365739747
    ],
    "T1": [
        0.0011963142499530205,
        0.008307096779344512,
        0.015417879308736004
    ],
    "T16": [
        0.3822122306084905,
        0.5549570771459151,
        0.7277019236833397
    ],
    "T18": [
        0.052871963300136604,
        0.13175824399114605,
        0.2106445246821555
    ],
    "T45": [
        0.09263622643693042,
        0.1589469319455304,
        0.22525763745413035
    ],
    "T30": [
        0.0,
        0.053888828877918446,
        0.11311780605573166
    ],
    "T33": [
        0.018244417419466585,
        0.084950032553811,
        0.15165564768815543
    ],
    "T5": [
        0.19546673182608343,
        0.2690110382000878,
        0.3425553445740922
    ],
    "T12": [
        0.0518564964932515,
        0.13494408624216644,
        0.2180316759910814
    ],
    "T21": [
        0.07780444488082466,
        0.17851681455942406,
        0.27922918423802345
    ],
    "T26": [
        0.0,
        0.06666666666666667,
        0.16140283998979837
    ],
    "T20": [
        0.12351010234118293,
        0.20161686746780488,
        0.27972363259442684
    ],
    "T9": [
        0.0,
        0.024856103915865995,
        0.05959999973155411
    ],
    "T39": [
        0.0,
        0.0,
        0.0
    ],
    "T25": [
        0.0,
        0.0740086502978591,
        0.15370790310355686
    ],
    "T42": [
        0.09492499395325094,
        0.18221642915655498,
        0.269507864359859
    ],
    "T36": [
        0.20408660709101695,
        0.2705203983479874,
        0.3369541896049579
    ],
    "T10": [
        0.0019628124060336177,
        0.05577644874809784,
        0.10959008509016206
    ],
    "T7": [
        0.024006086127617093,
        0.07337495705923307,
        0.12274382799084904
    ],
    "T40": [
        0.02481335558085973,
        0.10588787437803046,
        0.1869623931752012
    ],
    "T43": [
        0.0,
        0.06666666666666667,
        0.16140283998979837
    ],
    "T19": [
        0.4042523886306226,
        0.4731680440476935,
        0.5420836994647644
    ],
    "T31": [
        0.0,
        0.04914683296243451,
        0.10041086280583893
    ],
    "T14": [
        0.0,
        0.00918038507920622,
        0.02795638076939156
    ],
    "T24": [
        0.008385426820228734,
        0.0518840485872504,
        0.09538267035427207
    ],
    "T34": [
        0.16966076726099844,
        0.2558238565090638,
        0.3419869457571292
    ],
    "T38": [
        0.058403585337089,
        0.11870607184576563,
        0.17900855835444227
    ],
    "T44": [
        0.11696639279595639,
        0.19897628124917938,
        0.28098616970240237
    ],
    "T8": [
        0.05738360227921216,
        0.14836734830569245,
        0.23935109433217275
    ],
    "T2": [
        0.23761110375555872,
        0.303920673708275,
        0.37023024366099133
    ],
    "T23": [
        0.06435769933151969,
        0.11635295440519847,
        0.16834820947887724
    ],
    "T41": [
        0.12258877574374477,
        0.22309290867425216,
        0.32359704160475955
    ],
    "T15": [
        0.05852863284702303,
        0.12052598887663281,
        0.18252334490624259
    ],
    "T11": [
        0.09753271764472915,
        0.16168392855581745,
        0.22583513946690575
    ],
    "T13": [
        0.039510490980694035,
        0.09259713435976916,
        0.14568377773884428
    ],
    "T6": [
        0.11067525374773479,
        0.18437812077979132,
        0.25808098781184785
    ]
}