{
    "model_global_ndcg": {
        "mean": 0.14980887599583717,
        "margin": 0.03560879934301028,
        "interval": [
            0.11420007665282689,
            0.14980887599583717,
            0.18541767533884745
        ]
    }
}