{
    "T1": [
        0.012652333562759577,
        0.061288760040802304,
        0.10992518651884503
    ],
    "T2": [
        0.2787301075700217,
        0.3633158657465297,
        0.4479016239230377
    ],
    "T3": [
        0.03657720096930514,
        0.10577322716856304,
        0.17496925336782093
    ],
    "T4": [
        0.03944756679892711,
        0.09084479720451452,
        0.14224202761010193
    ],
    "T5": [
        0.11240835343669608,
        0.1738867869408337,
        0.23536522044497132
    ],
    "T6": [
        0.08297997107664579,
        0.163464948750844,
        0.2439499264250422
    ],
    "T7": [
        0.012972069389101823,
        0.04520140151925312,
        0.07743073364940442
    ],
    "T8": [
        0.10356117507516821,
        0.18844535717150432,
        0.2733295392678404
    ],
    "T9": [
        0.015537095740941642,
        0.052523223099619404,
        0.08950935045829717
    ],
    "T10": [
        0.0,
        0.0,
        0.0
    ],
    "T11": [
        0.12715260448679672,
        0.19674519231424673,
        0.26633778014169673
    ],
    "T12": [
        0.059292900563003625,
        0.14282798595594864,
        0.22636307134889366
    ],
    "T13": [
        0.004766110867091937,
        0.019277472238720356,
        0.033788833610348776
    ],
    "T14": [
        0.0,
        0.027541155237618666,
        0.0838691423081747
    ],
    "T15": [
        0.06326794734818417,
        0.12595277905158495,
        0.18863761075498572
    ],
    "T16": [
        0.37834472685725573,
        0.5605843121769312,
        0.7428238974966066
    ],
    "T17": [
        0.0,
        0.046687946424082465,
        0.09527262348766885
    ],
    "T18": [
        0.035066844929090374,
        0.0884532249137194,
        0.14183960489834843
    ],
    "T19": [
        0.4825359928400368,
        0.5397258928971993,
        0.5969157929543618
    ],
    "T20": [
        0.07411243327962291,
        0.12974559645265168,
        0.18537875962568046
    ],
    "T21": [
        0.0030717233699278923,
        0.09683050157272075,
        0.1905892797755136
    ],
    "T22": [
        0.1313017205564905,
        0.17628821432524272,
        0.22127470809399494
    ],
    "T23": [
        0.05403135584144142,
        0.1260665335691012,
        0.19810171129676096
    ],
    "T24": [
        0.003970155731913783,
        0.04500612950462647,
        0.08604210327733916
    ],
    "T25": [
        0.05457570734268463,
        0.17945276238325208,
        0.30432981742381954
    ],
    "T26": [
        0.004229691154525261,
        0.13333333333333333,
        0.2624369755121414
    ],
    "T27": [
        0.09942890371496352,
        0.14369460333173328,
        0.18796030294850305
    ],
    "T28": [
        0.025127435798330655,
        0.16666666666666666,
        0.30820589753500266
    ],
    "T29": [
        0.07396291619801265,
        0.13822261401528294,
        0.20248231183255322
    ],
    "T30": [
        0.007289432568378301,
        0.05342185899051704,
        0.09955428541265578
    ],
    "T31": [
        0.0,
        0.02834331403628824,
        0.05934911377459891
    ],
    "T32": [
        0.0,
        0.005367411133087586,
        0.016344999483991395
    ],
    "T33": [
        0.011726631580611213,
        0.084950032553811,
        0.1581734335270108
    ],
    "T34": [
        0.15481534375409678,
        0.24702707204207425,
        0.3392388003300517
    ],
    "T35": [
        0.1826499986948218,
        0.2676114086574367,
        0.35257281862005163
    ],
    "T36": [
        0.22512005532711155,
        0.28455366400497434,
        0.34398727268283713
    ],
    "T37": [
        0.17710973999390173,
        0.2512787433877346,
        0.32544774678156746
    ],
    "T38": [
        0.04350935820537688,
        0.10015435840904335,
        0.15679935861270983
    ],
    "T39": [
        0.11227244715856116,
        0.2120741084591097,
        0.31187576975965825
    ],
    "T40": [
        0.032049791269756545,
        0.11169950693544956,
        0.19134922260114257
    ],
    "T41": [
        0.0995059888987676,
        0.19180766027273508,
        0.28410933164670255
    ],
    "T42": [
        0.069427650890729,
        0.15847432693940172,
        0.24752100298807445
    ],
    "T43": [
        0.0,
        0.06666666666666667,
        0.16140283998979837
    ],
    "T44": [
        0.1487523022382155,
        0.23991521924976697,
        0.33107813626131843
    ],
    "T45": [
        0.054539627604614144,
        0.1102067840674497,
        0.16587394053028526
    ]
}