{
    "model_global_ndcg": {
        "mean": 0.18927544095206802,
        "margin": 0.04348860687728448,
        "interval": [
            0.14578683407478354,
            0.18927544095206802,
            0.2327640478293525
        ]
    }
}