{
    "T1": [
        0.2598393721197849,
        0.3259010907524556,
        0.3919628093851263
    ],
    "T2": [
        0.36185892468196923,
        0.44059800675997807,
        0.5193370888379869
    ],
    "T3": [
        0.03435345506301299,
        0.11251013871858132,
        0.19066682237414964
    ],
    "T4": [
        0.06978953142119576,
        0.13012316452771877,
        0.19045679763424178
    ],
    "T5": [
        0.1982824670463918,
        0.25515407594588757,
        0.31202568484538334
    ],
    "T6": [
        0.14843448250918545,
        0.22505938726706937,
        0.3016842920249533
    ],
    "T7": [
        0.015175985839117348,
        0.049036423211524426,
        0.0828968605839315
    ],
    "T8": [
        0.08335131380598054,
        0.15248775286694427,
        0.221624191927908
    ],
    "T9": [
        0.00439249534856577,
        0.030128065110365275,
        0.05586363487216478
    ],
    "T10": [
        0.0,
        0.010080928901688076,
        0.02479410696608971
    ],
    "T11": [
        0.2797398548684416,
        0.3646037817020461,
        0.4494677085356506
    ],
    "T12": [
        0.06233379836943265,
        0.14434765485240064,
        0.22636151133536864
    ],
    "T13": [
        0.03260054694357156,
        0.08298372809887239,
        0.13336690925417322
    ],
    "T14": [
        0.0,
        0.027541155237618666,
        0.0838691423081747
    ],
    "T15": [
        0.11491356722984486,
        0.18243468367446938,
        0.2499558001190939
    ],
    "T16": [
        0.6284577663933206,
        0.7628357376810873,
        0.8972137089688539
    ],
    "T17": [
        0.0018233844509351615,
        0.059862769009517605,
        0.11790215356810005
    ],
    "T18": [
        0.035295114125211,
        0.09854279583695827,
        0.16179047754870554
    ],
    "T19": [
        0.5073379802260929,
        0.5628122761611422,
        0.6182865720961914
    ],
    "T20": [
        0.09517805274288701,
        0.16543681799527984,
        0.23569558324767267
    ],
    "T21": [
        0.14890344506288322,
        0.2828050835954535,
        0.41670672212802373
    ],
    "T22": [
        0.15513490674675667,
        0.17898606687135557,
        0.20283722699595447
    ],
    "T23": [
        0.02416043310232535,
        0.08696673703178194,
        0.14977304096123853
    ],
    "T24": [
        0.03658067034467605,
        0.09252142096853039,
        0.14846217159238473
    ],
    "T25": [
        0.06261924190950457,
        0.18819789412372753,
        0.3137765463379505
    ],
    "T26": [
        0.09132393199067051,
        0.23829041047924857,
        0.3852568889678266
    ],
    "T27": [
        0.1277091947700853,
        0.16690179282753323,
        0.20609439088498116
    ],
    "T28": [
        0.025127435798330655,
        0.16666666666666666,
        0.30820589753500266
    ],
    "T29": [
        0.09595684455017942,
        0.16987276188509357,
        0.24378867922000771
    ],
    "T30": [
        0.03917251886039644,
        0.1260346448361308,
        0.21289677081186517
    ],
    "T31": [
        0.0,
        0.018492016823241125,
        0.04808076134825788
    ],
    "T32": [
        0.0,
        0.0,
        0.0
    ],
    "T33": [
        0.10738189801147285,
        0.20745028447349365,
        0.30751867093551444
    ],
    "T34": [
        0.15720605612436278,
        0.23729378390299105,
        0.3173815116816193
    ],
    "T35": [
        0.2166686095688699,
        0.3058060199067721,
        0.39494343024467427
    ],
    "T36": [
        0.26108943827607106,
        0.32268888020147474,
        0.3842883221268784
    ],
    "T37": [
        0.23559536884820237,
        0.31717735087272064,
        0.3987593328972389
    ],
    "T38": [
        0.04639877243888213,
        0.10908197497234419,
        0.17176517750580625
    ],
    "T39": [
        0.03313892884501615,
        0.06302304423200945,
        0.09290715961900275
    ],
    "T40": [
        0.06486362937358708,
        0.1618508077423982,
        0.25883798611120934
    ],
    "T41": [
        0.11258375682860228,
        0.19332767648622104,
        0.2740715961438398
    ],
    "T42": [
        0.10949322050436838,
        0.1978590533573135,
        0.2862248862102586
    ],
    "T43": [
        0.02412625945339364,
        0.14306765580733932,
        0.262009052161285
    ],
    "T44": [
        0.1386031032060704,
        0.23022613743086104,
        0.3218491716556517
    ],
    "T45": [
        0.06548809034142627,
        0.1303262430367536,
        0.19516439573208094
    ]
}