{
    "model_global_ndcg": {
        "mean": 0.1652804800742997,
        "margin": 0.030633209494884878,
        "interval": [
            0.13464727057941484,
            0.1652804800742997,
            0.1959136895691846
        ]
    }
}