{
    "model_global_ndcg": {
        "mean": 0.6629640481820805,
        "margin": 0.08313279216705027,
        "interval": [
            0.5798312560150303,
            0.6629640481820805,
            0.7460968403491308
        ]
    }
}