{
    "model_global_ndcg": {
        "mean": 0.15099878553638366,
        "margin": 0.03484766247055554,
        "interval": [
            0.11615112306582812,
            0.15099878553638366,
            0.1858464480069392
        ]
    }
}