{
    "model_global_ndcg": {
        "mean": 0.643718463108493,
        "margin": 0.08250509740639655,
        "interval": [
            0.5612133657020965,
            0.643718463108493,
            0.7262235605148896
        ]
    }
}