{
    "model_global_ndcg": {
        "mean": 0.15973533426108913,
        "margin": 0.034132362526541754,
        "interval": [
            0.12560297173454738,
            0.15973533426108913,
            0.19386769678763088
        ]
    }
}