{
    "T16": [
        0.46882080832381823,
        0.6382904104792485,
        0.8077600126346788
    ],
    "T35": [
        0.1637680178137531,
        0.24887026192210635,
        0.3339725060304596
    ],
    "T45": [
        0.09533832738289122,
        0.15754949590286968,
        0.21976066442284814
    ],
    "T37": [
        0.15353553425987038,
        0.2426339517331774,
        0.3317323692064844
    ],
    "T11": [
        0.052263124194321525,
        0.10417246468463627,
        0.15608180517495102
    ],
    "T43": [
        0.011560458076666336,
        0.12956176024115137,
        0.2475630624056364
    ],
    "T32": [
        0.0,
        0.03022351504895358,
        0.06612837184111894
    ],
    "T38": [
        0.04272012305489151,
        0.10174806158208484,
        0.16077600010927817
    ],
    "T34": [
        0.13710143667624164,
        0.22299701507625347,
        0.3088925934762653
    ],
    "T18": [
        0.05650478030090003,
        0.13758920167425642,
        0.21867362304761281
    ],
    "T2": [
        0.2749602411939638,
        0.3502649997941417,
        0.42556975839431965
    ],
    "T26": [
        0.0,
        0.06666666666666667,
        0.1614028399897984
    ],
    "T28": [
        0.004229691154525261,
        0.13333333333333333,
        0.2624369755121414
    ],
    "T13": [
        0.05686604098322798,
        0.11839153617687302,
        0.17991703137051807
    ],
    "T23": [
        0.03199809278772242,
        0.08209779203702504,
        0.13219749128632766
    ],
    "T19": [
        0.39690543455847704,
        0.4622470833256275,
        0.5275887320927779
    ],
    "T4": [
        0.0904056033068373,
        0.16767370750726157,
        0.24494181170768584
    ],
    "T24": [
        0.02213428489353894,
        0.08747497839303495,
        0.15281567189253095
    ],
    "T39": [
        0.08553857326027109,
        0.1212049657782023,
        0.15687135829613352
    ],
    "T44": [
        0.10913685796648154,
        0.1900729391138761,
        0.27100902026127066
    ],
    "T41": [
        0.10738189801147285,
        0.20745028447349365,
        0.30751867093551444
    ],
    "T20": [
        0.0774438267198303,
        0.1557274184999993,
        0.2340110102801683
    ],
    "T1": [
        0.0754831516169785,
        0.1438081704771493,
        0.21213318933732012
    ],
    "T40": [
        0.03710217202061414,
        0.12229650597551063,
        0.20749083993040712
    ],
    "T8": [
        0.02856364757559937,
        0.09640023880619761,
        0.16423683003679584
    ],
    "T30": [
        0.017902671811784815,
        0.10318046484994627,
        0.18845825788810772
    ],
    "T31": [
        0.0,
        0.043598057391609726,
        0.09092659401820088
    ],
    "T10": [
        0.0,
        0.03708655953922932,
        0.07934182949523569
    ],
    "T33": [
        0.08250453281691833,
        0.16629563903978103,
        0.25008674526264374
    ],
    "T3": [
        0.18144632892560747,
        0.2819382632405396,
        0.38243019755547175
    ],
    "T29": [
        0.03485654216076316,
        0.07743863084852258,
        0.120020719536282
    ],
    "T27": [
        0.07412319944159707,
        0.1260552003666492,
        0.1779872012917013
    ],
    "T15": [
        0.07705883248773462,
        0.1381556913506846,
        0.19925255021363455
    ],
    "T9": [
        0.0,
        0.008753870516603235,
        0.021530198662507688
    ],
    "T14": [
        0.0008946143155670744,
        0.04858287025992749,
        0.0962711262042879
    ],
    "T12": [
        0.05872026566155494,
        0.146753508844298,
        0.23478675202704105
    ],
    "T21": [
        0.06507108190569216,
        0.1730720878702573,
        0.28107309383482243
    ],
    "T6": [
        0.07566914697186528,
        0.15239484185859928,
        0.22912053674533328
    ],
    "T5": [
        0.14012561565627263,
        0.21486186403609944,
        0.28959811241592626
    ],
    "T17": [
        0.05926899445643952,
        0.1463947275455747,
        0.23352046063470988
    ],
    "T22": [
        0.1347764053559527,
        0.17376595391062027,
        0.21275550246528785
    ],
    "T42": [
        0.1045355873966623,
        0.18230929086742526,
        0.2600829943381882
    ],
    "T7": [
        0.01855891352740896,
        0.07353473079698333,
        0.1285105480665577
    ],
    "T25": [
        0.0,
        0.062353447878736826,
        0.1295509784506413
    ],
    "T36": [
        0.24165212033103461,
        0.31281758203379256,
        0.3839830437365505
    ]
}