{
    "model_global_ndcg": {
        "mean": 0.15336147973402928,
        "margin": 0.03903204319866907,
        "interval": [
            0.11432943653536021,
            0.15336147973402928,
            0.19239352293269835
        ]
    }
}