{
    "T1": [
        0.18565256839109712,
        0.2654523803695233,
        0.34525219234794946
    ],
    "T2": [
        0.22142993458327503,
        0.2858749923020985,
        0.350320050020922
    ],
    "T3": [
        0.04763100720408092,
        0.12951532938571625,
        0.21139965156735158
    ],
    "T4": [
        0.09105156065223394,
        0.15115287547292441,
        0.2112541902936149
    ],
    "T5": [
        0.08375370014609002,
        0.1504275130102256,
        0.2171013258743612
    ],
    "T6": [
        0.0556460984855551,
        0.11938199108885389,
        0.18311788369215268
    ],
    "T7": [
        0.010396518309839134,
        0.048034681653833684,
        0.08567284499782823
    ],
    "T8": [
        0.0809454330617288,
        0.18368913832456452,
        0.28643284358740023
    ],
    "T9": [
        0.0,
        0.01552678928363453,
        0.03868953710975807
    ],
    "T10": [
        0.0,
        0.006181093256538219,
        0.018822848405596743
    ],
    "T11": [
        0.13870085675939897,
        0.22965019686259514,
        0.3205995369657913
    ],
    "T12": [
        0.04651924250377851,
        0.11881399280936703,
        0.19110874311495554
    ],
    "T13": [
        0.027463973130903485,
        0.08239015339478069,
        0.1373163336586579
    ],
    "T14": [
        0.0,
        0.0,
        0.0
    ],
    "T15": [
        0.0651245723932879,
        0.12307812705443003,
        0.18103168171557216
    ],
    "T16": [
        0.6636742000420202,
        0.7964263086904791,
        0.9291784173389381
    ],
    "T17": [
        0.0,
        0.05253929268057486,
        0.10835143089158272
    ],
    "T18": [
        0.009306321549446717,
        0.07347243159433901,
        0.1376385416392313
    ],
    "T19": [
        0.2898231025303909,
        0.36038046040294425,
        0.4309378182754976
    ],
    "T20": [
        0.060177445215871955,
        0.12297005943080956,
        0.18576267364574717
    ],
    "T21": [
        0.04863704231429461,
        0.1317174485531985,
        0.2147978547921024
    ],
    "T22": [
        0.17418366714536287,
        0.24388882076671217,
        0.31359397438806147
    ],
    "T23": [
        0.018733266179702224,
        0.06426463222856925,
        0.10979599827743627
    ],
    "T24": [
        0.031442362880064745,
        0.08306784330332956,
        0.13469332372659437
    ],
    "T25": [
        0.08779923997869721,
        0.22513718412539555,
        0.3624751282720939
    ],
    "T26": [
        0.0,
        0.054364325119048575,
        0.13370939377573202
    ],
    "T27": [
        0.1084048580856744,
        0.15623037212470772,
        0.20405588616374104
    ],
    "T28": [
        0.004229691154525261,
        0.13333333333333333,
        0.2624369755121414
    ],
    "T29": [
        0.11234605321048768,
        0.17096839093709099,
        0.2295907286636943
    ],
    "T30": [
        0.0030976241196987164,
        0.0648749406781832,
        0.12665225723666768
    ],
    "T31": [
        0.02449228898775968,
        0.07693139072494307,
        0.12937049246212645
    ],
    "T32": [
        0.0,
        0.0375718779316131,
        0.08410120845400193
    ],
    "T33": [
        0.08081007056838976,
        0.1642475541079648,
        0.24768503764753982
    ],
    "T34": [
        0.10117685588467101,
        0.17908670719740025,
        0.2569965585101295
    ],
    "T35": [
        0.06233521802770908,
        0.14256848554305637,
        0.22280175305840366
    ],
    "T36": [
        0.22019596892028143,
        0.2779037203510605,
        0.33561147178183953
    ],
    "T37": [
        0.12876805651890932,
        0.1953542697597102,
        0.2619404830005111
    ],
    "T38": [
        0.046773275225670125,
        0.10731348688696231,
        0.1678536985482545
    ],
    "T39": [
        0.03453102893140486,
        0.08863339349341379,
        0.1427357580554227
    ],
    "T40": [
        0.055844456176526724,
        0.14758481091992365,
        0.23932516566332057
    ],
    "T41": [
        0.07810955040624645,
        0.16067986161832754,
        0.24325017283040862
    ],
    "T42": [
        0.2763116920347394,
        0.3683437239715973,
        0.46037575590845525
    ],
    "T43": [
        0.0,
        0.05,
        0.12516252917972912
    ],
    "T44": [
        0.07643464698357516,
        0.153943957408336,
        0.23145326783309683
    ],
    "T45": [
        0.04565140774086321,
        0.10829824987920746,
        0.1709450920175517
    ]
}