{
    "model_global_ndcg": {
        "mean": 0.20169206082366342,
        "margin": 0.04732335395884246,
        "interval": [
            0.15436870686482096,
            0.20169206082366342,
            0.24901541478250588
        ]
    }
}