{
    "T1": [
        0.5285937470319002,
        0.5761571397017584,
        0.6237205323716166
    ],
    "T2": [
        0.20848573722230873,
        0.28130988981948785,
        0.35413404241666696
    ],
    "T3": [
        0.02999735033434689,
        0.10310421180754628,
        0.17621107328074567
    ],
    "T4": [
        0.26379547674005477,
        0.31106825784490816,
        0.35834103894976155
    ],
    "T5": [
        0.15033605079080187,
        0.21527055177120988,
        0.2802050527516179
    ],
    "T6": [
        0.12916139882150451,
        0.19424850627108045,
        0.2593356137206564
    ],
    "T7": [
        0.01310867250275459,
        0.048996434645809876,
        0.08488419678886516
    ],
    "T8": [
        0.09822745971803537,
        0.18160508748168985,
        0.26498271524534434
    ],
    "T9": [
        0.0,
        0.020684048693398918,
        0.04303653479130678
    ],
    "T10": [
        0.0,
        0.012362186513076438,
        0.0299293801754118
    ],
    "T11": [
        0.26118040736128045,
        0.3195971728789073,
        0.3780139383965342
    ],
    "T12": [
        0.18015808198721128,
        0.2541345484713118,
        0.3281110149554123
    ],
    "T13": [
        0.034679693951700036,
        0.08788438639799986,
        0.1410890788442997
    ],
    "T14": [
        0.0,
        0.017376534287144,
        0.052915537288746164
    ],
    "T15": [
        0.06736490954039359,
        0.12022575443428259,
        0.17308659932817158
    ],
    "T16": [
        0.5383176816234054,
        0.6732050114316371,
        0.8080923412398688
    ],
    "T17": [
        0.011080068603361554,
        0.06266025823722171,
        0.11424044787108187
    ],
    "T18": [
        0.04194997718178145,
        0.10914458738516399,
        0.17633919758854652
    ],
    "T19": [
        0.5842737449212164,
        0.6164386537738461,
        0.6486035626264758
    ],
    "T20": [
        0.21162753250745486,
        0.2770219902923538,
        0.34241644807725274
    ],
    "T21": [
        0.1398899626997827,
        0.26628387932498204,
        0.3926777959501814
    ],
    "T22": [
        0.14578378430011846,
        0.17851891645884627,
        0.21125404861757408
    ],
    "T23": [
        0.034227942924449944,
        0.09620918461028354,
        0.15819042629611713
    ],
    "T24": [
        0.01073813368260626,
        0.06258701109067026,
        0.11443588849873426
    ],
    "T25": [
        0.05624271081266574,
        0.17704903730198443,
        0.2978553637913031
    ],
    "T26": [
        0.017390952197123277,
        0.14768921860244644,
        0.2779874850077696
    ],
    "T27": [
        0.14433601128996656,
        0.1785987589472398,
        0.21286150660451306
    ],
    "T28": [
        0.08313881969916714,
        0.2264009891406726,
        0.3696631585821781
    ],
    "T29": [
        0.21461488094829229,
        0.2913443208353794,
        0.36807376072246656
    ],
    "T30": [
        0.04624574814199267,
        0.11695639660338647,
        0.18766704506478027
    ],
    "T31": [
        0.0,
        0.012384484978636656,
        0.027830608542487558
    ],
    "T32": [
        0.0,
        0.007443809197504451,
        0.022668108418620603
    ],
    "T33": [
        0.546336006534504,
        0.5896368142022219,
        0.6329376218699398
    ],
    "T34": [
        0.14011507821450436,
        0.21899576382455874,
        0.2978764494346131
    ],
    "T35": [
        0.13644488310892205,
        0.1941204957742837,
        0.25179610843964534
    ],
    "T36": [
        0.16383763658660194,
        0.2116336513552084,
        0.25942966612381485
    ],
    "T37": [
        0.25692145479078876,
        0.3121804973532273,
        0.3674395399156658
    ],
    "T38": [
        0.07142946722114452,
        0.1358651200085549,
        0.2003007727959653
    ],
    "T39": [
        0.06608773732238388,
        0.11983972946619727,
        0.17359172161001066
    ],
    "T40": [
        0.05763858366050087,
        0.14906012656990925,
        0.24048166947931762
    ],
    "T41": [
        0.14095259494661755,
        0.2220646256956272,
        0.30317665644463687
    ],
    "T42": [
        0.13563433635827393,
        0.22293544836621212,
        0.3102365603741503
    ],
    "T43": [
        0.0,
        0.05436432511904858,
        0.13370939377573202
    ],
    "T44": [
        0.07901500524616434,
        0.15282202611611176,
        0.22662904698605918
    ],
    "T45": [
        0.18572662872829337,
        0.24866289398182756,
        0.31159915923536174
    ]
}