{
    "model_global_ndcg": {
        "mean": 0.20623750064715926,
        "margin": 0.04564357419150064,
        "interval": [
            0.16059392645565862,
            0.20623750064715926,
            0.2518810748386599
        ]
    }
}