{
    "T1": [
        0.35457572317073177,
        0.41516521644113114,
        0.4757547097115305
    ],
    "T2": [
        0.2568521731629516,
        0.34012240229637924,
        0.4233926314298069
    ],
    "T3": [
        0.02380615101608946,
        0.10087082267058495,
        0.17793549432508043
    ],
    "T4": [
        0.22641556650701805,
        0.27385771297916,
        0.32129985945130196
    ],
    "T5": [
        0.19356158941426183,
        0.2566296090291866,
        0.31969762864411133
    ],
    "T6": [
        0.14656654594946716,
        0.21916268488325177,
        0.2917588238170364
    ],
    "T7": [
        0.013339624190858684,
        0.05046879368390077,
        0.08759796317694285
    ],
    "T8": [
        0.13376804316884505,
        0.21729923860196593,
        0.3008304340350868
    ],
    "T9": [
        0.0,
        0.028945317116353494,
        0.058195819580863194
    ],
    "T10": [
        0.0,
        0.012362186513076438,
        0.0299293801754118
    ],
    "T11": [
        0.31033583463259684,
        0.3742888703717157,
        0.4382419061108346
    ],
    "T12": [
        0.08354167878971303,
        0.16740574954284765,
        0.25126982029598227
    ],
    "T13": [
        0.050931194555583925,
        0.10596536458862027,
        0.16099953462165661
    ],
    "T14": [
        0.0,
        0.027541155237618666,
        0.0838691423081747
    ],
    "T15": [
        0.09820758549276842,
        0.1681736454625718,
        0.23813970543237517
    ],
    "T16": [
        0.6585209042669803,
        0.8020535437214951,
        0.9455861831760098
    ],
    "T17": [
        0.01944391455483982,
        0.08036872739779001,
        0.1412935402407402
    ],
    "T18": [
        0.05428304644459317,
        0.12312575645729652,
        0.19196846646999988
    ],
    "T19": [
        0.5468724373316974,
        0.5971547817611008,
        0.6474371261905042
    ],
    "T20": [
        0.22395014966871707,
        0.2810926025414828,
        0.3382350554142485
    ],
    "T21": [
        0.14625905980663811,
        0.2768488740825796,
        0.40743868835852104
    ],
    "T22": [
        0.16730353898176845,
        0.19784891849540936,
        0.22839429800905028
    ],
    "T23": [
        0.024211152960851384,
        0.08775046212491865,
        0.1512897712889859
    ],
    "T24": [
        0.016532669322008725,
        0.07192907386041823,
        0.12732547839882774
    ],
    "T25": [
        0.06528894360008392,
        0.19737827920293374,
        0.32946761480578357
    ],
    "T26": [
        0.02128934786228226,
        0.1543643251190486,
        0.28743930237581494
    ],
    "T27": [
        0.15448136837127763,
        0.1924600997461436,
        0.23043883112100955
    ],
    "T28": [
        0.025127435798330655,
        0.16666666666666666,
        0.30820589753500266
    ],
    "T29": [
        0.15947965226344135,
        0.23178213761439986,
        0.3040846229653584
    ],
    "T30": [
        0.054154916447835655,
        0.13409915213995138,
        0.2140433878320671
    ],
    "T31": [
        0.0,
        0.019346435536756933,
        0.03987168509399566
    ],
    "T32": [
        0.0,
        0.007679029285650559,
        0.02338440760346819
    ],
    "T33": [
        0.3135442372427138,
        0.3909646814992553,
        0.46838512575579677
    ],
    "T34": [
        0.1546547968085158,
        0.23966243006696983,
        0.32467006332542386
    ],
    "T35": [
        0.20736252402216238,
        0.29356076706895284,
        0.3797590101157433
    ],
    "T36": [
        0.2153319248281267,
        0.26701902924003085,
        0.318706133651935
    ],
    "T37": [
        0.2923177195540141,
        0.36602904672676345,
        0.4397403738995128
    ],
    "T38": [
        0.08006576558639814,
        0.14540197209896022,
        0.2107381786115223
    ],
    "T39": [
        0.0785461781213515,
        0.13590055520144992,
        0.19325493228154833
    ],
    "T40": [
        0.06041574589926241,
        0.15733599282156588,
        0.25425623974386935
    ],
    "T41": [
        0.17524433108824822,
        0.25870483518725385,
        0.3421653392862595
    ],
    "T42": [
        0.15021804279431072,
        0.23896604112286285,
        0.327714039451415
    ],
    "T43": [
        0.0,
        0.06666666666666667,
        0.16140283998979837
    ],
    "T44": [
        0.11418355308300648,
        0.20139566594389363,
        0.2886077788047808
    ],
    "T45": [
        0.07424193266063941,
        0.1388722103051346,
        0.2035024879496298
    ]
}