{
    "model_global_ndcg": {
        "mean": 0.6625781784337798,
        "margin": 0.08809937192031048,
        "interval": [
            0.5744788065134693,
            0.6625781784337798,
            0.7506775503540902
        ]
    }
}