{
    "T16": [
        0.3868400496988438,
        0.5687202103881617,
        0.7506003710774796
    ],
    "T35": [
        0.208598067843418,
        0.2946046682815836,
        0.3806112687197492
    ],
    "T45": [
        0.12188381510301832,
        0.1820220309526213,
        0.24216024680222425
    ],
    "T37": [
        0.19621115768336006,
        0.294561897208197,
        0.3929126367330339
    ],
    "T11": [
        0.08940277455842216,
        0.15161107639411403,
        0.2138193782298059
    ],
    "T43": [
        0.06279716325262974,
        0.19180474589537194,
        0.32081232853811414
    ],
    "T32": [
        0.0,
        0.029520761231981725,
        0.06695628564955383
    ],
    "T38": [
        0.08544465595992806,
        0.15612462508071914,
        0.22680459420151022
    ],
    "T34": [
        0.14771680010840849,
        0.23129828461826993,
        0.31487976912813137
    ],
    "T18": [
        0.049564775847812104,
        0.1276665518097106,
        0.20576832777160908
    ],
    "T2": [
        0.274848707324232,
        0.34398684480024705,
        0.4131249822762621
    ],
    "T26": [
        0.00038345126660518924,
        0.10872865023809715,
        0.2170738492095891
    ],
    "T28": [
        0.004229691154525261,
        0.13333333333333333,
        0.2624369755121414
    ],
    "T13": [
        0.10359741566041206,
        0.1663813186735472,
        0.22916522168668232
    ],
    "T23": [
        0.030267449035090876,
        0.08479005131840402,
        0.13931265360171716
    ],
    "T19": [
        0.4707970973358273,
        0.5332967992019376,
        0.5957965010680479
    ],
    "T4": [
        0.09243938668343904,
        0.173107837704868,
        0.253776288726297
    ],
    "T24": [
        0.06707013318024027,
        0.14290466307538668,
        0.2187391929705331
    ],
    "T39": [
        0.18001063610287082,
        0.26847212748623844,
        0.35693361886960606
    ],
    "T44": [
        0.11000314415141021,
        0.20469638048170663,
        0.29938961681200305
    ],
    "T41": [
        0.12258877574374477,
        0.22309290867425216,
        0.32359704160475955
    ],
    "T20": [
        0.11092526589497625,
        0.19848390925641504,
        0.28604255261785383
    ],
    "T1": [
        0.16403804102408004,
        0.2443197663625104,
        0.32460149170094077
    ],
    "T40": [
        0.05466206565271475,
        0.14768355857929036,
        0.24070505150586596
    ],
    "T8": [
        0.05873518961679511,
        0.15216308344220827,
        0.24559097726762144
    ],
    "T30": [
        0.0,
        0.039694439010534044,
        0.08908720264074954
    ],
    "T31": [
        0.0,
        0.017500745425990154,
        0.04237005020539927
    ],
    "T10": [
        0.0,
        0.005053225246926846,
        0.012245119142449822
    ],
    "T33": [
        0.07534220135117331,
        0.15630552583867968,
        0.23726885032618605
    ],
    "T3": [
        0.13516578003490864,
        0.2225648399559219,
        0.3099638998769352
    ],
    "T29": [
        0.10324936495012021,
        0.1793879348599197,
        0.25552650476971916
    ],
    "T27": [
        0.08076226989877816,
        0.10468518074863259,
        0.12860809159848702
    ],
    "T15": [
        0.16491330234107582,
        0.24121665967901113,
        0.31752001701694643
    ],
    "T9": [
        0.0,
        0.018913248667150176,
        0.04277357207050245
    ],
    "T14": [
        0.0,
        0.05805185125166975,
        0.11711561987470985
    ],
    "T12": [
        0.07983669140119104,
        0.17981914489128922,
        0.2798015983813874
    ],
    "T21": [
        0.1776323954990756,
        0.3050432012272885,
        0.4324540069555014
    ],
    "T6": [
        0.12323221073900836,
        0.19452495965892214,
        0.2658177085788359
    ],
    "T5": [
        0.17440075351057038,
        0.25221419517988275,
        0.3300276368491951
    ],
    "T17": [
        0.11197274743201785,
        0.19253325711419025,
        0.27309376679636266
    ],
    "T22": [
        0.17304942843607402,
        0.2170278505270729,
        0.2610062726180718
    ],
    "T42": [
        0.09600575158988495,
        0.17616503607197653,
        0.2563243205540681
    ],
    "T7": [
        0.032070995142430614,
        0.11007634219743631,
        0.188081689252442
    ],
    "T25": [
        0.0,
        0.05207510393248236,
        0.1077270091090911
    ],
    "T36": [
        0.30001581246986186,
        0.3628846691636298,
        0.4257535258573978
    ]
}