{
    "model_global_ndcg": {
        "mean": 0.0751312539172659,
        "margin": 0.03321651233610215,
        "interval": [
            0.04191474158116375,
            0.0751312539172659,
            0.10834776625336805
        ]
    }
}