{
    "T1": [
        0.3172305449514151,
        0.38199956638361954,
        0.44676858781582396
    ],
    "T2": [
        0.0,
        0.0,
        0.0
    ],
    "T3": [
        0.010910645360239155,
        0.047206038518291034,
        0.08350143167634291
    ],
    "T4": [
        0.12408987682337047,
        0.19201902358115147,
        0.25994817033893247
    ],
    "T5": [
        0.17998579195902314,
        0.24095280433535934,
        0.30191981671169554
    ],
    "T6": [
        0.0,
        0.0053652664646244,
        0.016338468476014754
    ],
    "T7": [
        0.0186055405984743,
        0.0350330873669545,
        0.051460634135434696
    ],
    "T8": [
        0.0,
        0.0,
        0.0
    ],
    "T9": [
        0.0,
        0.0,
        0.0
    ],
    "T10": [
        0.0,
        0.0,
        0.0
    ],
    "T11": [
        0.15859847579748465,
        0.21518951454563381,
        0.271780553293783
    ],
    "T12": [
        0.007542959174100056,
        0.06291344046077069,
        0.11828392174744132
    ],
    "T13": [
        0.07145212627543468,
        0.1316926476912535,
        0.1919331691070723
    ],
    "T14": [
        0.0,
        0.0,
        0.0
    ],
    "T15": [
        0.00015610523817448374,
        0.02576156388505533,
        0.051367022531936174
    ],
    "T16": [
        0.2526386025510627,
        0.3210489967413499,
        0.3894593909316371
    ],
    "T17": [
        0.0,
        0.0,
        0.0
    ],
    "T18": [
        0.0,
        0.0156848790217105,
        0.038133229222637406
    ],
    "T19": [
        0.40613204847017004,
        0.4449412837627583,
        0.4837505190553466
    ],
    "T20": [
        0.0,
        0.0,
        0.0
    ],
    "T21": [
        0.009783682417836947,
        0.06220179966794681,
        0.11461991691805667
    ],
    "T22": [
        0.0,
        0.0,
        0.0
    ],
    "T23": [
        0.024657060925083185,
        0.07913738123051042,
        0.13361770153593766
    ],
    "T24": [
        0.0,
        0.006229194193250594,
        0.018969326803887618
    ],
    "T25": [
        0.0,
        0.0,
        0.0
    ],
    "T26": [
        0.0,
        0.0,
        0.0
    ],
    "T27": [
        0.045073843397762964,
        0.06376003480147195,
        0.08244622620518094
    ],
    "T28": [
        0.021942169098579767,
        0.09682117893468468,
        0.1717001887707896
    ],
    "T29": [
        0.029094321171559023,
        0.05944654639249962,
        0.08979877161344021
    ],
    "T30": [
        0.0,
        0.0,
        0.0
    ],
    "T31": [
        0.0,
        0.0,
        0.0
    ],
    "T32": [
        0.0,
        0.0,
        0.0
    ],
    "T33": [
        0.10738189801147285,
        0.20745028447349365,
        0.30751867093551444
    ],
    "T34": [
        0.045194487549118756,
        0.06901384509532114,
        0.09283320264152353
    ],
    "T35": [
        0.0,
        0.0,
        0.0
    ],
    "T36": [
        0.0,
        0.0,
        0.0
    ],
    "T37": [
        0.18639616904077277,
        0.24300967100741347,
        0.29962317297405416
    ],
    "T38": [
        0.014660235370412694,
        0.06365957637008693,
        0.11265891736976116
    ],
    "T39": [
        0.0,
        0.0,
        0.0
    ],
    "T40": [
        0.07808117352588417,
        0.15658589924292135,
        0.23509062495995853
    ],
    "T41": [
        0.06856504154486129,
        0.12176706522514906,
        0.17496908890543683
    ],
    "T42": [
        0.0,
        0.0,
        0.0
    ],
    "T43": [
        0.0,
        0.0,
        0.0
    ],
    "T44": [
        0.0015900845851591905,
        0.01061721041023043,
        0.01964433623530167
    ],
    "T45": [
        0.0,
        0.021398626473452753,
        0.0457795544850426
    ]
}