{
    "model_global_ndcg": {
        "mean": 0.15298142053711333,
        "margin": 0.0390396412212658,
        "interval": [
            0.11394177931584754,
            0.15298142053711333,
            0.19202106175837913
        ]
    }
}