{
    "T1": [
        0.020344544017074362,
        0.05949596112980937,
        0.09864737824254438
    ],
    "T2": [
        0.36015003669323387,
        0.4492530973687149,
        0.5383561580441959
    ],
    "T3": [
        0.03375737247874888,
        0.1115464543371261,
        0.1893355361955033
    ],
    "T4": [
        0.031865913468400744,
        0.07205128622241566,
        0.11223665897643058
    ],
    "T5": [
        0.14070822771990193,
        0.2032681401851966,
        0.26582805265049125
    ],
    "T6": [
        0.1414694590718702,
        0.21671420932295907,
        0.29195895957404794
    ],
    "T7": [
        0.004762201744357222,
        0.03793052623922397,
        0.07109885073409072
    ],
    "T8": [
        0.09581586577971474,
        0.16264685814262175,
        0.22947785050552877
    ],
    "T9": [
        0.0,
        0.020894200416722117,
        0.046053269777310064
    ],
    "T10": [
        0.0,
        0.012362186513076438,
        0.0299293801754118
    ],
    "T11": [
        0.1032220674648292,
        0.18219115864982033,
        0.26116024983481145
    ],
    "T12": [
        0.05626030269647281,
        0.13543128773289587,
        0.21460227276931892
    ],
    "T13": [
        0.031033915607615675,
        0.07986508219366549,
        0.1286962487797153
    ],
    "T14": [
        0.0,
        0.027541155237618666,
        0.0838691423081747
    ],
    "T15": [
        0.0811718588609055,
        0.1425812331380816,
        0.2039906074152577
    ],
    "T16": [
        0.5158751347861003,
        0.6730845355072103,
        0.8302939362283203
    ],
    "T17": [
        0.0,
        0.04098639518437917,
        0.0938952869602107
    ],
    "T18": [
        0.0067886016410097505,
        0.059778572111945705,
        0.11276854258288166
    ],
    "T19": [
        0.43929178240946154,
        0.5022821373017777,
        0.5652724921940939
    ],
    "T20": [
        0.056250299818072086,
        0.11890710974487405,
        0.181563919671676
    ],
    "T21": [
        0.05934163373344936,
        0.16798098416230084,
        0.2766203345911523
    ],
    "T22": [
        0.10766619339228028,
        0.1417655479314953,
        0.1758649024707103
    ],
    "T23": [
        0.024211152960851384,
        0.08775046212491865,
        0.1512897712889859
    ],
    "T24": [
        0.012116783381191529,
        0.06086067874378556,
        0.1096045741063796
    ],
    "T25": [
        0.08209473286009988,
        0.2138298016856395,
        0.3455648705111791
    ],
    "T26": [
        0.025127435798330655,
        0.16666666666666666,
        0.30820589753500266
    ],
    "T27": [
        0.11512462418333846,
        0.16669853586108827,
        0.21827244753883807
    ],
    "T28": [
        0.025127435798330655,
        0.16666666666666666,
        0.30820589753500266
    ],
    "T29": [
        0.05206315244616558,
        0.11145765797490416,
        0.17085216350364274
    ],
    "T30": [
        0.05734816876001553,
        0.14804685700237483,
        0.23874554524473413
    ],
    "T31": [
        0.0,
        0.015657434772305644,
        0.04413224450608946
    ],
    "T32": [
        0.0,
        0.0,
        0.0
    ],
    "T33": [
        0.07468950235250787,
        0.1642475541079648,
        0.2538056058634217
    ],
    "T34": [
        0.14431307264847681,
        0.23325100370628477,
        0.3221889347640927
    ],
    "T35": [
        0.17922703297562603,
        0.2648066503129884,
        0.35038626765035075
    ],
    "T36": [
        0.20775238618792174,
        0.27639898334280677,
        0.3450455804976918
    ],
    "T37": [
        0.1868031468154822,
        0.2599113668832479,
        0.3330195869510136
    ],
    "T38": [
        0.038595130442097336,
        0.09531166640105451,
        0.1520282023600117
    ],
    "T39": [
        0.0,
        0.0,
        0.0
    ],
    "T40": [
        0.03783829133683861,
        0.13465869248858706,
        0.2314790936403355
    ],
    "T41": [
        0.03411672112019637,
        0.10949836940530985,
        0.18488001769042334
    ],
    "T42": [
        0.0674734481767586,
        0.15474918470265492,
        0.24202492122855124
    ],
    "T43": [
        0.000383451266605217,
        0.10872865023809716,
        0.2170738492095891
    ],
    "T44": [
        0.12498831820198614,
        0.21586687309020888,
        0.30674542797843163
    ],
    "T45": [
        0.04986548165806334,
        0.11054204921861259,
        0.17121861677916184
    ]
}