{
    "model_global_ndcg": {
        "mean": 0.20699966362931982,
        "margin": 0.04465319499552406,
        "interval": [
            0.16234646863379576,
            0.20699966362931982,
            0.2516528586248439
        ]
    }
}