{
    "T1": [
        0.2180048747840635,
        0.3030387051521809,
        0.3880725355202983
    ],
    "T2": [
        0.3044986262053051,
        0.3917469928221451,
        0.4789953594389851
    ],
    "T3": [
        0.03144413483375591,
        0.1086921347709642,
        0.1859401347081725
    ],
    "T4": [
        0.08462952116296191,
        0.14273422054073104,
        0.20083891991850017
    ],
    "T5": [
        0.204301181755208,
        0.26545248136251426,
        0.3266037809698205
    ],
    "T6": [
        0.15067626312595778,
        0.22364621227977388,
        0.29661616143359
    ],
    "T7": [
        0.017175932187039236,
        0.054890570435609194,
        0.09260520868417915
    ],
    "T8": [
        0.15693635907121323,
        0.23948530053709124,
        0.32203424200296926
    ],
    "T9": [
        0.0063335215105728565,
        0.040064831089374836,
        0.07379614066817682
    ],
    "T10": [
        0.0,
        0.012362186513076438,
        0.0299293801754118
    ],
    "T11": [
        0.3321976572693199,
        0.3935980559148067,
        0.4549984545602935
    ],
    "T12": [
        0.06397753998477182,
        0.14885912271775503,
        0.23374070545073825
    ],
    "T13": [
        0.07277603245200887,
        0.13318170508309124,
        0.19358737771417361
    ],
    "T14": [
        0.0,
        0.027541155237618666,
        0.0838691423081747
    ],
    "T15": [
        0.11949046848173189,
        0.1936124769691297,
        0.2677344854565275
    ],
    "T16": [
        0.6827985428648748,
        0.8172594186935332,
        0.9517202945221916
    ],
    "T17": [
        0.022751140922575935,
        0.08678082416809843,
        0.15081050741362093
    ],
    "T18": [
        0.05392923132361088,
        0.123114900255399,
        0.19230056918718713
    ],
    "T19": [
        0.5364055696156969,
        0.5877004011407625,
        0.6389952326658281
    ],
    "T20": [
        0.08874528517803743,
        0.15479877808650513,
        0.22085227099497284
    ],
    "T21": [
        0.15018159431900718,
        0.27997047002919084,
        0.4097593457393745
    ],
    "T22": [
        0.2783158562059107,
        0.33865634738452816,
        0.3989968385631456
    ],
    "T23": [
        0.0346928464756209,
        0.10672467786315488,
        0.17875650925068887
    ],
    "T24": [
        0.029594783001840153,
        0.08587581190284271,
        0.14215684080384527
    ],
    "T25": [
        0.07771496296741287,
        0.20923463797720038,
        0.3407543129869879
    ],
    "T26": [
        0.05915032525256153,
        0.19304960584250275,
        0.32694888643244396
    ],
    "T27": [
        0.12223572297341195,
        0.1636502598804518,
        0.20506479678749162
    ],
    "T28": [
        0.025127435798330655,
        0.16666666666666666,
        0.30820589753500266
    ],
    "T29": [
        0.11544858230995014,
        0.1810644073935578,
        0.24668023247716547
    ],
    "T30": [
        0.05751505323707254,
        0.14089576689438138,
        0.22427648055169022
    ],
    "T31": [
        0.0005980537092903082,
        0.02125274287077729,
        0.04190743203226427
    ],
    "T32": [
        0.0,
        0.00805111669963138,
        0.024517499225987095
    ],
    "T33": [
        0.08892331324970826,
        0.18230929086742526,
        0.27569526848514225
    ],
    "T34": [
        0.15848382663336547,
        0.24513735275556128,
        0.3317908788777571
    ],
    "T35": [
        0.23217661749931529,
        0.32375586538257484,
        0.4153351132658344
    ],
    "T36": [
        0.23105711887991975,
        0.292147823503878,
        0.3532385281278363
    ],
    "T37": [
        0.2649977465188821,
        0.3441189279051624,
        0.42324010929144273
    ],
    "T38": [
        0.08100910808570724,
        0.14696942228523366,
        0.21292973648476007
    ],
    "T39": [
        0.0892247980562329,
        0.15657313177681328,
        0.22392146549739367
    ],
    "T40": [
        0.12091325378769313,
        0.22244963970159545,
        0.3239860256154978
    ],
    "T41": [
        0.18285913873223014,
        0.266295639039781,
        0.3497321393473318
    ],
    "T42": [
        0.1911544632926131,
        0.29274307097955937,
        0.39433167866650565
    ],
    "T43": [
        0.0,
        0.09391764551026448,
        0.19369278463462225
    ],
    "T44": [
        0.14376297371854124,
        0.2303979148115688,
        0.31703285590459634
    ],
    "T45": [
        0.09629452059895699,
        0.17451615362492703,
        0.2527377866508971
    ]
}