{
    "model_global_ndcg": {
        "mean": 0.10172932621590533,
        "margin": 0.029603660219009897,
        "interval": [
            0.07212566599689543,
            0.10172932621590533,
            0.13133298643491523
        ]
    }
}