{
    "T1": [
        0.09810431274487563,
        0.17602554415973587,
        0.2539467755745961
    ],
    "T2": [
        0.27394802570007415,
        0.3323512096837851,
        0.3907543936674961
    ],
    "T3": [
        0.014763218533218214,
        0.07340357821668492,
        0.13204393790015162
    ],
    "T4": [
        0.02845247507388618,
        0.07779800738353605,
        0.12714353969318593
    ],
    "T5": [
        0.03538855059360474,
        0.07992324538234291,
        0.12445794017108108
    ],
    "T6": [
        0.0,
        0.010713948002907413,
        0.022117417968651534
    ],
    "T7": [
        0.0027487915826853934,
        0.029789865374281212,
        0.05683093916587703
    ],
    "T8": [
        0.0591823785884682,
        0.16176695662955248,
        0.26435153467063677
    ],
    "T9": [
        0.0,
        0.03220446679852552,
        0.07796838602458785
    ],
    "T10": [
        0.0,
        0.0,
        0.0
    ],
    "T11": [
        0.015489925200840943,
        0.07148893217135846,
        0.12748793914187598
    ],
    "T12": [
        0.0,
        0.018689889208868535,
        0.044166519952794185
    ],
    "T13": [
        0.025716525372271662,
        0.06638986513893272,
        0.10706320490559378
    ],
    "T14": [
        0.0,
        0.0,
        0.0
    ],
    "T15": [
        0.0,
        0.020330193401665322,
        0.04784607117301365
    ],
    "T16": [
        0.13527819997467738,
        0.2897512021738769,
        0.4442242043730764
    ],
    "T17": [
        0.0,
        0.010080928901688076,
        0.02479410696608972
    ],
    "T18": [
        0.0,
        0.014723431330946652,
        0.03604114808243052
    ],
    "T19": [
        0.370779471143158,
        0.43617384445930674,
        0.5015682177754555
    ],
    "T20": [
        0.01679191449523726,
        0.05199485711506456,
        0.08719779973489186
    ],
    "T21": [
        0.11046697078606621,
        0.22115703406747222,
        0.33184709734887824
    ],
    "T22": [
        0.15659641074175318,
        0.1995970128729793,
        0.2425976150042054
    ],
    "T23": [
        0.0,
        0.02974355584272532,
        0.06436550094399485
    ],
    "T24": [
        0.03150398455248338,
        0.09514154360672797,
        0.15877910266097256
    ],
    "T25": [
        0.036206732502875816,
        0.14524394500559415,
        0.2542811575083125
    ],
    "T26": [
        0.0,
        0.03333333333333333,
        0.10150765473775678
    ],
    "T27": [
        0.03836439422850821,
        0.06748394839622321,
        0.09660350256393821
    ],
    "T28": [
        0.0,
        0.1,
        0.21393688301366892
    ],
    "T29": [
        0.02359341710211818,
        0.0815440854443444,
        0.1394947537865706
    ],
    "T30": [
        0.0,
        0.043317703575907335,
        0.1007634582538936
    ],
    "T31": [
        0.0,
        0.0017884221548747998,
        0.005446156158671586
    ],
    "T32": [
        0.005572820383711707,
        0.029199792674389578,
        0.05282676496506745
    ],
    "T33": [
        0.0117917710596592,
        0.07821312100379275,
        0.1446344709479263
    ],
    "T34": [
        0.004404613380490349,
        0.03471906407122397,
        0.0650335147619576
    ],
    "T35": [
        0.0998017382171131,
        0.17286702201926005,
        0.245932305821407
    ],
    "T36": [
        0.09519269978407996,
        0.16929213583881783,
        0.2433915718935557
    ],
    "T37": [
        0.12610111312518446,
        0.18854030904783453,
        0.2509795049704846
    ],
    "T38": [
        0.01849968997622678,
        0.04439707031706107,
        0.07029445065789536
    ],
    "T39": [
        0.007081048118438862,
        0.040436248812103386,
        0.07379144950576791
    ],
    "T40": [
        0.03467344029303471,
        0.11924583452425755,
        0.2038182287554804
    ],
    "T41": [
        0.24765749957274902,
        0.3324988250243566,
        0.41734015047596423
    ],
    "T42": [
        0.07412590014037801,
        0.1488830958232216,
        0.22364029150606518
    ],
    "T43": [
        0.0,
        0.08102255193577976,
        0.17880252436827854
    ],
    "T44": [
        0.05028161828695321,
        0.1020640778371105,
        0.15384653738726778
    ],
    "T45": [
        0.019559475252937816,
        0.06448998095328876,
        0.1094204866536397
    ]
}