{
    "model_global_ndcg": {
        "mean": 0.15137126442953322,
        "margin": 0.033725752619985894,
        "interval": [
            0.11764551180954733,
            0.15137126442953322,
            0.1850970170495191
        ]
    }
}