{
    "model_global_ndcg": {
        "mean": 0.15483806815700935,
        "margin": 0.03974771990759121,
        "interval": [
            0.11509034824941813,
            0.15483806815700935,
            0.19458578806460056
        ]
    }
}