{
    "T1": [
        0.021491852629720087,
        0.059053911138746966,
        0.09661596964777384
    ],
    "T6": [
        0.12925767933865273,
        0.2046860040073121,
        0.28011432867597147
    ],
    "T28": [
        0.0727003361293263,
        0.23333333333333334,
        0.39396633053734037
    ],
    "T12": [
        0.0839297304295123,
        0.1839244624580436,
        0.28391919448657493
    ],
    "T24": [
        0.0,
        0.0,
        0.0
    ],
    "T22": [
        0.1436143810270687,
        0.19999999999999998,
        0.2563856189729313
    ],
    "T32": [
        0.008273866255063697,
        0.03897738556555681,
        0.06968090487604993
    ],
    "T31": [
        0.0,
        0.008925525848032613,
        0.0235456061094941
    ],
    "T41": [
        0.20936715223682,
        0.31117542671024034,
        0.4129837011836607
    ],
    "T35": [
        0.12998057211518682,
        0.21917951759922985,
        0.3083784630832729
    ],
    "T13": [
        0.07850426295652241,
        0.1338090387899233,
        0.18911381462332422
    ],
    "T34": [
        0.13945226128192273,
        0.21789483932450668,
        0.2963374173670906
    ],
    "T10": [
        0.0,
        0.007986155906569623,
        0.024319678693378984
    ],
    "T18": [
        0.05916882559750336,
        0.14097680815336175,
        0.22278479070922014
    ],
    "T42": [
        0.12676556762163804,
        0.21828336588714434,
        0.30980116415265063
    ],
    "T8": [
        0.04667272290122687,
        0.12774969572586337,
        0.20882666855049986
    ],
    "T16": [
        0.6055332864848411,
        0.7349146009523886,
        0.8642959154199361
    ],
    "T27": [
        0.10267160322104343,
        0.14366273413731168,
        0.18465386505357992
    ],
    "T30": [
        0.02479328407782304,
        0.06238884525896833,
        0.09998440644011362
    ],
    "T38": [
        0.036304016951410945,
        0.10470847238859947,
        0.173112927825788
    ],
    "T15": [
        0.05432498480023873,
        0.10186445876376707,
        0.1494039327272954
    ],
    "T33": [
        0.008363556334054112,
        0.0764432019879919,
        0.14452284764192969
    ],
    "T21": [
        0.039110721354287226,
        0.14140254179772674,
        0.24369436224116625
    ],
    "T5": [
        0.20726689792375697,
        0.2883894738836801,
        0.3695120498436032
    ],
    "T11": [
        0.1016674208574484,
        0.1700087267681011,
        0.23835003267875382
    ],
    "T9": [
        0.0016480036175981344,
        0.057060570714391516,
        0.1124731378111849
    ],
    "T17": [
        0.009688671919288822,
        0.0811635013518776,
        0.15263833078446637
    ],
    "T43": [
        0.0,
        0.06666666666666667,
        0.16140283998979837
    ],
    "T4": [
        0.06791050540836024,
        0.13477347118341912,
        0.201636436958478
    ],
    "T23": [
        0.008337264645233752,
        0.06217937096682961,
        0.11602147728842546
    ],
    "T36": [
        0.19227928445510023,
        0.25662217605758914,
        0.32096506766007804
    ],
    "T37": [
        0.17306097455930158,
        0.25233460023286863,
        0.3316082259064357
    ],
    "T29": [
        0.09830425937129059,
        0.15294587382567784,
        0.2075874882800651
    ],
    "T44": [
        0.21015635324195747,
        0.3059330171824091,
        0.40170968112286076
    ],
    "T2": [
        0.17681456152230424,
        0.2458731036843613,
        0.31493164584641836
    ],
    "T40": [
        0.0,
        0.027814919654421986,
        0.06962771385756826
    ],
    "T7": [
        0.0076794413758342756,
        0.03889227923120018,
        0.07010511708656608
    ],
    "T14": [
        0.0,
        0.07005487365015822,
        0.158072284696461
    ],
    "T25": [
        0.0,
        0.03149493188531953,
        0.08812371091264826
    ],
    "T3": [
        0.13930101156424202,
        0.24690806939214796,
        0.3545151272200539
    ],
    "T19": [
        0.3609074147574263,
        0.4185078676426712,
        0.47610832052791613
    ],
    "T45": [
        0.11099232342814508,
        0.17689388487007857,
        0.24279544631201205
    ],
    "T39": [
        0.0,
        0.0,
        0.0
    ],
    "T26": [
        0.0,
        0.02103099178571525,
        0.06404419958930946
    ],
    "T20": [
        0.11767086720317177,
        0.19082437070121747,
        0.26397787419926316
    ]
}