{
    "T28": [
        0.004229691154525261,
        0.13333333333333333,
        0.2624369755121414
    ],
    "T26": [
        0.0,
        0.06666666666666667,
        0.1614028399897984
    ],
    "T2": [
        0.28435492518656824,
        0.34678473984645625,
        0.40921455450634425
    ],
    "T29": [
        0.06459690171428131,
        0.11036328153518883,
        0.15612966135609635
    ],
    "T31": [
        0.0,
        0.004907810443648884,
        0.01201371602747684
    ],
    "T18": [
        0.055450349189814896,
        0.13365619535400353,
        0.21186204151819216
    ],
    "T23": [
        0.04015218277952598,
        0.09299911425343835,
        0.14584604572735071
    ],
    "T27": [
        0.07304244445426555,
        0.11823125066051639,
        0.16342005686676722
    ],
    "T39": [
        0.0,
        0.0,
        0.0
    ],
    "T3": [
        0.1905931981814249,
        0.2878967946142477,
        0.38520039104707055
    ],
    "T4": [
        0.11263091698194849,
        0.2047017645471582,
        0.2967726121123679
    ],
    "T42": [
        0.09883332082247248,
        0.18798965632511797,
        0.27714599182776345
    ],
    "T9": [
        0.0,
        0.018913248667150176,
        0.04277357207050245
    ],
    "T14": [
        0.0,
        0.00918038507920622,
        0.027956380769391567
    ],
    "T1": [
        0.015118963349463888,
        0.03846147941587606,
        0.06180399548228824
    ],
    "T41": [
        0.12258877574374477,
        0.22309290867425216,
        0.32359704160475955
    ],
    "T7": [
        0.029666145196721755,
        0.08119259883298481,
        0.13271905246924787
    ],
    "T13": [
        0.052608154451939004,
        0.11471237484455311,
        0.17681659523716722
    ],
    "T12": [
        0.05676510148478389,
        0.14753711061797922,
        0.23830911975117455
    ],
    "T43": [
        0.0,
        0.08333333333333333,
        0.18241079494116857
    ],
    "T35": [
        0.19628917342652996,
        0.28137076817206647,
        0.36645236291760297
    ],
    "T33": [
        0.01901795713361487,
        0.08603443310417203,
        0.15305090907472918
    ],
    "T30": [
        0.0,
        0.04975860585942922,
        0.10809261092951392
    ],
    "T34": [
        0.15805401301450211,
        0.24669823662848941,
        0.3353424602424767
    ],
    "T11": [
        0.0868315156421357,
        0.14777969571144653,
        0.20872787578075735
    ],
    "T21": [
        0.05158257473988373,
        0.15033685606703756,
        0.2490911373941914
    ],
    "T38": [
        0.058435114311225084,
        0.12038731514813139,
        0.1823395159850377
    ],
    "T10": [
        0.0,
        0.03252404431645259,
        0.0729256692085957
    ],
    "T8": [
        0.056119572509978455,
        0.1514079349991197,
        0.24669629748826094
    ],
    "T17": [
        0.02826679318521627,
        0.09378221297088984,
        0.15929763275656342
    ],
    "T24": [
        0.0,
        0.0,
        0.0
    ],
    "T22": [
        0.0679196281919899,
        0.11781418281706715,
        0.1677087374421444
    ],
    "T44": [
        0.1544161484321852,
        0.24585807449848282,
        0.33730000056478043
    ],
    "T20": [
        0.13955573751758632,
        0.21622370245207553,
        0.29289166738656475
    ],
    "T16": [
        0.33841765194503104,
        0.5187202103881617,
        0.6990227688312924
    ],
    "T6": [
        0.11669384154670565,
        0.18944199608023574,
        0.2621901506137658
    ],
    "T19": [
        0.34069101507512317,
        0.40377993805653983,
        0.4668688610379565
    ],
    "T40": [
        0.02481335558085973,
        0.10588787437803046,
        0.1869623931752012
    ],
    "T45": [
        0.11106421922218562,
        0.17545617928826418,
        0.23984813935434274
    ],
    "T32": [
        0.0,
        0.021469644532350344,
        0.055822837760696895
    ],
    "T25": [
        0.0,
        0.07136561103321361,
        0.15076164293126468
    ],
    "T37": [
        0.17958868788994353,
        0.2665888700607798,
        0.3535890522316161
    ],
    "T5": [
        0.20659351589126818,
        0.2753155471737416,
        0.3440375784562151
    ],
    "T15": [
        0.09151883507496866,
        0.15543238070359758,
        0.2193459263322265
    ],
    "T36": [
        0.21883698285472403,
        0.28431853784410777,
        0.3498000928334915
    ]
}