{
    "model_global_ndcg": {
        "mean": 0.1785141329122831,
        "margin": 0.04331336427591506,
        "interval": [
            0.13520076863636804,
            0.1785141329122831,
            0.22182749718819816
        ]
    }
}