{
    "T1": [
        0.10339195064578205,
        0.18186981160227364,
        0.26034767255876523
    ],
    "T2": [
        0.22398405465853333,
        0.30915093485498074,
        0.39431781505142816
    ],
    "T3": [
        0.05202060440576975,
        0.12861623304050035,
        0.20521186167523095
    ],
    "T4": [
        0.07166925248197584,
        0.12533416028598784,
        0.17899906808999985
    ],
    "T5": [
        0.12079900501566032,
        0.1835285852471943,
        0.24625816547872825
    ],
    "T6": [
        0.09834545931231797,
        0.17082373810668622,
        0.24330201690105446
    ],
    "T7": [
        0.00340042271624081,
        0.03181263849909341,
        0.06022485428194601
    ],
    "T8": [
        0.16517756224005586,
        0.2705288261522147,
        0.3758800900643735
    ],
    "T9": [
        0.027161288521327348,
        0.09636862268293936,
        0.16557595684455137
    ],
    "T10": [
        0.0,
        0.0,
        0.0
    ],
    "T11": [
        0.14116335124285034,
        0.2169113307736157,
        0.2926593103043811
    ],
    "T12": [
        0.03808302341019548,
        0.1229591855531375,
        0.20783534769607953
    ],
    "T13": [
        0.025010844636417173,
        0.06740564934245191,
        0.10980045404848665
    ],
    "T14": [
        0.0,
        0.027541155237618666,
        0.0838691423081747
    ],
    "T15": [
        0.06660529361991402,
        0.13375668280407177,
        0.20090807198822952
    ],
    "T16": [
        0.6311221241230025,
        0.7711686243538622,
        0.911215124584722
    ],
    "T17": [
        0.03219290562417593,
        0.11078348365633098,
        0.18937406168848603
    ],
    "T18": [
        0.019997382454653045,
        0.07988385795502409,
        0.13977033345539513
    ],
    "T19": [
        0.5026416303100417,
        0.5577978247459222,
        0.6129540191818027
    ],
    "T20": [
        0.0535347997565393,
        0.11038147053102071,
        0.16722814130550212
    ],
    "T21": [
        0.14723405205753115,
        0.277957429255049,
        0.4086808064525669
    ],
    "T22": [
        0.14779962255346946,
        0.1744165112053301,
        0.20103339985719076
    ],
    "T23": [
        0.03203951186374823,
        0.10392474729546274,
        0.17580998272717724
    ],
    "T24": [
        0.039329433338814807,
        0.11531359089193707,
        0.19129774844505934
    ],
    "T25": [
        0.076331294758479,
        0.21016462095047467,
        0.34399794714247034
    ],
    "T26": [
        0.0017621916605330967,
        0.12103099178571525,
        0.2402997919108974
    ],
    "T27": [
        0.04686943582277865,
        0.07596359486024967,
        0.1050577538977207
    ],
    "T28": [
        0.025127435798330655,
        0.16666666666666666,
        0.30820589753500266
    ],
    "T29": [
        0.10810787456671694,
        0.191945295474009,
        0.27578271638130103
    ],
    "T30": [
        0.03613369887667911,
        0.11539571775123175,
        0.1946577366257844
    ],
    "T31": [
        0.010428768494391338,
        0.03301285076974539,
        0.05559693304509944
    ],
    "T32": [
        0.0,
        0.002683705566543793,
        0.008172499741995697
    ],
    "T33": [
        0.05023202179843711,
        0.14487978767045942,
        0.23952755354248173
    ],
    "T34": [
        0.04880740371700101,
        0.09559032548571128,
        0.14237324725442155
    ],
    "T35": [
        0.2636961888743634,
        0.3598224836352054,
        0.4559487783960474
    ],
    "T36": [
        0.2713001631134363,
        0.34220756260395263,
        0.41311496209446896
    ],
    "T37": [
        0.28787343262580545,
        0.3634546643255513,
        0.43903589602529713
    ],
    "T38": [
        0.07671306373856196,
        0.1428173841038944,
        0.20892170446922687
    ],
    "T39": [
        0.037226840887028295,
        0.08111156577662913,
        0.12499629066622997
    ],
    "T40": [
        0.058467346530401865,
        0.1618508077423982,
        0.26523426895439456
    ],
    "T41": [
        0.2833612118964664,
        0.38011221609207213,
        0.47686322028767786
    ],
    "T42": [
        0.2134006400070802,
        0.2996289723731143,
        0.3858573047391484
    ],
    "T43": [
        0.0017621916605330967,
        0.12103099178571526,
        0.24029979191089743
    ],
    "T44": [
        0.07636225860740742,
        0.1407289228744288,
        0.2050955871414502
    ],
    "T45": [
        0.047966077470487145,
        0.114801758686265,
        0.18163743990204287
    ]
}