{
    "model_global_ndcg": {
        "mean": 0.06545174587065819,
        "margin": 0.030921055514589693,
        "interval": [
            0.0345306903560685,
            0.06545174587065819,
            0.09637280138524788
        ]
    }
}