{
    "T1": [
        0.32325966640975645,
        0.39351071777146457,
        0.4637617691331727
    ],
    "T2": [
        0.0,
        0.0,
        0.0
    ],
    "T3": [
        0.011431793384192618,
        0.057760954015926375,
        0.10409011464766013
    ],
    "T4": [
        0.07571150262936818,
        0.13604602675067443,
        0.19638055087198067
    ],
    "T5": [
        0.08619107847509933,
        0.12356179296673533,
        0.16093250745837134
    ],
    "T6": [
        0.0,
        0.0,
        0.0
    ],
    "T7": [
        0.0,
        0.0091702156398069,
        0.019648533972726936
    ],
    "T8": [
        0.0,
        0.0,
        0.0
    ],
    "T9": [
        0.0,
        0.0,
        0.0
    ],
    "T10": [
        0.0,
        0.0,
        0.0
    ],
    "T11": [
        0.251361238650522,
        0.2909119108305417,
        0.33046258301056136
    ],
    "T12": [
        0.03703317275789764,
        0.0744585044858558,
        0.11188383621381395
    ],
    "T13": [
        0.024390962260783897,
        0.06834790996903242,
        0.11230485767728095
    ],
    "T14": [
        0.0,
        0.0,
        0.0
    ],
    "T15": [
        0.0,
        0.0,
        0.0
    ],
    "T16": [
        0.0,
        0.0,
        0.0
    ],
    "T17": [
        0.0,
        0.0,
        0.0
    ],
    "T18": [
        0.0,
        0.008750372712995077,
        0.02664689436532177
    ],
    "T19": [
        0.3884368243205904,
        0.4237696451962087,
        0.459102466071827
    ],
    "T20": [
        0.013203792091351294,
        0.05948711168545064,
        0.10577043127954999
    ],
    "T21": [
        0.0,
        0.017194916404546536,
        0.04371767660659002
    ],
    "T22": [
        0.0,
        0.0,
        0.0
    ],
    "T23": [
        0.016294356240748098,
        0.05948711168545064,
        0.10267986713015319
    ],
    "T24": [
        0.0,
        0.0,
        0.0
    ],
    "T25": [
        0.0,
        0.0,
        0.0
    ],
    "T26": [
        0.07725211419307998,
        0.21263785589842618,
        0.3480235976037724
    ],
    "T27": [
        0.06071683461531256,
        0.08745965089858766,
        0.11420246718186276
    ],
    "T28": [
        0.029184194269630093,
        0.15205354372149502,
        0.27492289317335994
    ],
    "T29": [
        0.09743734028862916,
        0.1467482455964712,
        0.19605915090431325
    ],
    "T30": [
        0.0,
        0.0,
        0.0
    ],
    "T31": [
        0.0,
        0.0,
        0.0
    ],
    "T32": [
        0.0,
        0.0,
        0.0
    ],
    "T33": [
        0.10738189801147285,
        0.20745028447349365,
        0.30751867093551444
    ],
    "T34": [
        0.03031364126965848,
        0.04660540999933452,
        0.06289717872901056
    ],
    "T35": [
        0.0,
        0.0,
        0.0
    ],
    "T36": [
        0.0,
        0.0,
        0.0
    ],
    "T37": [
        0.11996941585602647,
        0.15654519285374116,
        0.19312096985145585
    ],
    "T38": [
        0.016308232213187335,
        0.06783204105472324,
        0.11935584989625914
    ],
    "T39": [
        0.0,
        0.0,
        0.0
    ],
    "T40": [
        0.049569254075432,
        0.10931151088873227,
        0.16905376770203254
    ],
    "T41": [
        0.0,
        0.0,
        0.0
    ],
    "T42": [
        0.0,
        0.0,
        0.0
    ],
    "T43": [
        0.0,
        0.0,
        0.0
    ],
    "T44": [
        0.0,
        0.0023116181525629723,
        0.0070394081194768
    ],
    "T45": [
        0.0,
        0.03391602052736161,
        0.07255887715851353
    ]
}