{
    "model_global_ndcg": {
        "mean": 0.6278734313861563,
        "margin": 0.09277346942787734,
        "interval": [
            0.5350999619582789,
            0.6278734313861563,
            0.7206469008140336
        ]
    }
}