{
    "T28": [
        0.004229691154525261,
        0.13333333333333333,
        0.2624369755121414
    ],
    "T26": [
        0.0,
        0.10205354372149503,
        0.2065499219650827
    ],
    "T2": [
        0.24879647293932416,
        0.32597774846015987,
        0.40315902398099557
    ],
    "T29": [
        0.09624957182835361,
        0.17308546395197055,
        0.2499213560755875
    ],
    "T31": [
        0.0,
        0.04631225091149903,
        0.09362284110164978
    ],
    "T18": [
        0.053414904253060586,
        0.14136041129210392,
        0.22930591833114725
    ],
    "T23": [
        0.05034521502954575,
        0.09891993586646762,
        0.1474946567033895
    ],
    "T27": [
        0.09683697347629361,
        0.1340430707771346,
        0.17124916807797558
    ],
    "T39": [
        0.0,
        0.0039537766477008695,
        0.012040157845950757
    ],
    "T3": [
        0.13390250362596323,
        0.2238430151759313,
        0.3137835267258994
    ],
    "T4": [
        0.10085921013565402,
        0.17929173963955378,
        0.25772426914345353
    ],
    "T42": [
        0.07465783276126042,
        0.15534184145722446,
        0.2360258501531885
    ],
    "T9": [
        0.0,
        0.016804987216234614,
        0.03715307496833892
    ],
    "T14": [
        0.0,
        0.00918038507920622,
        0.027956380769391567
    ],
    "T1": [
        0.13029998807940263,
        0.2109506410491754,
        0.2916012940189482
    ],
    "T41": [
        0.12258877574374477,
        0.22309290867425216,
        0.32359704160475955
    ],
    "T7": [
        0.022675114239913557,
        0.09530719209404805,
        0.16793926994818253
    ],
    "T13": [
        0.0023881064078338093,
        0.03995053680771381,
        0.0775129672075938
    ],
    "T12": [
        0.07824850026776536,
        0.17839487659872597,
        0.27854125292968657
    ],
    "T43": [
        0.04005815079483871,
        0.16263785589842616,
        0.2852175610020136
    ],
    "T35": [
        0.20985264929390463,
        0.2970913235195262,
        0.3843299977451478
    ],
    "T33": [
        0.0745390285191157,
        0.1536647841522939,
        0.2327905397854721
    ],
    "T30": [
        0.0,
        0.0416215925874852,
        0.08766330512263196
    ],
    "T34": [
        0.15305430271137,
        0.23587475629643334,
        0.3186952098814967
    ],
    "T11": [
        0.07860173430121664,
        0.13922760661328637,
        0.1998534789253561
    ],
    "T21": [
        0.1813473812881614,
        0.30640542120359066,
        0.4314634611190199
    ],
    "T38": [
        0.07683883592624338,
        0.1451075675870565,
        0.21337629924786963
    ],
    "T10": [
        0.0,
        0.0,
        0.0
    ],
    "T8": [
        0.06509855121292141,
        0.16826796654264958,
        0.27143738187237776
    ],
    "T17": [
        0.01919875821747373,
        0.05462305497322973,
        0.09004735172898573
    ],
    "T24": [
        0.0,
        0.006934854457688918,
        0.02111822435843041
    ],
    "T22": [
        0.1348413809031909,
        0.17602082621619816,
        0.21720027152920543
    ],
    "T44": [
        0.11731861089583928,
        0.2083276175778595,
        0.2993366242598797
    ],
    "T20": [
        0.13027288942133375,
        0.21263859473720406,
        0.2950043000530744
    ],
    "T16": [
        0.3588525767573917,
        0.5420619835714305,
        0.7252713903854694
    ],
    "T6": [
        0.12323221073900836,
        0.19452495965892214,
        0.2658177085788359
    ],
    "T19": [
        0.4710715627828578,
        0.5312623996431068,
        0.5914532365033559
    ],
    "T40": [
        0.05466206565271475,
        0.14768355857929036,
        0.24070505150586596
    ],
    "T45": [
        0.11380752342712047,
        0.1773182334282018,
        0.24082894342928313
    ],
    "T32": [
        0.0,
        0.021469644532350344,
        0.055822837760696895
    ],
    "T25": [
        0.0,
        0.038250027384723384,
        0.08325291526967826
    ],
    "T37": [
        0.19763522827202545,
        0.2869471010703509,
        0.3762589738686763
    ],
    "T5": [
        0.1328886890575236,
        0.2054699272660515,
        0.2780511654745794
    ],
    "T15": [
        0.1583250454223019,
        0.22939264598215645,
        0.300460246542011
    ],
    "T36": [
        0.26437022227644824,
        0.32539203932918137,
        0.3864138563819145
    ]
}