{
    "T3": [
        0.1339025036259633,
        0.2238430151759313,
        0.3137835267258993
    ],
    "T1": [
        0.13029998807940268,
        0.2109506410491754,
        0.29160129401894813
    ],
    "T20": [
        0.13027288942133375,
        0.21263859473720406,
        0.2950043000530744
    ],
    "T30": [
        0.0,
        0.0416215925874852,
        0.08766330512263196
    ],
    "T6": [
        0.12323221073900836,
        0.19452495965892216,
        0.26581770857883597
    ],
    "T42": [
        0.07465783276126048,
        0.15534184145722446,
        0.23602585015318844
    ],
    "T23": [
        0.05034521502954578,
        0.09891993586646763,
        0.1474946567033895
    ],
    "T10": [
        0.0,
        0.0,
        0.0
    ],
    "T32": [
        0.0,
        0.021469644532350344,
        0.055822837760696895
    ],
    "T33": [
        0.07453902851911573,
        0.15366478415229393,
        0.23279053978547212
    ],
    "T31": [
        0.0,
        0.04631225091149903,
        0.09362284110164976
    ],
    "T24": [
        0.0,
        0.006934854457688918,
        0.0211182243584304
    ],
    "T41": [
        0.12258877574374483,
        0.2230929086742522,
        0.32359704160475955
    ],
    "T2": [
        0.24879647293932416,
        0.32597774846015987,
        0.40315902398099557
    ],
    "T7": [
        0.022675114239913557,
        0.09530719209404805,
        0.16793926994818253
    ],
    "T15": [
        0.1583250454223019,
        0.22939264598215642,
        0.3004602465420109
    ],
    "T45": [
        0.11380752342712047,
        0.17731823342820177,
        0.24082894342928307
    ],
    "T43": [
        0.04005815079483871,
        0.16263785589842616,
        0.2852175610020136
    ],
    "T28": [
        0.004229691154525261,
        0.13333333333333333,
        0.2624369755121414
    ],
    "T9": [
        0.0,
        0.016804987216234614,
        0.03715307496833892
    ],
    "T18": [
        0.05341490425306061,
        0.14136041129210392,
        0.22930591833114722
    ],
    "T34": [
        0.1530543027113701,
        0.2358747562964334,
        0.3186952098814967
    ],
    "T38": [
        0.07683883592624335,
        0.14510756758705648,
        0.2133762992478696
    ],
    "T13": [
        0.0023881064078338232,
        0.03995053680771381,
        0.07751296720759379
    ],
    "T39": [
        0.0,
        0.0039537766477008695,
        0.012040157845950755
    ],
    "T21": [
        0.18134738128816147,
        0.3064054212035907,
        0.43146346111901995
    ],
    "T27": [
        0.09683697347629358,
        0.13404307077713457,
        0.17124916807797555
    ],
    "T12": [
        0.07824850026776536,
        0.17839487659872597,
        0.27854125292968657
    ],
    "T26": [
        0.0,
        0.10205354372149501,
        0.20654992196508265
    ],
    "T35": [
        0.20985264929390485,
        0.2970913235195264,
        0.3843299977451479
    ],
    "T4": [
        0.10085921013565408,
        0.17929173963955378,
        0.2577242691434535
    ],
    "T44": [
        0.11731861089583928,
        0.2083276175778595,
        0.2993366242598797
    ],
    "T14": [
        0.0,
        0.00918038507920622,
        0.02795638076939156
    ],
    "T8": [
        0.06509855121292146,
        0.16826796654264958,
        0.2714373818723777
    ],
    "T5": [
        0.13288868905752355,
        0.20546992726605148,
        0.2780511654745794
    ],
    "T22": [
        0.1348413809031909,
        0.17602082621619816,
        0.21720027152920543
    ],
    "T36": [
        0.2643702222764483,
        0.32539203932918137,
        0.38641385638191444
    ],
    "T37": [
        0.19763522827202545,
        0.2869471010703509,
        0.3762589738686763
    ],
    "T19": [
        0.47107156278285767,
        0.5312623996431067,
        0.5914532365033558
    ],
    "T25": [
        0.0,
        0.038250027384723384,
        0.08325291526967826
    ],
    "T17": [
        0.019198758217473744,
        0.05462305497322973,
        0.09004735172898572
    ],
    "T29": [
        0.09624957182835367,
        0.17308546395197058,
        0.2499213560755875
    ],
    "T16": [
        0.3588525767573918,
        0.5420619835714305,
        0.7252713903854693
    ],
    "T40": [
        0.05466206565271475,
        0.14768355857929036,
        0.24070505150586596
    ],
    "T11": [
        0.07860173430121667,
        0.13922760661328637,
        0.19985347892535607
    ]
}