{
    "T22": [
        0.1348413809031909,
        0.17602082621619816,
        0.21720027152920543
    ],
    "T3": [
        0.1339025036259633,
        0.22384301517593128,
        0.31378352672589926
    ],
    "T37": [
        0.1976352282720254,
        0.2869471010703508,
        0.37625897386867624
    ],
    "T17": [
        0.019198758217473744,
        0.05462305497322974,
        0.09004735172898573
    ],
    "T32": [
        0.0,
        0.021469644532350344,
        0.05582283776069688
    ],
    "T28": [
        0.004229691154525261,
        0.13333333333333333,
        0.2624369755121414
    ],
    "T29": [
        0.0962495718283537,
        0.1730854639519706,
        0.24992135607558752
    ],
    "T4": [
        0.10085921013565408,
        0.17929173963955378,
        0.2577242691434535
    ],
    "T35": [
        0.2098526492939048,
        0.29709132351952633,
        0.38432999774514787
    ],
    "T27": [
        0.09683697347629358,
        0.13404307077713457,
        0.17124916807797555
    ],
    "T1": [
        0.13029998807940263,
        0.21095064104917538,
        0.29160129401894813
    ],
    "T16": [
        0.3588525767573918,
        0.5420619835714305,
        0.7252713903854693
    ],
    "T18": [
        0.05341490425306061,
        0.14136041129210392,
        0.22930591833114722
    ],
    "T45": [
        0.11380752342712047,
        0.1773182334282018,
        0.24082894342928313
    ],
    "T30": [
        0.0,
        0.04162159258748519,
        0.08766330512263196
    ],
    "T33": [
        0.0745390285191157,
        0.1536647841522939,
        0.2327905397854721
    ],
    "T5": [
        0.1328886890575236,
        0.2054699272660515,
        0.2780511654745794
    ],
    "T12": [
        0.07824850026776536,
        0.17839487659872597,
        0.27854125292968657
    ],
    "T21": [
        0.18134738128816147,
        0.3064054212035907,
        0.43146346111901995
    ],
    "T26": [
        0.0,
        0.10205354372149503,
        0.20654992196508265
    ],
    "T20": [
        0.13027288942133375,
        0.2126385947372041,
        0.29500430005307443
    ],
    "T9": [
        0.0,
        0.016804987216234617,
        0.03715307496833892
    ],
    "T39": [
        0.0,
        0.0039537766477008695,
        0.012040157845950755
    ],
    "T25": [
        0.0,
        0.038250027384723384,
        0.08325291526967826
    ],
    "T42": [
        0.07465783276126048,
        0.15534184145722446,
        0.23602585015318844
    ],
    "T36": [
        0.26437022227644835,
        0.3253920393291814,
        0.3864138563819145
    ],
    "T10": [
        0.0,
        0.0,
        0.0
    ],
    "T7": [
        0.02267511423991353,
        0.09530719209404803,
        0.16793926994818253
    ],
    "T40": [
        0.05466206565271475,
        0.14768355857929036,
        0.24070505150586596
    ],
    "T43": [
        0.04005815079483871,
        0.16263785589842616,
        0.2852175610020136
    ],
    "T19": [
        0.47107156278285767,
        0.5312623996431067,
        0.5914532365033558
    ],
    "T31": [
        0.0,
        0.04631225091149903,
        0.09362284110164976
    ],
    "T14": [
        0.0,
        0.00918038507920622,
        0.02795638076939156
    ],
    "T24": [
        0.0,
        0.006934854457688918,
        0.0211182243584304
    ],
    "T34": [
        0.15305430271137,
        0.23587475629643334,
        0.3186952098814967
    ],
    "T38": [
        0.07683883592624338,
        0.1451075675870565,
        0.21337629924786963
    ],
    "T44": [
        0.11731861089583928,
        0.2083276175778595,
        0.2993366242598797
    ],
    "T8": [
        0.06509855121292152,
        0.1682679665426496,
        0.2714373818723777
    ],
    "T2": [
        0.24879647293932422,
        0.32597774846015987,
        0.4031590239809955
    ],
    "T23": [
        0.05034521502954578,
        0.09891993586646765,
        0.14749465670338952
    ],
    "T41": [
        0.12258877574374477,
        0.22309290867425216,
        0.32359704160475955
    ],
    "T15": [
        0.15832504542230197,
        0.22939264598215647,
        0.300460246542011
    ],
    "T11": [
        0.07860173430121667,
        0.13922760661328637,
        0.19985347892535607
    ],
    "T13": [
        0.0023881064078338232,
        0.03995053680771381,
        0.07751296720759379
    ],
    "T6": [
        0.12323221073900842,
        0.1945249596589222,
        0.26581770857883597
    ]
}