{
    "model_global_ndcg": {
        "mean": 0.18753585544750623,
        "margin": 0.03500083317250047,
        "interval": [
            0.15253502227500576,
            0.18753585544750623,
            0.2225366886200067
        ]
    }
}