{
    "model_global_ndcg": {
        "mean": 0.1875358554475062,
        "margin": 0.03500083317250047,
        "interval": [
            0.15253502227500573,
            0.1875358554475062,
            0.22253668862000667
        ]
    }
}