{
    "T1": [
        0.16403804102407998,
        0.24431976636251038,
        0.32460149170094077
    ],
    "T6": [
        0.12323221073900836,
        0.19452495965892216,
        0.26581770857883597
    ],
    "T28": [
        0.004229691154525261,
        0.13333333333333333,
        0.2624369755121414
    ],
    "T12": [
        0.07983669140119104,
        0.1798191448912892,
        0.27980159838138735
    ],
    "T24": [
        0.0670701331802403,
        0.1429046630753867,
        0.21873919297053313
    ],
    "T22": [
        0.17304942843607396,
        0.21702785052707282,
        0.2610062726180717
    ],
    "T32": [
        0.0,
        0.029520761231981725,
        0.06695628564955382
    ],
    "T31": [
        0.0,
        0.017500745425990154,
        0.04237005020539927
    ],
    "T41": [
        0.12258877574374483,
        0.2230929086742522,
        0.32359704160475955
    ],
    "T35": [
        0.20859806784341806,
        0.29460466828158366,
        0.38061126871974926
    ],
    "T13": [
        0.10359741566041211,
        0.16638131867354725,
        0.22916522168668238
    ],
    "T34": [
        0.14771680010840849,
        0.23129828461826996,
        0.3148797691281314
    ],
    "T10": [
        0.0,
        0.005053225246926846,
        0.012245119142449822
    ],
    "T18": [
        0.04956477584781216,
        0.1276665518097106,
        0.20576832777160903
    ],
    "T42": [
        0.096005751589885,
        0.17616503607197653,
        0.25632432055406806
    ],
    "T8": [
        0.058735189616795136,
        0.15216308344220827,
        0.2455909772676214
    ],
    "T16": [
        0.3868400496988438,
        0.5687202103881617,
        0.7506003710774796
    ],
    "T27": [
        0.08076226989877816,
        0.10468518074863259,
        0.12860809159848702
    ],
    "T30": [
        0.0,
        0.039694439010534044,
        0.08908720264074951
    ],
    "T38": [
        0.08544465595992812,
        0.15612462508071917,
        0.22680459420151022
    ],
    "T15": [
        0.16491330234107587,
        0.24121665967901113,
        0.3175200170169464
    ],
    "T33": [
        0.07534220135117331,
        0.15630552583867968,
        0.23726885032618605
    ],
    "T21": [
        0.17763239549907572,
        0.30504320122728856,
        0.4324540069555014
    ],
    "T5": [
        0.17440075351057038,
        0.25221419517988275,
        0.3300276368491951
    ],
    "T11": [
        0.08940277455842216,
        0.15161107639411403,
        0.2138193782298059
    ],
    "T9": [
        0.0,
        0.018913248667150176,
        0.04277357207050244
    ],
    "T17": [
        0.11197274743201785,
        0.1925332571141902,
        0.27309376679636255
    ],
    "T43": [
        0.0627971632526298,
        0.19180474589537197,
        0.32081232853811414
    ],
    "T4": [
        0.09243938668343898,
        0.17310783770486798,
        0.253776288726297
    ],
    "T23": [
        0.030267449035090904,
        0.08479005131840402,
        0.13931265360171713
    ],
    "T36": [
        0.3000158124698618,
        0.36288466916362977,
        0.42575352585739773
    ],
    "T37": [
        0.19621115768336012,
        0.294561897208197,
        0.39291263673303384
    ],
    "T29": [
        0.10324936495012027,
        0.17938793485991972,
        0.25552650476971916
    ],
    "T44": [
        0.11000314415141021,
        0.20469638048170666,
        0.2993896168120031
    ],
    "T2": [
        0.27484870732423206,
        0.3439868448002471,
        0.41312498227626215
    ],
    "T40": [
        0.05466206565271475,
        0.14768355857929036,
        0.24070505150586596
    ],
    "T7": [
        0.032070995142430614,
        0.11007634219743631,
        0.188081689252442
    ],
    "T14": [
        0.0,
        0.05805185125166975,
        0.11711561987470984
    ],
    "T25": [
        0.0,
        0.05207510393248236,
        0.10772700910909108
    ],
    "T3": [
        0.13516578003490864,
        0.2225648399559219,
        0.3099638998769352
    ],
    "T19": [
        0.4707970973358273,
        0.5332967992019376,
        0.5957965010680479
    ],
    "T45": [
        0.1218838151030183,
        0.18202203095262126,
        0.24216024680222423
    ],
    "T39": [
        0.18001063610287082,
        0.26847212748623844,
        0.35693361886960606
    ],
    "T26": [
        0.000383451266605217,
        0.10872865023809715,
        0.21707384920958908
    ],
    "T20": [
        0.11092526589497631,
        0.19848390925641501,
        0.2860425526178537
    ]
}