{
    "model_global_ndcg": {
        "mean": 0.7435143233229292,
        "margin": 0.07930001277708643,
        "interval": [
            0.6642143105458428,
            0.7435143233229292,
            0.8228143361000156
        ]
    }
}