{
    "model_global_ndcg": {
        "mean": 0.1841734876589816,
        "margin": 0.04268894861534772,
        "interval": [
            0.14148453904363387,
            0.1841734876589816,
            0.2268624362743293
        ]
    }
}