{
    "T1": [
        0.0857458606446164,
        0.15634395296865053,
        0.22694204529268466
    ],
    "T2": [
        0.2954029135589634,
        0.38568359947765807,
        0.4759642853963527
    ],
    "T3": [
        0.032889164355128425,
        0.11046205378676507,
        0.18803494321840172
    ],
    "T4": [
        0.09287189565856258,
        0.15902473363986058,
        0.2251775716211586
    ],
    "T5": [
        0.24195908970922003,
        0.30659951221832815,
        0.37123993472743627
    ],
    "T6": [
        0.15278406731723704,
        0.22700387427873966,
        0.3012236812402423
    ],
    "T7": [
        0.02006739888940194,
        0.05990274983975345,
        0.09973810079010496
    ],
    "T8": [
        0.1008478540774343,
        0.1714464147096712,
        0.2420449753419081
    ],
    "T9": [
        0.0,
        0.010830268581020099,
        0.02409773051989363
    ],
    "T10": [
        0.0,
        0.012362186513076438,
        0.0299293801754118
    ],
    "T11": [
        0.24166796556711767,
        0.3268908239551889,
        0.4121136823432602
    ],
    "T12": [
        0.055998501219914454,
        0.13495174571606097,
        0.2139049902122075
    ],
    "T13": [
        0.04272576813164064,
        0.095222381008112,
        0.14771899388458337
    ],
    "T14": [
        0.0,
        0.027541155237618666,
        0.0838691423081747
    ],
    "T15": [
        0.09135096514622515,
        0.15762490779949948,
        0.2238988504527738
    ],
    "T16": [
        0.639910042966977,
        0.7718216255952429,
        0.9037332082235089
    ],
    "T17": [
        0.0,
        0.05434435533060626,
        0.11089366913133805
    ],
    "T18": [
        0.05050674440865302,
        0.11370221545355616,
        0.1768976864984593
    ],
    "T19": [
        0.5264149342377149,
        0.5831902415809136,
        0.6399655489241123
    ],
    "T20": [
        0.09390895726155377,
        0.16428690753269728,
        0.2346648578038408
    ],
    "T21": [
        0.1558254320320337,
        0.28189207530986804,
        0.4079587185877024
    ],
    "T22": [
        0.14461540967066788,
        0.1766995532304976,
        0.20878369679032732
    ],
    "T23": [
        0.030234553303339434,
        0.10136641228716498,
        0.17249827127099052
    ],
    "T24": [
        0.008695887579600492,
        0.04632298222165766,
        0.08395007686371483
    ],
    "T25": [
        0.07398078250748336,
        0.2055199294819219,
        0.33705907645636046
    ],
    "T26": [
        0.05283867610330423,
        0.19537843720489287,
        0.3379181983064815
    ],
    "T27": [
        0.1307490096595421,
        0.18091054568415119,
        0.23107208170876029
    ],
    "T28": [
        0.025127435798330655,
        0.16666666666666666,
        0.30820589753500266
    ],
    "T29": [
        0.08231287470380017,
        0.14447839780050187,
        0.20664392089720357
    ],
    "T30": [
        0.0403363862684141,
        0.12317355148437682,
        0.20601071670033955
    ],
    "T31": [
        0.0,
        0.02490344318392621,
        0.05559032037157827
    ],
    "T32": [
        0.0,
        0.011065488669166207,
        0.029424574144418437
    ],
    "T33": [
        0.1031020330297317,
        0.2016770573049306,
        0.3002520815801295
    ],
    "T34": [
        0.16767403317170293,
        0.2554735502389887,
        0.3432730673062745
    ],
    "T35": [
        0.21497396072035135,
        0.30548303399128346,
        0.39599210726221556
    ],
    "T36": [
        0.2428976358004873,
        0.2944396693845682,
        0.34598170296864916
    ],
    "T37": [
        0.21400153657912901,
        0.29708026056787085,
        0.3801589845566127
    ],
    "T38": [
        0.08515026167704376,
        0.14461212517604435,
        0.20407398867504495
    ],
    "T39": [
        0.08696844659475655,
        0.15848759045428437,
        0.2300067343138122
    ],
    "T40": [
        0.054105871599272326,
        0.14731409788017127,
        0.24052232416107022
    ],
    "T41": [
        0.1082905459825299,
        0.19962897237311436,
        0.2909673987636988
    ],
    "T42": [
        0.0806275714435109,
        0.16461858173485044,
        0.24860959202618998
    ],
    "T43": [
        0.0,
        0.06666666666666667,
        0.16140283998979837
    ],
    "T44": [
        0.15202591997551773,
        0.2379756848874415,
        0.3239254497993653
    ],
    "T45": [
        0.06869917250805013,
        0.12673646554614557,
        0.184773758584241
    ]
}