{
    "model_global_ndcg": {
        "mean": 0.15960264366851487,
        "margin": 0.0341188639194592,
        "interval": [
            0.12548377974905567,
            0.15960264366851487,
            0.19372150758797407
        ]
    }
}