{
    "model_global_ndcg": {
        "mean": 0.15960264366851484,
        "margin": 0.0341188639194592,
        "interval": [
            0.12548377974905564,
            0.15960264366851484,
            0.19372150758797405
        ]
    }
}