{
    "model_global_ndcg": {
        "mean": 0.15198656556183524,
        "margin": 0.035178095614038285,
        "interval": [
            0.11680846994779695,
            0.15198656556183524,
            0.18716466117587352
        ]
    }
}