{
    "T1": [
        0.08320440974702803,
        0.15110425382170234,
        0.21900409789637665
    ],
    "T2": [
        0.23325494834492944,
        0.29338076354835824,
        0.35350657875178704
    ],
    "T3": [
        0.05180209165618463,
        0.12129513520041581,
        0.19078817874464699
    ],
    "T4": [
        0.049147221687390275,
        0.11274761708456875,
        0.17634801248174722
    ],
    "T5": [
        0.18335592780321613,
        0.24816134500636636,
        0.3129667622095166
    ],
    "T6": [
        0.0834105216394121,
        0.15807223803681472,
        0.23273395443421735
    ],
    "T7": [
        0.013512720014302954,
        0.06411276946456386,
        0.11471281891482477
    ],
    "T8": [
        0.05791532699775931,
        0.17170986789395518,
        0.28550440879015104
    ],
    "T9": [
        0.004128065045209406,
        0.04358136277704941,
        0.08303466050888941
    ],
    "T10": [
        0.0,
        0.0,
        0.0
    ],
    "T11": [
        0.04007529317597028,
        0.08353743214733135,
        0.12699957111869242
    ],
    "T12": [
        0.045679094852167396,
        0.12495855794436718,
        0.20423802103656696
    ],
    "T13": [
        0.008821484801242965,
        0.04690260400551457,
        0.08498372320978617
    ],
    "T14": [
        0.0,
        0.0,
        0.0
    ],
    "T15": [
        0.03311613862096238,
        0.08401743987103645,
        0.13491874112111052
    ],
    "T16": [
        0.3965728527915081,
        0.5543643251190485,
        0.712155797446589
    ],
    "T17": [
        0.0738811640359302,
        0.1717452520278164,
        0.2696093400197026
    ],
    "T18": [
        0.027995973330538493,
        0.08143400639970716,
        0.13487203946887583
    ],
    "T19": [
        0.4013906826686833,
        0.4599588445478441,
        0.5185270064270049
    ],
    "T20": [
        0.06227324733388079,
        0.13560193614968563,
        0.20893062496549047
    ],
    "T21": [
        0.08539620596249453,
        0.19515234565959555,
        0.30490848535669657
    ],
    "T22": [
        0.15040641161125498,
        0.19398243599296594,
        0.2375584603746769
    ],
    "T23": [
        0.04650710718696266,
        0.1006699319770444,
        0.15483275676712613
    ],
    "T24": [
        0.021744953303860587,
        0.0669336062966603,
        0.11212225928946001
    ],
    "T25": [
        0.0,
        0.08432017470548395,
        0.17065870395475088
    ],
    "T26": [
        0.0,
        0.06666666666666667,
        0.1614028399897984
    ],
    "T27": [
        0.09820467169189512,
        0.1379160927669017,
        0.17762751384190828
    ],
    "T28": [
        0.0,
        0.1,
        0.21393688301366892
    ],
    "T29": [
        0.08413382443074063,
        0.1366150886431729,
        0.18909635285560517
    ],
    "T30": [
        0.06061636367905654,
        0.13028465302665573,
        0.19995294237425493
    ],
    "T31": [
        0.0,
        0.00914470815881639,
        0.02112365548280578
    ],
    "T32": [
        0.0,
        0.028872032718865008,
        0.06274563048565607
    ],
    "T33": [
        0.04783783935999375,
        0.1350103906382639,
        0.22218294191653404
    ],
    "T34": [
        0.21686374056737912,
        0.2965849492714898,
        0.3763061579756005
    ],
    "T35": [
        0.11041952214062772,
        0.1863500520408665,
        0.26228058194110526
    ],
    "T36": [
        0.3257018741241636,
        0.38600883553833343,
        0.44631579695250323
    ],
    "T37": [
        0.15051739227764843,
        0.21336813432430343,
        0.27621887637095843
    ],
    "T38": [
        0.0,
        0.039481445832239094,
        0.08425309726156278
    ],
    "T39": [
        0.03337218792968735,
        0.07756010803724411,
        0.12174802814480087
    ],
    "T40": [
        0.05080335661692795,
        0.13256057243799066,
        0.21431778825905337
    ],
    "T41": [
        0.22454456508425436,
        0.33274872782667153,
        0.4409528905690887
    ],
    "T42": [
        0.17751586611947184,
        0.26629563903978104,
        0.35507541196009024
    ],
    "T43": [
        0.0,
        0.05436432511904858,
        0.13370939377573204
    ],
    "T44": [
        0.08543165296003705,
        0.15843421496183654,
        0.23143677696363604
    ],
    "T45": [
        0.1329719377127429,
        0.2033845675555425,
        0.2737971973983421
    ]
}