{
    "model_global_ndcg": {
        "mean": 0.20640848407681503,
        "margin": 0.043987472317656456,
        "interval": [
            0.16242101175915857,
            0.20640848407681503,
            0.2503959563944715
        ]
    }
}