{
    "T1": [
        0.17330136018514797,
        0.25627694287983604,
        0.3392525255745241
    ],
    "T2": [
        0.3008825271329365,
        0.3872442331968341,
        0.4736059392607317
    ],
    "T3": [
        0.08903804452753922,
        0.1712065034413319,
        0.2533749623551246
    ],
    "T4": [
        0.07335998958749501,
        0.1404506489944625,
        0.20754130840142998
    ],
    "T5": [
        0.20177676592349514,
        0.27933638360813584,
        0.35689600129277654
    ],
    "T6": [
        0.14651680957689306,
        0.2183000340933915,
        0.2900832586098899
    ],
    "T7": [
        0.017114439491591443,
        0.05228468984435862,
        0.0874549401971258
    ],
    "T8": [
        0.12561752566685158,
        0.21004744971365147,
        0.29447737376045136
    ],
    "T9": [
        0.011249543091470693,
        0.046294025282625426,
        0.08133850747378016
    ],
    "T10": [
        0.0,
        0.012362186513076438,
        0.0299293801754118
    ],
    "T11": [
        0.3308255475567759,
        0.38955951550325163,
        0.44829348344972736
    ],
    "T12": [
        0.06039774216183441,
        0.14195648157433033,
        0.22351522098682625
    ],
    "T13": [
        0.04554893211130204,
        0.10062742961137976,
        0.15570592711145748
    ],
    "T14": [
        0.0,
        0.027541155237618666,
        0.0838691423081747
    ],
    "T15": [
        0.11949046848173189,
        0.1936124769691297,
        0.2677344854565275
    ],
    "T16": [
        0.6796210613786638,
        0.8149486372959797,
        0.9502762132132955
    ],
    "T17": [
        0.03008281377798777,
        0.0943828386617219,
        0.15868286354545602
    ],
    "T18": [
        0.05384812934727323,
        0.12279441769181107,
        0.1917407060363489
    ],
    "T19": [
        0.5303280920490698,
        0.5794116647623118,
        0.6284952374755537
    ],
    "T20": [
        0.08516488653031906,
        0.14984725808446875,
        0.21452962963861844
    ],
    "T21": [
        0.15018159431900718,
        0.27997047002919084,
        0.4097593457393745
    ],
    "T22": [
        0.2734808606169947,
        0.3382135476691011,
        0.4029462347212075
    ],
    "T23": [
        0.030276667848328748,
        0.09797767269566542,
        0.16567867754300208
    ],
    "T24": [
        0.023536296110128224,
        0.07964661770959211,
        0.135756939309056
    ],
    "T25": [
        0.08901060126073213,
        0.21988901119535548,
        0.35076742112997883
    ],
    "T26": [
        0.07212977395980508,
        0.20594469941698748,
        0.3397596248741699
    ],
    "T27": [
        0.11627407069300721,
        0.15487985811787103,
        0.19348564554273484
    ],
    "T28": [
        0.025127435798330655,
        0.16666666666666666,
        0.30820589753500266
    ],
    "T29": [
        0.10010753440506884,
        0.1598019477890948,
        0.21949636117312074
    ],
    "T30": [
        0.04768610064975515,
        0.1307916114797717,
        0.21389712230978825
    ],
    "T31": [
        0.0,
        0.02157322543436524,
        0.045364803037487224
    ],
    "T32": [
        0.0,
        0.013418527832718966,
        0.031218850144450985
    ],
    "T33": [
        0.10617655633189704,
        0.21570721223699785,
        0.32523786814209865
    ],
    "T34": [
        0.15735017176016491,
        0.24356811291147024,
        0.32978605406277556
    ],
    "T35": [
        0.23141398578273192,
        0.3219399989782952,
        0.41246601217385853
    ],
    "T36": [
        0.22773650701189535,
        0.2827581689100697,
        0.3377798308082441
    ],
    "T37": [
        0.2549245654958279,
        0.3221781795306324,
        0.38943179356543683
    ],
    "T38": [
        0.08791717375516112,
        0.1618645399516289,
        0.23581190614809666
    ],
    "T39": [
        0.10844214727579404,
        0.1846040392821124,
        0.26076593128843073
    ],
    "T40": [
        0.09334517381883617,
        0.20397958599918192,
        0.3146139981795277
    ],
    "T41": [
        0.18285913873223014,
        0.266295639039781,
        0.3497321393473318
    ],
    "T42": [
        0.17132855051394458,
        0.27595145819220046,
        0.38057436587045634
    ],
    "T43": [
        0.0,
        0.08102255193577976,
        0.17880252436827854
    ],
    "T44": [
        0.14706065678946384,
        0.2359243551878475,
        0.32478805358623114
    ],
    "T45": [
        0.16388799223116818,
        0.23532911230459166,
        0.30677023237801515
    ]
}