{
    "model_global_ndcg": {
        "mean": 0.12350627228776039,
        "margin": 0.03822802954740083,
        "interval": [
            0.08527824274035956,
            0.12350627228776039,
            0.16173430183516121
        ]
    }
}