{
    "T1": [
        0.024989001027207997,
        0.08393543181413884,
        0.1428818626010697
    ],
    "T2": [
        0.17204304491119282,
        0.24164704968223652,
        0.3112510544532802
    ],
    "T3": [
        0.01771801943005158,
        0.08426451408837118,
        0.1508110087466908
    ],
    "T4": [
        0.04738818790757801,
        0.09524281259985241,
        0.14309743729212682
    ],
    "T5": [
        0.07251792206110033,
        0.1286206889087768,
        0.18472345575645324
    ],
    "T6": [
        0.07133598691428009,
        0.1285923231747251,
        0.18584865943517012
    ],
    "T7": [
        0.0,
        0.04041662165843883,
        0.08646606059549147
    ],
    "T8": [
        0.09871589338602915,
        0.2175006369050889,
        0.3362853804241486
    ],
    "T9": [
        0.0,
        0.004760103630960658,
        0.011583143662721906
    ],
    "T10": [
        0.0,
        0.0,
        0.0
    ],
    "T11": [
        0.04334848484953782,
        0.09748835211443242,
        0.15162821937932702
    ],
    "T12": [
        0.044587988701507014,
        0.12542692778079575,
        0.2062658668600845
    ],
    "T13": [
        0.002410951169958278,
        0.03254960824019661,
        0.06268826531043495
    ],
    "T14": [
        0.0,
        0.0,
        0.0
    ],
    "T15": [
        0.06469607160247237,
        0.12211909332391019,
        0.179542115045348
    ],
    "T16": [
        0.5427868721156426,
        0.7087286502380972,
        0.8746704283605518
    ],
    "T17": [
        0.0,
        0.0030905466282691095,
        0.009411424202798373
    ],
    "T18": [
        0.00019329055968056452,
        0.04012013075641607,
        0.08004697095315158
    ],
    "T19": [
        0.39376413123154475,
        0.44211479722932484,
        0.49046546322710494
    ],
    "T20": [
        0.04841017681778256,
        0.11264938379849813,
        0.1768885907792137
    ],
    "T21": [
        0.1640734156429451,
        0.29783909856781254,
        0.43160478149268
    ],
    "T22": [
        0.1348356551944615,
        0.18157977211406504,
        0.22832388903366857
    ],
    "T23": [
        0.0,
        0.03391602052736161,
        0.07255887715851354
    ],
    "T24": [
        0.0,
        0.02048069199175151,
        0.04585490053226677
    ],
    "T25": [
        0.007728012468934065,
        0.0944847956559586,
        0.18124157884298314
    ],
    "T26": [
        0.0,
        0.1,
        0.21393688301366892
    ],
    "T27": [
        0.04402796872266246,
        0.07551338849216248,
        0.1069988082616625
    ],
    "T28": [
        0.0,
        0.1,
        0.21393688301366892
    ],
    "T29": [
        0.068496455148399,
        0.12560007430365838,
        0.18270369345891777
    ],
    "T30": [
        0.0,
        0.0026058805912505733,
        0.007935504820334541
    ],
    "T31": [
        0.0,
        0.0017884221548747998,
        0.005446156158671586
    ],
    "T32": [
        0.0,
        0.0,
        0.0
    ],
    "T33": [
        0.02028462204836451,
        0.08808251803598827,
        0.15588041402361202
    ],
    "T34": [
        0.08904152785140557,
        0.1458050307480015,
        0.20256853364459743
    ],
    "T35": [
        0.08093076383467712,
        0.1536328637108572,
        0.22633496358703725
    ],
    "T36": [
        0.17848821639191687,
        0.24540483351789005,
        0.31232145064386324
    ],
    "T37": [
        0.14309682188056594,
        0.2259263941059148,
        0.3087559663312637
    ],
    "T38": [
        0.049470258927439115,
        0.11374988206799262,
        0.17802950520854613
    ],
    "T39": [
        0.0,
        0.0,
        0.0
    ],
    "T40": [
        0.02404605626500167,
        0.10441590578352283,
        0.184785755302044
    ],
    "T41": [
        0.06113573203257944,
        0.15065301483902246,
        0.2401702976454655
    ],
    "T42": [
        0.024878432256518063,
        0.08640546073105769,
        0.14793248920559732
    ],
    "T43": [
        0.08837719796084753,
        0.2339260853602,
        0.37947497275955244
    ],
    "T44": [
        0.07284430566787631,
        0.13792746523103247,
        0.20301062479418863
    ],
    "T45": [
        0.07674153295469732,
        0.12877698184631206,
        0.1808124307379268
    ]
}