{
    "model_global_ndcg": {
        "mean": 0.1917429434241637,
        "margin": 0.044096290925752124,
        "interval": [
            0.14764665249841158,
            0.1917429434241637,
            0.23583923434991583
        ]
    }
}