{
    "T1": [
        0.10948907360754145,
        0.17402295380982347,
        0.23855683401210548
    ],
    "T2": [
        0.28384735842672243,
        0.3774122946783153,
        0.4709772309299081
    ],
    "T3": [
        0.011058816278815276,
        0.08808251803598827,
        0.16510621979316126
    ],
    "T4": [
        0.12615315087972107,
        0.19234046398902413,
        0.2585277770983272
    ],
    "T5": [
        0.21786432062589767,
        0.2937651404578576,
        0.3696659602898176
    ],
    "T6": [
        0.15858110776045203,
        0.2343053956786899,
        0.3100296835969278
    ],
    "T7": [
        0.013752765216899651,
        0.05228468984435862,
        0.09081661447181759
    ],
    "T8": [
        0.15529998955600133,
        0.22565564569853747,
        0.2960113018410736
    ],
    "T9": [
        0.020059169989337433,
        0.06379900371301661,
        0.10753883743669579
    ],
    "T10": [
        0.0,
        0.00927163988480733,
        0.023209237952522752
    ],
    "T11": [
        0.2608015497947184,
        0.33877885132500435,
        0.4167561528552903
    ],
    "T12": [
        0.046578092887197164,
        0.1302936684114527,
        0.21400924393570825
    ],
    "T13": [
        0.02441372023081216,
        0.0636015116301789,
        0.10278930302954563
    ],
    "T14": [
        0.0,
        0.027541155237618666,
        0.0838691423081747
    ],
    "T15": [
        0.09289126516635493,
        0.1590265813092042,
        0.22516189745205345
    ],
    "T16": [
        0.6746537641692467,
        0.8051549589285762,
        0.9356561536879058
    ],
    "T17": [
        0.01889498666741185,
        0.09243451362791458,
        0.1659740405884173
    ],
    "T18": [
        0.026961158408993102,
        0.09441542732977348,
        0.16186969625055386
    ],
    "T19": [
        0.5250765793622371,
        0.5822839723760951,
        0.6394913653899531
    ],
    "T20": [
        0.1018768616350835,
        0.17149350604254737,
        0.24111015045001125
    ],
    "T21": [
        0.15282619949850623,
        0.2859266795420648,
        0.41902715958562337
    ],
    "T22": [
        0.12620061883140335,
        0.15465135659395396,
        0.18310209435650457
    ],
    "T23": [
        0.03787882337426124,
        0.11188802736981547,
        0.1858972313653697
    ],
    "T24": [
        0.020317928010360947,
        0.06718546309653226,
        0.11405299818270356
    ],
    "T25": [
        0.08250033400999152,
        0.2140638986692259,
        0.3456274633284603
    ],
    "T26": [
        0.05452227916633834,
        0.19768921860244643,
        0.3408561580385545
    ],
    "T27": [
        0.11772202784210345,
        0.15569713984742756,
        0.19367225185275166
    ],
    "T28": [
        0.025127435798330655,
        0.16666666666666666,
        0.30820589753500266
    ],
    "T29": [
        0.09870074471385087,
        0.1739152774350669,
        0.24912981015628294
    ],
    "T30": [
        0.06684113774226813,
        0.15157468254499495,
        0.23630822734772178
    ],
    "T31": [
        0.0,
        0.019784803279490438,
        0.04154882218021862
    ],
    "T32": [
        0.0,
        0.00805111669963138,
        0.024517499225987095
    ],
    "T33": [
        0.098894687471827,
        0.19590383013636756,
        0.2929129728009081
    ],
    "T34": [
        0.1526860486692624,
        0.2384136759076327,
        0.32414130314600303
    ],
    "T35": [
        0.23273770679293954,
        0.3254264023583041,
        0.4181150979236687
    ],
    "T36": [
        0.259180597062797,
        0.3126465179183338,
        0.3661124387738706
    ],
    "T37": [
        0.26083540772650116,
        0.334988035935288,
        0.4091406641440748
    ],
    "T38": [
        0.09172023610660057,
        0.16148289065670904,
        0.2312455452068175
    ],
    "T39": [
        0.015983998889275583,
        0.0440967044093877,
        0.07220940992949981
    ],
    "T40": [
        0.048062542109318346,
        0.14190559986794188,
        0.2357486576265654
    ],
    "T41": [
        0.19900663463002122,
        0.2812810078888003,
        0.36355538114757935
    ],
    "T42": [
        0.15200209343977228,
        0.22790286011702496,
        0.30380362679427764
    ],
    "T43": [
        0.0,
        0.10205354372149503,
        0.20654992196508265
    ],
    "T44": [
        0.14683481503803952,
        0.23360303918988568,
        0.3203712633417318
    ],
    "T45": [
        0.07737585868664007,
        0.14567012362409587,
        0.21396438856155167
    ]
}