{
    "model_global_ndcg": {
        "mean": 0.5594201814214594,
        "margin": 0.09557302643360199,
        "interval": [
            0.46384715498785745,
            0.5594201814214594,
            0.6549932078550614
        ]
    }
}