{
    "model_global_ndcg": {
        "mean": 0.1347000477543755,
        "margin": 0.04400773720757867,
        "interval": [
            0.09069231054679683,
            0.1347000477543755,
            0.17870778496195416
        ]
    }
}