{
    "model_global_ndcg": {
        "mean": 0.12896707425097498,
        "margin": 0.034792591076298285,
        "interval": [
            0.09417448317467669,
            0.12896707425097498,
            0.16375966532727326
        ]
    }
}