{
    "model_global_ndcg": {
        "mean": 0.1347000477543755,
        "margin": 0.044007737207578695,
        "interval": [
            0.0906923105467968,
            0.1347000477543755,
            0.1787077849619542
        ]
    }
}