{
    "model_global_ndcg": {
        "mean": 0.13215911407714584,
        "margin": 0.03947199213458891,
        "interval": [
            0.09268712194255693,
            0.13215911407714584,
            0.17163110621173475
        ]
    }
}