{
    "T28": [
        0.004229691154525261,
        0.13333333333333333,
        0.2624369755121414
    ],
    "T26": [
        0.0,
        0.05,
        0.12516252917972914
    ],
    "T2": [
        0.14742904758079928,
        0.21781536501519064,
        0.288201682449582
    ],
    "T29": [
        0.07961919291367897,
        0.1451165154801846,
        0.2106138380466902
    ],
    "T31": [
        0.0,
        0.0,
        0.0
    ],
    "T18": [
        0.05111639027355094,
        0.13026871276971655,
        0.20942103526588216
    ],
    "T23": [
        0.0,
        0.022610680351574406,
        0.05474142034268463
    ],
    "T27": [
        0.022301090979770344,
        0.05700331365938897,
        0.09170553633900759
    ],
    "T39": [
        0.0,
        0.0,
        0.0
    ],
    "T3": [
        0.06742803916121151,
        0.1488830958232216,
        0.23033815248523168
    ],
    "T4": [
        0.035160503128233045,
        0.09526498436676771,
        0.15536946560530238
    ],
    "T42": [
        0.018431330361101644,
        0.09618199605238291,
        0.17393266174366417
    ],
    "T9": [
        0.0,
        0.0,
        0.0
    ],
    "T14": [
        0.0,
        0.0,
        0.0
    ],
    "T1": [
        0.0843707697236814,
        0.14973570247584156,
        0.2151006352280017
    ],
    "T41": [
        0.04042041920053174,
        0.11554976248988827,
        0.1906791057792448
    ],
    "T7": [
        0.0,
        0.05649470946916902,
        0.11562140363776836
    ],
    "T13": [
        0.0,
        0.016958010263680805,
        0.03627943857925677
    ],
    "T12": [
        0.06761467827868048,
        0.1579988338771355,
        0.24838298947559054
    ],
    "T43": [
        0.06181477025117471,
        0.2087286502380972,
        0.3556425302250197
    ],
    "T35": [
        0.16939252786222492,
        0.2505194519361637,
        0.3316463760101025
    ],
    "T33": [
        0.018505480870595392,
        0.09578311396746172,
        0.17306074706432806
    ],
    "T30": [
        0.0,
        0.0026058805912505733,
        0.007935504820334543
    ],
    "T34": [
        0.07063457184209956,
        0.12848529107631113,
        0.1863360103105227
    ],
    "T11": [
        0.02369626793596913,
        0.06377336948617925,
        0.10385047103638936
    ],
    "T21": [
        0.1597065226200569,
        0.28367018940037086,
        0.4076338561806848
    ],
    "T38": [
        0.06698830854641391,
        0.13218809773493076,
        0.1973878869234476
    ],
    "T10": [
        0.0,
        0.0,
        0.0
    ],
    "T8": [
        0.058237080517142215,
        0.1612075713251774,
        0.2641780621332126
    ],
    "T17": [
        0.057726485939398386,
        0.10865234401761721,
        0.15957820209583604
    ],
    "T24": [
        0.0,
        0.023037087856951678,
        0.05844219157037936
    ],
    "T22": [
        0.12992625173444466,
        0.17673101404066976,
        0.22353577634689487
    ],
    "T44": [
        0.03500879631387824,
        0.08830503828760707,
        0.1416012802613359
    ],
    "T20": [
        0.06882886413218187,
        0.13862449291596105,
        0.20842012169974022
    ],
    "T16": [
        0.3342780543133145,
        0.5210309917857152,
        0.707783929258116
    ],
    "T6": [
        0.11818531376054409,
        0.17479254152634083,
        0.23139976929213757
    ],
    "T19": [
        0.41641057418892236,
        0.4938457809366452,
        0.5712809876843681
    ],
    "T40": [
        0.053574786379950085,
        0.14525569152864815,
        0.2369365966773462
    ],
    "T45": [
        0.04928455467847881,
        0.10440248572931404,
        0.15952041678014928
    ],
    "T32": [
        0.0,
        0.0,
        0.0
    ],
    "T25": [
        0.0,
        0.017376534287144,
        0.05291553728874618
    ],
    "T37": [
        0.15904666528997735,
        0.2476620259057053,
        0.33627738652143324
    ],
    "T5": [
        0.06377922194374405,
        0.11915493067126039,
        0.17453063939877672
    ],
    "T15": [
        0.15791827008630038,
        0.2270808620333417,
        0.29624345398038304
    ],
    "T36": [
        0.23811922076339448,
        0.29738988858753534,
        0.3566605564116762
    ]
}