{
    "T3": [
        0.07823916002605277,
        0.16344131947361917,
        0.24864347892118557
    ],
    "T1": [
        0.0024288703390682453,
        0.05114412193311338,
        0.09985937352715851
    ],
    "T20": [
        0.08447266779949997,
        0.14844962768849093,
        0.2124265875774819
    ],
    "T30": [
        0.0,
        0.002901081917468498,
        0.00883446064933025
    ],
    "T6": [
        0.11851035608657859,
        0.17807634752190732,
        0.23764233895723605
    ],
    "T42": [
        0.013411037238961948,
        0.0988227377387687,
        0.18423443823857547
    ],
    "T23": [
        0.0,
        0.03391602052736161,
        0.07255887715851353
    ],
    "T10": [
        0.0,
        0.0,
        0.0
    ],
    "T32": [
        0.0,
        0.0,
        0.0
    ],
    "T33": [
        0.0,
        0.06040169570231216,
        0.13016626954304733
    ],
    "T31": [
        0.0,
        0.004623004205810281,
        0.014078109443237622
    ],
    "T24": [
        0.0,
        0.0,
        0.0
    ],
    "T41": [
        0.06844948117293317,
        0.15738992638904073,
        0.24633037160514829
    ],
    "T2": [
        0.050532830854321836,
        0.10251165297401094,
        0.15449047509370004
    ],
    "T7": [
        0.0008547491356224735,
        0.026944414438959223,
        0.05303407974229597
    ],
    "T15": [
        0.14726609943536578,
        0.21208632364628008,
        0.2769065478571944
    ],
    "T45": [
        0.046991263067862166,
        0.08930379690254787,
        0.13161633073723358
    ],
    "T43": [
        0.06703373738462243,
        0.22103099178571525,
        0.3750282461868081
    ],
    "T28": [
        0.0727003361293263,
        0.23333333333333334,
        0.39396633053734037
    ],
    "T9": [
        0.0,
        0.0,
        0.0
    ],
    "T18": [
        0.05822661628623338,
        0.13261003857910883,
        0.20699346087198428
    ],
    "T34": [
        0.04982175328371519,
        0.09437151580651369,
        0.1389212783293122
    ],
    "T38": [
        0.034332515664195734,
        0.08696673703178194,
        0.13960095839936815
    ],
    "T13": [
        0.000591942856163867,
        0.020259505072164244,
        0.03992706728816462
    ],
    "T39": [
        0.0,
        0.0,
        0.0
    ],
    "T21": [
        0.13767493468427427,
        0.26854036946667587,
        0.39940580424907746
    ],
    "T27": [
        0.04276515397254911,
        0.08292123165989457,
        0.12307730934724002
    ],
    "T12": [
        0.0778991618602814,
        0.18394215892528087,
        0.28998515599028035
    ],
    "T26": [
        0.0,
        0.06666666666666667,
        0.16140283998979837
    ],
    "T35": [
        0.1827001122770321,
        0.2596474512738204,
        0.3365947902706087
    ],
    "T4": [
        0.029100015638098137,
        0.08739108558990517,
        0.1456821555417122
    ],
    "T44": [
        0.07975074082403111,
        0.13803940803669548,
        0.19632807524935986
    ],
    "T14": [
        0.0,
        0.05508231047523733,
        0.13335662015854688
    ],
    "T8": [
        0.049876550707253886,
        0.1540034686657015,
        0.2581303866241491
    ],
    "T5": [
        0.0911071456506996,
        0.17224824799011476,
        0.2533893503295299
    ],
    "T22": [
        0.18626970314706653,
        0.23431925649728394,
        0.28236880984750135
    ],
    "T36": [
        0.19082425395770009,
        0.2661802293548597,
        0.3415362047520193
    ],
    "T37": [
        0.15279066001002145,
        0.23571359783974727,
        0.3186365356694731
    ],
    "T19": [
        0.48014958465457125,
        0.5432174345575151,
        0.606285284460459
    ],
    "T25": [
        0.0,
        0.027541155237618666,
        0.0838691423081747
    ],
    "T17": [
        0.016560959923873478,
        0.055336781908278954,
        0.09411260389268443
    ],
    "T29": [
        0.08679192670931668,
        0.15156642988131025,
        0.21634093305330382
    ],
    "T16": [
        0.661618435597632,
        0.8043643251190485,
        0.9471102146404651
    ],
    "T40": [
        0.0,
        0.023399013870899137,
        0.05665000937585708
    ],
    "T11": [
        0.07806914168750939,
        0.13279733326203522,
        0.18752552483656104
    ]
}