{
    "T22": [
        0.1596509587551435,
        0.22246336365990524,
        0.28527576856466696
    ],
    "T3": [
        0.12412701579208835,
        0.19941539449333823,
        0.2747037731945881
    ],
    "T37": [
        0.14062016631242474,
        0.22440835611272944,
        0.30819654591303414
    ],
    "T17": [
        0.005884703643350267,
        0.04198216881752983,
        0.07807963399170939
    ],
    "T32": [
        0.0,
        0.01610223339926276,
        0.04903499845197419
    ],
    "T28": [
        0.0,
        0.1,
        0.21393688301366892
    ],
    "T29": [
        0.11533065556856081,
        0.17456079759350918,
        0.23379093961845754
    ],
    "T4": [
        0.028383337806393155,
        0.08254645142075932,
        0.1367095650351255
    ],
    "T35": [
        0.16348167129788232,
        0.24350511623113438,
        0.32352856116438644
    ],
    "T27": [
        0.02169596305410937,
        0.055718663579235495,
        0.08974136410436162
    ],
    "T1": [
        0.01668550813503772,
        0.06346534730541083,
        0.11024518647578394
    ],
    "T16": [
        0.4992194639865677,
        0.6710309917857152,
        0.8428425195848628
    ],
    "T18": [
        0.0,
        0.05577756552872171,
        0.12153721585993235
    ],
    "T45": [
        0.016724794540061483,
        0.05161514998130172,
        0.08650550542254196
    ],
    "T30": [
        0.0,
        0.0,
        0.0
    ],
    "T33": [
        0.0,
        0.0727180597512451,
        0.14735400709827468
    ],
    "T5": [
        0.10428833029610243,
        0.16496782546857452,
        0.22564732064104662
    ],
    "T12": [
        0.05960920426693028,
        0.14721837014730588,
        0.23482753602768147
    ],
    "T21": [
        0.1592750318565329,
        0.28280508359545337,
        0.4063351353343738
    ],
    "T26": [
        0.0,
        0.054364325119048575,
        0.13370939377573202
    ],
    "T20": [
        0.10579556575709248,
        0.18828646982888184,
        0.2707773739006712
    ],
    "T9": [
        0.0,
        0.0,
        0.0
    ],
    "T39": [
        0.0,
        0.0,
        0.0
    ],
    "T25": [
        0.0,
        0.05508231047523733,
        0.13335662015854688
    ],
    "T42": [
        0.06493867742359283,
        0.1626350848392735,
        0.26033149225495417
    ],
    "T36": [
        0.23419079983929147,
        0.3050232708868165,
        0.37585574193434157
    ],
    "T10": [
        0.0,
        0.0,
        0.0
    ],
    "T7": [
        0.01840977542343311,
        0.08941305630424873,
        0.16041633718506434
    ],
    "T40": [
        0.021657164398655865,
        0.09757213294935775,
        0.17348710150005964
    ],
    "T43": [
        0.03887757191571872,
        0.18102255193577976,
        0.3231675319558408
    ],
    "T19": [
        0.48487773161330205,
        0.5428782927167032,
        0.6008788538201043
    ],
    "T31": [
        0.0,
        0.00767676856752954,
        0.01947436298686351
    ],
    "T14": [
        0.0,
        0.08262346571285599,
        0.17676206718395157
    ],
    "T24": [
        0.0,
        0.051693159581303924,
        0.10673938051577778
    ],
    "T34": [
        0.10554214033555973,
        0.17559206861988091,
        0.2456419969042021
    ],
    "T38": [
        0.06151124782676881,
        0.12731915274017389,
        0.19312705765357896
    ],
    "T44": [
        0.025541642775432458,
        0.06593204946319611,
        0.10632245615095977
    ],
    "T8": [
        0.013278007863314983,
        0.06791455981326869,
        0.12255111176322239
    ],
    "T2": [
        0.12432341135277608,
        0.19396811542967968,
        0.2636128195065833
    ],
    "T23": [
        0.0,
        0.03391602052736161,
        0.07255887715851353
    ],
    "T41": [
        0.029249604330520956,
        0.10059265675456955,
        0.17193570917861814
    ],
    "T15": [
        0.14528967178685614,
        0.21665873761723475,
        0.28802780344761336
    ],
    "T11": [
        0.04539083301837421,
        0.09208339941571236,
        0.13877596581305052
    ],
    "T13": [
        0.0,
        0.03282437170222586,
        0.06734204824948857
    ],
    "T6": [
        0.09481468329573642,
        0.15178717360009045,
        0.20875966390444448
    ]
}