{
    "model_global_ndcg": {
        "mean": 0.15479136243487351,
        "margin": 0.03754049809862309,
        "interval": [
            0.11725086433625043,
            0.15479136243487351,
            0.1923318605334966
        ]
    }
}