{
    "T1": [
        0.0,
        0.009653276916529533,
        0.019614876936706275
    ],
    "T2": [
        0.16270487056810862,
        0.25614973153663956,
        0.3495945925051705
    ],
    "T3": [
        0.04605094957764996,
        0.11828336588714435,
        0.19051578219663873
    ],
    "T4": [
        0.11593962390147095,
        0.18602253933248777,
        0.2561054547635046
    ],
    "T5": [
        0.20329282652575353,
        0.26927014083910433,
        0.33524745515245513
    ],
    "T6": [
        0.11875030893542132,
        0.1920108601715746,
        0.26527141140772786
    ],
    "T7": [
        0.010175982378450008,
        0.05068055081079879,
        0.09118511924314757
    ],
    "T8": [
        0.07139595629193723,
        0.17840248772972397,
        0.2854090191675107
    ],
    "T9": [
        0.0,
        0.022172398349322203,
        0.05581531414702291
    ],
    "T10": [
        0.014271298255732062,
        0.05610954280362164,
        0.09794778735151122
    ],
    "T11": [
        0.0670170270680551,
        0.1395220111251901,
        0.21202699518232512
    ],
    "T12": [
        0.0460171589361186,
        0.1297552580853582,
        0.2134933572345978
    ],
    "T13": [
        0.036530641343763326,
        0.08164902911607799,
        0.12676741688839266
    ],
    "T14": [
        0.0,
        0.0,
        0.0
    ],
    "T15": [
        0.07810250498526525,
        0.14355732096558968,
        0.2090121369459141
    ],
    "T16": [
        0.5115691740972688,
        0.6599141542918303,
        0.8082591344863919
    ],
    "T17": [
        0.13891265096123184,
        0.245918371106275,
        0.3529240912513182
    ],
    "T18": [
        0.012176018369148695,
        0.05997043406814299,
        0.10776484976713728
    ],
    "T19": [
        0.3911448034206312,
        0.44617297360231106,
        0.5012011437839909
    ],
    "T20": [
        0.09891575649311954,
        0.1719112452079987,
        0.24490673392287785
    ],
    "T21": [
        0.06601928422160042,
        0.17454448146021778,
        0.28306967869883515
    ],
    "T22": [
        0.07753646629056521,
        0.12948631681762882,
        0.18143616734469242
    ],
    "T23": [
        0.05238775870320231,
        0.11415390002736651,
        0.17592004135153072
    ],
    "T24": [
        0.0,
        0.04054192244269168,
        0.08273088898072571
    ],
    "T25": [
        0.014042805277443143,
        0.11273184281859124,
        0.21142088035973933
    ],
    "T26": [
        0.0017621916605330412,
        0.12103099178571525,
        0.24029979191089745
    ],
    "T27": [
        0.14028929540665525,
        0.19157237656956258,
        0.24285545773246991
    ],
    "T28": [
        0.0,
        0.1,
        0.21393688301366892
    ],
    "T29": [
        0.059400468406317825,
        0.10740500978736996,
        0.1554095511684221
    ],
    "T30": [
        0.019041999086262168,
        0.07960410221585694,
        0.1401662053454517
    ],
    "T31": [
        0.0,
        0.0249034431839262,
        0.055590320371578274
    ],
    "T32": [
        0.0,
        0.020862337030223412,
        0.042251223876500564
    ],
    "T33": [
        0.01901795713361487,
        0.08603443310417203,
        0.15305090907472918
    ],
    "T34": [
        0.21643560700426928,
        0.30258521059154136,
        0.38873481417881345
    ],
    "T35": [
        0.08833585224072665,
        0.1611999791755857,
        0.23406410611044476
    ],
    "T36": [
        0.2939693480562013,
        0.3488225289569756,
        0.40367570985774986
    ],
    "T37": [
        0.15723154627784275,
        0.2331505905114912,
        0.30906963474513965
    ],
    "T38": [
        0.02093240461010204,
        0.07933841912961886,
        0.1377444336491357
    ],
    "T39": [
        0.0,
        0.0,
        0.0
    ],
    "T40": [
        0.016127188561129907,
        0.08017123625214763,
        0.14421528394316535
    ],
    "T41": [
        0.1714782773680592,
        0.27784209337690713,
        0.38420590938575505
    ],
    "T42": [
        0.14825436261777236,
        0.22502027743716263,
        0.3017861922565529
    ],
    "T43": [
        0.0,
        0.06666666666666667,
        0.1614028399897984
    ],
    "T44": [
        0.14322894856456403,
        0.23100522231369572,
        0.3187814960628274
    ],
    "T45": [
        0.17386431861961837,
        0.23981223596847168,
        0.305760153317325
    ]
}