{
    "model_global_ndcg": {
        "mean": 0.09607574722352964,
        "margin": 0.05745513318131888,
        "interval": [
            0.03862061404221076,
            0.09607574722352964,
            0.15353088040484852
        ]
    }
}