{
    "model_global_ndcg": {
        "mean": 0.15080507909344626,
        "margin": 0.034831373204042504,
        "interval": [
            0.11597370588940376,
            0.15080507909344626,
            0.18563645229748876
        ]
    }
}