{
    "model_global_ndcg": {
        "mean": 0.15080507909344623,
        "margin": 0.034831373204042504,
        "interval": [
            0.11597370588940373,
            0.15080507909344623,
            0.18563645229748874
        ]
    }
}