{
    "T3": [
        0.1809962614421734,
        0.2808538626901786,
        0.3807114639381838
    ],
    "T1": [
        0.05642975355455268,
        0.1173133081230632,
        0.17819686269157373
    ],
    "T20": [
        0.04407369014505619,
        0.1091490885983714,
        0.1742244870516866
    ],
    "T30": [
        0.021329905053517145,
        0.09558675100383397,
        0.1698435969541508
    ],
    "T6": [
        0.09601646147168835,
        0.16998853156623073,
        0.2439606016607731
    ],
    "T42": [
        0.09653298094823465,
        0.18193826324053958,
        0.2673435455328445
    ],
    "T23": [
        0.034965115868390184,
        0.08775046212491865,
        0.1405358083814471
    ],
    "T10": [
        0.0,
        0.03480530192784095,
        0.07615321858489019
    ],
    "T32": [
        0.0,
        0.01610223339926276,
        0.04903499845197419
    ],
    "T33": [
        0.06572985958612426,
        0.14683501089140538,
        0.2279401621966865
    ],
    "T31": [
        0.006704088437184466,
        0.05346844288289885,
        0.10023279732861323
    ],
    "T24": [
        0.0,
        0.046074175713903355,
        0.09459163757352418
    ],
    "T41": [
        0.11519044220081698,
        0.21418719602351188,
        0.3131839498462068
    ],
    "T2": [
        0.2805526893881424,
        0.3517275037644599,
        0.4229023181407774
    ],
    "T7": [
        0.004641134223474508,
        0.06238884525896833,
        0.12013655629446215
    ],
    "T15": [
        0.08764487823618955,
        0.15327035012138007,
        0.2188958220065706
    ],
    "T45": [
        0.09892420279802824,
        0.16601483286934987,
        0.2331054629406715
    ],
    "T43": [
        0.0,
        0.1,
        0.21393688301366892
    ],
    "T28": [
        0.004229691154525261,
        0.13333333333333333,
        0.2624369755121414
    ],
    "T9": [
        0.009834584472734206,
        0.053928730733563114,
        0.09802287699439202
    ],
    "T18": [
        0.0619407258942096,
        0.14342278348291976,
        0.22490484107162992
    ],
    "T34": [
        0.1412416682484775,
        0.230525953984498,
        0.3198102397205185
    ],
    "T38": [
        0.05326261438986182,
        0.1114859515715986,
        0.16970928875333538
    ],
    "T13": [
        0.04516659532900044,
        0.10010961853591355,
        0.15505264174282665
    ],
    "T39": [
        0.0,
        0.0,
        0.0
    ],
    "T21": [
        0.06303401652403212,
        0.16594920526796536,
        0.2688643940118986
    ],
    "T27": [
        0.0845688766485938,
        0.14234098679462065,
        0.2001130969406475
    ],
    "T12": [
        0.0581826169097831,
        0.14566999408115305,
        0.233157371252523
    ],
    "T26": [
        0.0,
        0.06666666666666667,
        0.16140283998979837
    ],
    "T35": [
        0.14279637264922335,
        0.22938935315869652,
        0.3159823336681697
    ],
    "T4": [
        0.08616248560441694,
        0.16538546618525649,
        0.24460844676609603
    ],
    "T44": [
        0.10981484256573604,
        0.19448297702730452,
        0.279151111488873
    ],
    "T14": [
        0.0,
        0.00918038507920622,
        0.02795638076939156
    ],
    "T8": [
        0.03201646457179952,
        0.11013430493524495,
        0.1882521452986904
    ],
    "T5": [
        0.14069097140262277,
        0.2161972525677687,
        0.29170353373291463
    ],
    "T22": [
        0.09783026175358253,
        0.13171719947634028,
        0.16560413719909803
    ],
    "T36": [
        0.2047176332671226,
        0.27186867614336585,
        0.3390197190196091
    ],
    "T37": [
        0.1761389715808968,
        0.2629563882185251,
        0.34977380485615334
    ],
    "T19": [
        0.4153326077494073,
        0.47517948638618634,
        0.5350263650229654
    ],
    "T25": [
        0.0,
        0.043003470680219966,
        0.08817984598053862
    ],
    "T17": [
        0.024590825079994272,
        0.1054849013107835,
        0.18637897754157273
    ],
    "T29": [
        0.03354988445483559,
        0.06550596459856838,
        0.09746204474230116
    ],
    "T16": [
        0.4408882639394178,
        0.6130929753571458,
        0.7852976867748738
    ],
    "T40": [
        0.02658039217260519,
        0.11059699904006105,
        0.19461360590751692
    ],
    "T11": [
        0.047013264962777385,
        0.10116537438805653,
        0.15531748381333568
    ]
}