{
    "model_global_ndcg": {
        "mean": 0.21020449751789194,
        "margin": 0.04777389395947468,
        "interval": [
            0.16243060355841726,
            0.21020449751789194,
            0.2579783914773666
        ]
    }
}