{
    "T1": [
        0.4481421472758427,
        0.5024815232975939,
        0.5568208993193451
    ],
    "T2": [
        0.22620070700854106,
        0.30917922590745345,
        0.39215774480636584
    ],
    "T3": [
        0.03666471659164994,
        0.11092552390792557,
        0.1851863312242012
    ],
    "T4": [
        0.2510872419003786,
        0.29789639573942883,
        0.34470554957847904
    ],
    "T5": [
        0.16777028290055457,
        0.23166337683204105,
        0.29555647076352753
    ],
    "T6": [
        0.1423130145707467,
        0.21137626321292113,
        0.2804395118550956
    ],
    "T7": [
        0.013381663046291348,
        0.04958683729824573,
        0.08579201155020011
    ],
    "T8": [
        0.1279595827481772,
        0.2105922501138747,
        0.2932249174795722
    ],
    "T9": [
        0.00025843720394755354,
        0.026837055665437932,
        0.05341567412692831
    ],
    "T10": [
        0.0,
        0.012362186513076438,
        0.0299293801754118
    ],
    "T11": [
        0.2707493816190077,
        0.33181227492348186,
        0.39287516822795604
    ],
    "T12": [
        0.1541896247302928,
        0.24615701740157522,
        0.33812441007285765
    ],
    "T13": [
        0.03553574304096435,
        0.08887527122002419,
        0.14221479939908402
    ],
    "T14": [
        0.0,
        0.027541155237618666,
        0.0838691423081747
    ],
    "T15": [
        0.09468155035920528,
        0.1624736883840168,
        0.2302658264088283
    ],
    "T16": [
        0.6531321658926064,
        0.7976892186024465,
        0.9422462713122866
    ],
    "T17": [
        0.015044861280835015,
        0.07426420309083975,
        0.1334835449008445
    ],
    "T18": [
        0.05029113043977179,
        0.11832497186972973,
        0.18635881329968768
    ],
    "T19": [
        0.5319183195683815,
        0.5804083990160621,
        0.6288984784637427
    ],
    "T20": [
        0.23672638876389146,
        0.2956767001512093,
        0.3546270115385271
    ],
    "T21": [
        0.1398899626997827,
        0.26628387932498204,
        0.3926777959501814
    ],
    "T22": [
        0.16164755140617515,
        0.19271695391922936,
        0.22378635643228356
    ],
    "T23": [
        0.044292371242000084,
        0.10813776964038496,
        0.17198316803876984
    ],
    "T24": [
        0.013682855934346927,
        0.06560428950767155,
        0.11752572308099618
    ],
    "T25": [
        0.06528894360008392,
        0.19737827920293374,
        0.32946761480578357
    ],
    "T26": [
        0.018894631595123113,
        0.15,
        0.2811053684048769
    ],
    "T27": [
        0.1575874124630513,
        0.19035892636972981,
        0.22313044027640833
    ],
    "T28": [
        0.03775585477785415,
        0.1795617602411514,
        0.32136766570444864
    ],
    "T29": [
        0.18738396241386435,
        0.2542878692057973,
        0.3211917759977303
    ],
    "T30": [
        0.051821737939702406,
        0.13056767900433253,
        0.20931362006896265
    ],
    "T31": [
        0.0,
        0.017530569132477282,
        0.03507191529868959
    ],
    "T32": [
        0.0,
        0.007679029285650559,
        0.02338440760346819
    ],
    "T33": [
        0.5260486540846224,
        0.5707910785221387,
        0.615533502959655
    ],
    "T34": [
        0.14842349726434012,
        0.2306105422949764,
        0.3127975873256127
    ],
    "T35": [
        0.20154465673615407,
        0.2874806794737533,
        0.3734167022113525
    ],
    "T36": [
        0.17126754196715754,
        0.22338048703462027,
        0.275493432102083
    ],
    "T37": [
        0.27421766110601603,
        0.3400802915890596,
        0.4059429220721032
    ],
    "T38": [
        0.08024466065987956,
        0.14618569719209693,
        0.2121267337243143
    ],
    "T39": [
        0.0693332066982609,
        0.12393519856928399,
        0.17853719044030708
    ],
    "T40": [
        0.057692656753990934,
        0.1540988367540429,
        0.25050501675409487
    ],
    "T41": [
        0.1688633611877841,
        0.24982697699454906,
        0.330790592801314
    ],
    "T42": [
        0.1478909511130796,
        0.2348698712592304,
        0.3218487914053812
    ],
    "T43": [
        0.0,
        0.06666666666666667,
        0.16140283998979837
    ],
    "T44": [
        0.10078054736138486,
        0.18662551556017834,
        0.2724704837589718
    ],
    "T45": [
        0.1308431080252524,
        0.19842000317519506,
        0.26599689832513773
    ]
}