{
    "model_global_ndcg": {
        "mean": 0.11447205427591223,
        "margin": 0.029269403701075558,
        "interval": [
            0.08520265057483667,
            0.11447205427591223,
            0.14374145797698779
        ]
    }
}