{
    "T1": [
        0.10534868277499232,
        0.17308536550320125,
        0.24082204823141018
    ],
    "T2": [
        0.12327993217569283,
        0.19200539827962174,
        0.26073086438355064
    ],
    "T3": [
        0.035022199037539725,
        0.11936776643750538,
        0.20371333383747103
    ],
    "T4": [
        0.03692478311813727,
        0.09735024562850735,
        0.15777570813887742
    ],
    "T5": [
        0.07150107966680008,
        0.14699859978412005,
        0.22249611990144003
    ],
    "T6": [
        0.054375535842888845,
        0.11013598267723329,
        0.16589642951157774
    ],
    "T7": [
        0.006269460700032661,
        0.03805031141125968,
        0.0698311621224867
    ],
    "T8": [
        0.09821984454453925,
        0.21321236786905953,
        0.3282048911935798
    ],
    "T9": [
        0.010145062000531585,
        0.06172522803050724,
        0.1133053940604829
    ],
    "T10": [
        0.0,
        0.03414262235021408,
        0.07861612108609256
    ],
    "T11": [
        0.15021550417680035,
        0.21374987443532759,
        0.2772842446938548
    ],
    "T12": [
        0.017347296058215972,
        0.08727136854121469,
        0.1571954410242134
    ],
    "T13": [
        0.008812250565219823,
        0.060212572596918874,
        0.11161289462861793
    ],
    "T14": [
        0.0,
        0.00918038507920622,
        0.02795638076939156
    ],
    "T15": [
        0.0176074725435707,
        0.06061680178534536,
        0.10362613102712002
    ],
    "T16": [
        0.38290167990930124,
        0.5528441775310227,
        0.7227866751527441
    ],
    "T17": [
        0.0,
        0.0360941287884655,
        0.07469115459344741
    ],
    "T18": [
        0.0,
        0.034672531543577106,
        0.0747583173961979
    ],
    "T19": [
        0.22765290604706895,
        0.30389820150660823,
        0.3801434969661475
    ],
    "T20": [
        0.05513220036083638,
        0.11325648026690686,
        0.17138076017297735
    ],
    "T21": [
        0.08767926305526047,
        0.20173021160983487,
        0.31578116016440927
    ],
    "T22": [
        0.13483497074749956,
        0.19118914442409993,
        0.2475433181007003
    ],
    "T23": [
        0.0005976652853178638,
        0.04104889601851253,
        0.0815001267517072
    ],
    "T24": [
        0.012858828997262345,
        0.05562348375950807,
        0.09838813852175379
    ],
    "T25": [
        0.0,
        0.03149493188531953,
        0.09590930015412547
    ],
    "T26": [
        0.0,
        0.056417868840543596,
        0.1216907925071409
    ],
    "T27": [
        0.04582282485626572,
        0.07075476886365438,
        0.09568671287104304
    ],
    "T28": [
        0.0,
        0.03333333333333333,
        0.10150765473775675
    ],
    "T29": [
        0.09944170052028597,
        0.1557009635272491,
        0.21196022653421223
    ],
    "T30": [
        0.011106316891231552,
        0.06027774777229255,
        0.10944917865335355
    ],
    "T31": [
        0.007387737127711638,
        0.05537475021691921,
        0.10336176330612679
    ],
    "T32": [
        0.0,
        0.021469644532350344,
        0.055822837760696895
    ],
    "T33": [
        0.01546363801430048,
        0.07448797876704595,
        0.13351231951979142
    ],
    "T34": [
        0.07781303722814317,
        0.14705689574856137,
        0.21630075426897957
    ],
    "T35": [
        0.07111362256151194,
        0.1461287449264646,
        0.22114386729141727
    ],
    "T36": [
        0.12084611690522545,
        0.18654964555690254,
        0.2522531742085796
    ],
    "T37": [
        0.15351982459898328,
        0.23062327925868922,
        0.30772673391839517
    ],
    "T38": [
        0.004685230863356649,
        0.05107506869015086,
        0.09746490651694507
    ],
    "T39": [
        0.02181470854448983,
        0.05748628158746045,
        0.09315785463043107
    ],
    "T40": [
        0.0,
        0.05562983930884397,
        0.11901274424285352
    ],
    "T41": [
        0.09993552649786641,
        0.17291183442089342,
        0.24588814234392042
    ],
    "T42": [
        0.08465151443665353,
        0.17234703212435945,
        0.26004254981206537
    ],
    "T43": [
        0.0,
        0.0,
        0.0
    ],
    "T44": [
        0.09107910712004763,
        0.15123517985322585,
        0.21139125258640407
    ],
    "T45": [
        0.027741469647541525,
        0.07342450734401301,
        0.1191075450404845
    ]
}