{
    "model_global_ndcg": {
        "mean": 0.17042485764577253,
        "margin": 0.04162243045670208,
        "interval": [
            0.12880242718907045,
            0.17042485764577253,
            0.2120472881024746
        ]
    }
}