{
    "T1": [
        0.09608602717252979,
        0.15045182383583663,
        0.20481762049914348
    ],
    "T2": [
        0.24226941467287472,
        0.34200244344616654,
        0.44173547221945836
    ],
    "T3": [
        0.03556042733770812,
        0.1115464543371261,
        0.18753248133654407
    ],
    "T4": [
        0.0314465659873536,
        0.0850154984918929,
        0.1385844309964322
    ],
    "T5": [
        0.14188139704811648,
        0.21204840915986856,
        0.28221542127162064
    ],
    "T6": [
        0.08678175947297648,
        0.16412750550816255,
        0.24147325154334862
    ],
    "T7": [
        0.0074398048660686555,
        0.039694439010534044,
        0.07194907315499943
    ],
    "T8": [
        0.08406601903280425,
        0.17079685960836982,
        0.2575277001839354
    ],
    "T9": [
        0.01894440074918191,
        0.05747712580773638,
        0.09600985086629085
    ],
    "T10": [
        0.0,
        0.0,
        0.0
    ],
    "T11": [
        0.20411187743283304,
        0.2737791156545205,
        0.343446353876208
    ],
    "T12": [
        0.06233379836943265,
        0.14434765485240064,
        0.22636151133536864
    ],
    "T13": [
        0.0050757720436539755,
        0.03190458073309046,
        0.05873338942252694
    ],
    "T14": [
        0.0,
        0.027541155237618666,
        0.0838691423081747
    ],
    "T15": [
        0.06092643686431237,
        0.1274547483385139,
        0.1939830598127154
    ],
    "T16": [
        0.5825286142454538,
        0.7353868770548284,
        0.8882451398642031
    ],
    "T17": [
        0.0,
        0.052246235280009844,
        0.1077509848450656
    ],
    "T18": [
        0.05625497982080935,
        0.12784755756401037,
        0.19944013530721139
    ],
    "T19": [
        0.5305256091813321,
        0.5868869074486339,
        0.6432482057159358
    ],
    "T20": [
        0.08241726139543559,
        0.14387324349325017,
        0.20532922559106476
    ],
    "T21": [
        0.13283900269785232,
        0.26157556295871015,
        0.390312123219568
    ],
    "T22": [
        0.1567296785506428,
        0.1922985003530849,
        0.22786732215552702
    ],
    "T23": [
        0.046618218770497016,
        0.11852546044995423,
        0.19043270212941144
    ],
    "T24": [
        0.013295611374591787,
        0.06590988754583967,
        0.11852416371708754
    ],
    "T25": [
        0.0641654659746369,
        0.19633954440271567,
        0.32851362283079444
    ],
    "T26": [
        0.004229691154525261,
        0.13333333333333333,
        0.2624369755121414
    ],
    "T27": [
        0.10439695427854631,
        0.1538325704100423,
        0.2032681865415383
    ],
    "T28": [
        0.025127435798330655,
        0.16666666666666666,
        0.30820589753500266
    ],
    "T29": [
        0.08995633224857322,
        0.16099843929297303,
        0.23204054633737284
    ],
    "T30": [
        0.0066523674694327906,
        0.05277947294893341,
        0.09890657842843403
    ],
    "T31": [
        0.0019493671857663195,
        0.023969439742567215,
        0.04598951229936811
    ],
    "T32": [
        0.0,
        0.005367411133087586,
        0.016344999483991395
    ],
    "T33": [
        0.024113111015002103,
        0.11359453926894232,
        0.20307596752288254
    ],
    "T34": [
        0.1567371133701217,
        0.24546869152104672,
        0.33420026967197175
    ],
    "T35": [
        0.21698939121746674,
        0.3074025801054496,
        0.3978157689934324
    ],
    "T36": [
        0.27987932238091656,
        0.3384471939301485,
        0.3970150654793804
    ],
    "T37": [
        0.21343852587860024,
        0.29373606140774056,
        0.3740335969368809
    ],
    "T38": [
        0.05926464341309973,
        0.12624102313513344,
        0.19321740285716715
    ],
    "T39": [
        0.11486222854161654,
        0.2290909607730964,
        0.34331969300457627
    ],
    "T40": [
        0.051717303412886884,
        0.14874937270210695,
        0.245781441991327
    ],
    "T41": [
        0.11782162357039239,
        0.20968367361045495,
        0.3015457236505175
    ],
    "T42": [
        0.08770635114401992,
        0.17936210959039306,
        0.2710178680367662
    ],
    "T43": [
        0.0,
        0.06666666666666667,
        0.16140283998979837
    ],
    "T44": [
        0.10309695367716082,
        0.1897412869603988,
        0.2763856202436368
    ],
    "T45": [
        0.047488609370805596,
        0.10490951028770788,
        0.16233041120461017
    ]
}