{
    "model_global_ndcg": {
        "mean": 0.1692275632790039,
        "margin": 0.03914784375798694,
        "interval": [
            0.13007971952101696,
            0.1692275632790039,
            0.20837540703699084
        ]
    }
}