{
    "T1": [
        0.06212949266507756,
        0.10736911427015552,
        0.1526087358752335
    ],
    "T2": [
        0.3186845665396727,
        0.4095935734019269,
        0.5005025802641812
    ],
    "T3": [
        0.04788319677661543,
        0.12843092883535523,
        0.20897866089409503
    ],
    "T4": [
        0.026130800322749753,
        0.06760668978578203,
        0.10908257924881432
    ],
    "T5": [
        0.14257023126417928,
        0.20231926762172245,
        0.2620683039792656
    ],
    "T6": [
        0.14083408372703582,
        0.21630901455407425,
        0.2917839453811127
    ],
    "T7": [
        0.010251521594804719,
        0.043437488747943044,
        0.07662345590108137
    ],
    "T8": [
        0.14242055629375316,
        0.22772637188596903,
        0.3130321874781849
    ],
    "T9": [
        0.004427675928115646,
        0.039104695266900434,
        0.07378171460568522
    ],
    "T10": [
        0.0,
        0.024061693448526007,
        0.05303479614357716
    ],
    "T11": [
        0.10621504614945682,
        0.1840935710082834,
        0.26197209586711
    ],
    "T12": [
        0.050854850313426236,
        0.13008500508540402,
        0.2093151598573818
    ],
    "T13": [
        0.03248082075473803,
        0.07380625254348054,
        0.11513168433222305
    ],
    "T14": [
        0.0,
        0.027541155237618666,
        0.0838691423081747
    ],
    "T15": [
        0.08195792630176224,
        0.14441382270742711,
        0.206869719113092
    ],
    "T16": [
        0.5391620858267442,
        0.6964263086904791,
        0.8536905315542139
    ],
    "T17": [
        0.03597502911154837,
        0.10195167208928527,
        0.16792831506702216
    ],
    "T18": [
        0.009341698302669843,
        0.06358545805554255,
        0.11782921780841527
    ],
    "T19": [
        0.4840713542279661,
        0.5450637294256705,
        0.6060561046233749
    ],
    "T20": [
        0.07003944358217246,
        0.13358105835517192,
        0.1971226731281714
    ],
    "T21": [
        0.07333952299941016,
        0.18708313719520214,
        0.30082675139099413
    ],
    "T22": [
        0.12850022954612353,
        0.15628313286737894,
        0.18406603618863435
    ],
    "T23": [
        0.030959039489544177,
        0.103141022202326,
        0.17532300491510783
    ],
    "T24": [
        0.03939424771132727,
        0.09153828132286448,
        0.1436823149344017
    ],
    "T25": [
        0.0698446285406476,
        0.20196847174253688,
        0.33409231494442615
    ],
    "T26": [
        0.025127435798330655,
        0.16666666666666666,
        0.30820589753500266
    ],
    "T27": [
        0.09937933863308934,
        0.14614579518453155,
        0.19291225173597376
    ],
    "T28": [
        0.025127435798330655,
        0.16666666666666666,
        0.30820589753500266
    ],
    "T29": [
        0.06310269324462472,
        0.1253680126490542,
        0.18763333205348368
    ],
    "T30": [
        0.07814625022904603,
        0.17017885434065458,
        0.2622114584522631
    ],
    "T31": [
        0.0,
        0.03142452264741235,
        0.06472382926934697
    ],
    "T32": [
        0.0,
        0.0033864593835156486,
        0.010312546496560292
    ],
    "T33": [
        0.08727649137078564,
        0.1801683442247387,
        0.2730601970786918
    ],
    "T34": [
        0.12559261075267997,
        0.21424426290617613,
        0.3028959150596723
    ],
    "T35": [
        0.20708680804367957,
        0.29650511987517586,
        0.38592343170667215
    ],
    "T36": [
        0.21081660691386772,
        0.28902300611309006,
        0.3672294053123124
    ],
    "T37": [
        0.23324409136715218,
        0.3132728331830162,
        0.3933015749988802
    ],
    "T38": [
        0.03457367768338809,
        0.09757559689744855,
        0.160577516111509
    ],
    "T39": [
        0.03946865419642656,
        0.0708168745316314,
        0.10216509486683623
    ],
    "T40": [
        0.041516463386541996,
        0.14150246532275218,
        0.24148846725896236
    ],
    "T41": [
        0.11622075192139625,
        0.1920212275915807,
        0.26782170326176513
    ],
    "T42": [
        0.1687328801679041,
        0.24621449967880032,
        0.32369611918969654
    ],
    "T43": [
        0.0,
        0.1,
        0.20284751258972894
    ],
    "T44": [
        0.1326261836245099,
        0.22268411931569643,
        0.31274205500688296
    ],
    "T45": [
        0.06839114561018994,
        0.13485410402954165,
        0.20131706244889336
    ]
}