{
    "model_global_ndcg": {
        "mean": 0.11393820627463495,
        "margin": 0.02594486499814254,
        "interval": [
            0.08799334127649241,
            0.11393820627463495,
            0.1398830712727775
        ]
    }
}