{
    "T1": [
        0.0,
        0.004868944994756882,
        0.010416469157432919
    ],
    "T2": [
        0.2399570872864189,
        0.3089365720890941,
        0.37791605689176927
    ],
    "T3": [
        0.01582847387343067,
        0.07849128691980814,
        0.1411540999661856
    ],
    "T4": [
        0.0713815389997709,
        0.13263014518177146,
        0.19387875136377203
    ],
    "T5": [
        0.12672888573541133,
        0.1789771055218918,
        0.23122532530837228
    ],
    "T6": [
        0.037332773873027775,
        0.10167041620207685,
        0.16600805853112593
    ],
    "T7": [
        0.007871961453686224,
        0.041913146320704385,
        0.07595433118772255
    ],
    "T8": [
        0.04000063787631977,
        0.14265458816037058,
        0.24530853844442138
    ],
    "T9": [
        0.0,
        0.024611326203228798,
        0.05306366371064396
    ],
    "T10": [
        0.0,
        0.0,
        0.0
    ],
    "T11": [
        0.060443443813397946,
        0.11180078258679935,
        0.16315812136020075
    ],
    "T12": [
        0.03418579956276904,
        0.10375322620589598,
        0.17332065284902293
    ],
    "T13": [
        0.007189104698741969,
        0.0375796220296598,
        0.06797013936057764
    ],
    "T14": [
        0.0,
        0.0,
        0.0
    ],
    "T15": [
        0.026374570710576445,
        0.07460338315047733,
        0.12283219559037822
    ],
    "T16": [
        0.08156278284587654,
        0.23538687705482833,
        0.3892109712637801
    ],
    "T17": [
        0.0,
        0.0,
        0.0
    ],
    "T18": [
        0.01165481390330439,
        0.06164920312021672,
        0.11164359233712905
    ],
    "T19": [
        0.25290097604835016,
        0.33764256616395166,
        0.42238415627955317
    ],
    "T20": [
        0.07487674018879525,
        0.14073620406200754,
        0.20659566793521983
    ],
    "T21": [
        0.02636316959029883,
        0.12910733543029435,
        0.23185150127028986
    ],
    "T22": [
        0.1386948765777858,
        0.19115280345138416,
        0.24361073032498254
    ],
    "T23": [
        0.06492858139303082,
        0.12763388530660524,
        0.19033918922017967
    ],
    "T24": [
        0.037349268601224284,
        0.10445450559279255,
        0.17155974258436082
    ],
    "T25": [
        0.0619970907771219,
        0.1758470517458729,
        0.2896970127146239
    ],
    "T26": [
        0.0,
        0.1,
        0.21393688301366892
    ],
    "T27": [
        0.053986308962607726,
        0.09654074045165387,
        0.1390951719407
    ],
    "T28": [
        0.0,
        0.1,
        0.21393688301366892
    ],
    "T29": [
        0.049772309696018174,
        0.09467752640401177,
        0.13958274311200536
    ],
    "T30": [
        0.0,
        0.02020831082921942,
        0.061538947154570284
    ],
    "T31": [
        0.00014559147281874296,
        0.03264583567851057,
        0.0651460798842024
    ],
    "T32": [
        0.0,
        0.0,
        0.0
    ],
    "T33": [
        0.022564871461006747,
        0.0938557452045513,
        0.16514661894809585
    ],
    "T34": [
        0.2399174735518132,
        0.3312980399497991,
        0.42267860634778504
    ],
    "T35": [
        0.030000429467816142,
        0.0974120476304191,
        0.16482366579302205
    ],
    "T36": [
        0.11829001658260332,
        0.16810554253633375,
        0.21792106849006418
    ],
    "T37": [
        0.08314901851319845,
        0.1422996714771976,
        0.20145032444119676
    ],
    "T38": [
        0.014660235370412694,
        0.06365957637008694,
        0.11265891736976119
    ],
    "T39": [
        0.019079852951908866,
        0.05863376821462236,
        0.09818768347733585
    ],
    "T40": [
        0.0002133133234402118,
        0.06048557341012845,
        0.1207578334968167
    ],
    "T41": [
        0.14416068528790216,
        0.25642624200758557,
        0.368691798727269
    ],
    "T42": [
        0.1261139801832345,
        0.21036919207589477,
        0.29462440396855505
    ],
    "T43": [
        0.0,
        0.06666666666666667,
        0.1614028399897984
    ],
    "T44": [
        0.13282668916277063,
        0.214931802008814,
        0.2970369148548574
    ],
    "T45": [
        0.026775010676762023,
        0.07290202394858852,
        0.11902903722041502
    ]
}