{
    "model_global_ndcg": {
        "mean": 0.21499684828935714,
        "margin": 0.05013131144420327,
        "interval": [
            0.16486553684515387,
            0.21499684828935714,
            0.2651281597335604
        ]
    }
}