{
    "T1": [
        0.5028505849755855,
        0.5571856541223235,
        0.6115207232690614
    ],
    "T2": [
        0.23206095277260652,
        0.31179018828631155,
        0.3915194238000166
    ],
    "T3": [
        0.03368698182280713,
        0.10338237772356167,
        0.1730777736243162
    ],
    "T4": [
        0.2562822192122854,
        0.3010420851732698,
        0.3458019511342542
    ],
    "T5": [
        0.1609920655744026,
        0.22646413689660944,
        0.2919362082188163
    ],
    "T6": [
        0.14206256585515592,
        0.2105658736751516,
        0.27906918149514726
    ],
    "T7": [
        0.01310867250275459,
        0.048996434645809876,
        0.08488419678886516
    ],
    "T8": [
        0.10491347030924247,
        0.18862216593819472,
        0.272330861567147
    ],
    "T9": [
        0.0003732367509135526,
        0.02572079342349547,
        0.05106835009607739
    ],
    "T10": [
        0.0,
        0.012362186513076438,
        0.0299293801754118
    ],
    "T11": [
        0.27279291326702815,
        0.32653513230072895,
        0.38027735133442975
    ],
    "T12": [
        0.2576943592215261,
        0.3238772383572722,
        0.39006011749301833
    ],
    "T13": [
        0.034679693951700036,
        0.08788438639799986,
        0.1410890788442997
    ],
    "T14": [
        0.0,
        0.027541155237618666,
        0.0838691423081747
    ],
    "T15": [
        0.08657876279119811,
        0.1532138574529713,
        0.2198489521147445
    ],
    "T16": [
        0.6511066496540732,
        0.796228426907818,
        0.9413502041615629
    ],
    "T17": [
        0.011665434534391367,
        0.07078951504962451,
        0.12991359556485765
    ],
    "T18": [
        0.04417397324442582,
        0.11263922284151738,
        0.18110447243860894
    ],
    "T19": [
        0.5918416863141834,
        0.6239063904441955,
        0.6559710945742075
    ],
    "T20": [
        0.26676483409569435,
        0.3206557696522403,
        0.37454670520878625
    ],
    "T21": [
        0.1398899626997827,
        0.26628387932498204,
        0.3926777959501814
    ],
    "T22": [
        0.1611976859362256,
        0.19229831982797702,
        0.22339895371972843
    ],
    "T23": [
        0.03838871422820836,
        0.09939688630267467,
        0.16040505837714097
    ],
    "T24": [
        0.013002485561270788,
        0.06466340915508711,
        0.11632433274890344
    ],
    "T25": [
        0.06528894360008392,
        0.19737827920293374,
        0.32946761480578357
    ],
    "T26": [
        0.017390952197123277,
        0.14768921860244644,
        0.2779874850077696
    ],
    "T27": [
        0.16020704102479924,
        0.19004812790562617,
        0.2198892147864531
    ],
    "T28": [
        0.05169474762663112,
        0.1939176455102645,
        0.3361405433938979
    ],
    "T29": [
        0.20837283308334387,
        0.27702185617422104,
        0.3456708792650982
    ],
    "T30": [
        0.051080874882903915,
        0.1293868736994608,
        0.2076928725160177
    ],
    "T31": [
        0.0,
        0.013345932669400503,
        0.030337543527398265
    ],
    "T32": [
        0.0,
        0.007443809197504451,
        0.022668108418620603
    ],
    "T33": [
        0.546336006534504,
        0.5896368142022219,
        0.6329376218699398
    ],
    "T34": [
        0.1424171848533941,
        0.22443488629258243,
        0.30645258773177075
    ],
    "T35": [
        0.20579123207470684,
        0.29163787168742517,
        0.3774845113001435
    ],
    "T36": [
        0.1670075966432078,
        0.2156460812489591,
        0.2642845658547104
    ],
    "T37": [
        0.2839295400233762,
        0.34791645622476364,
        0.41190337242615105
    ],
    "T38": [
        0.07943311013006457,
        0.1444110872769359,
        0.20938906442380725
    ],
    "T39": [
        0.07295789391229773,
        0.1285253911088871,
        0.1840928883054765
    ],
    "T40": [
        0.05681117126200408,
        0.14964623719794812,
        0.24248130313389216
    ],
    "T41": [
        0.16462695129076987,
        0.2457138662019101,
        0.32680078111305033
    ],
    "T42": [
        0.1433026111137704,
        0.23007124200115156,
        0.3168398728885327
    ],
    "T43": [
        0.0,
        0.06666666666666667,
        0.16140283998979837
    ],
    "T44": [
        0.09459538706948195,
        0.17880961894869307,
        0.2630238508279042
    ],
    "T45": [
        0.189650790086138,
        0.2534647253505572,
        0.3172786606149764
    ]
}