{
    "model_global_ndcg": {
        "mean": 0.20381660698971085,
        "margin": 0.04482400178503368,
        "interval": [
            0.15899260520467717,
            0.20381660698971085,
            0.24864060877474453
        ]
    }
}