{
    "T1": [
        0.32884160017242414,
        0.4049249716689602,
        0.48100834316549623
    ],
    "T2": [
        0.3299007515471092,
        0.41595351540545683,
        0.5020062792638045
    ],
    "T3": [
        0.04521821465292025,
        0.12610467798752362,
        0.20699114132212698
    ],
    "T4": [
        0.06255897241035399,
        0.11700275522525398,
        0.17144653804015397
    ],
    "T5": [
        0.18646001301526294,
        0.2441837004865117,
        0.30190738795776045
    ],
    "T6": [
        0.1394291386037501,
        0.2152355343034271,
        0.2910419300031041
    ],
    "T7": [
        0.010862347281245396,
        0.04419965996156237,
        0.07753697264187934
    ],
    "T8": [
        0.13373673240351852,
        0.22960444415384948,
        0.32547215590418044
    ],
    "T9": [
        0.002810467187624288,
        0.03530182101094771,
        0.06779317483427114
    ],
    "T10": [
        0.0,
        0.012362186513076438,
        0.0299293801754118
    ],
    "T11": [
        0.3575370955529882,
        0.43317286072717587,
        0.5088086259013636
    ],
    "T12": [
        0.06847742359429315,
        0.15224606962897597,
        0.23601471566365878
    ],
    "T13": [
        0.03351630324505628,
        0.08360230572167171,
        0.13368830819828714
    ],
    "T14": [
        0.0,
        0.027541155237618666,
        0.0838691423081747
    ],
    "T15": [
        0.10472434313497977,
        0.17290774671451759,
        0.2410911502940554
    ],
    "T16": [
        0.6368300174117936,
        0.7695108441976894,
        0.9021916709835853
    ],
    "T17": [
        0.02906627588099081,
        0.09022647373754511,
        0.1513866715940994
    ],
    "T18": [
        0.03328791266682926,
        0.09912064038897998,
        0.1649533681111307
    ],
    "T19": [
        0.5193732533491369,
        0.567806495426382,
        0.616239737503627
    ],
    "T20": [
        0.09182381952705332,
        0.1606837067265417,
        0.22954359392603008
    ],
    "T21": [
        0.15453603285687556,
        0.2947175026212013,
        0.434898972385527
    ],
    "T22": [
        0.2571133883227831,
        0.3180803338087671,
        0.3790472792947511
    ],
    "T23": [
        0.04457909218126854,
        0.1119752721528316,
        0.17937145212439465
    ],
    "T24": [
        0.07540111008353295,
        0.14645596459702645,
        0.21751081911051995
    ],
    "T25": [
        0.06261924190950457,
        0.18819789412372753,
        0.3137765463379505
    ],
    "T26": [
        0.06854888877301912,
        0.20641786884054358,
        0.34428684890806804
    ],
    "T27": [
        0.09525707851872461,
        0.13510741537004817,
        0.17495775222137172
    ],
    "T28": [
        0.025127435798330655,
        0.16666666666666666,
        0.30820589753500266
    ],
    "T29": [
        0.09969049612894021,
        0.17433554986178076,
        0.24898060359462132
    ],
    "T30": [
        0.056275040414735855,
        0.14446340047760814,
        0.23265176054048042
    ],
    "T31": [
        0.0,
        0.02478555800478065,
        0.054679288368093215
    ],
    "T32": [
        0.0,
        0.0,
        0.0
    ],
    "T33": [
        0.10738189801147285,
        0.20745028447349365,
        0.30751867093551444
    ],
    "T34": [
        0.14872361786718957,
        0.22998390653187797,
        0.3112441951965664
    ],
    "T35": [
        0.22152717340754696,
        0.31249139630339823,
        0.4034556191992495
    ],
    "T36": [
        0.2786360064371623,
        0.3389781955721638,
        0.3993203847071653
    ],
    "T37": [
        0.2522015199906712,
        0.3313759882289952,
        0.41055045646731925
    ],
    "T38": [
        0.0416110747123061,
        0.10470847238859946,
        0.1678058700648928
    ],
    "T39": [
        0.06345840935687572,
        0.10797839952309467,
        0.15249838968931362
    ],
    "T40": [
        0.11541188104106664,
        0.20740753492830025,
        0.29940318881553385
    ],
    "T41": [
        0.17289649147189173,
        0.249161261739237,
        0.32542603200658227
    ],
    "T42": [
        0.2116528242375217,
        0.3124818650439503,
        0.41331090585037894
    ],
    "T43": [
        0.0,
        0.11666666666666667,
        0.23355442198181367
    ],
    "T44": [
        0.09435740254819308,
        0.1576016729062647,
        0.22084594326433632
    ],
    "T45": [
        0.10713580552661384,
        0.18256667848229594,
        0.25799755143797803
    ]
}