{
    "model_global_ndcg": {
        "mean": 0.1597353342610891,
        "margin": 0.034132362526541754,
        "interval": [
            0.12560297173454735,
            0.1597353342610891,
            0.19386769678763086
        ]
    }
}