{
    "T22": [
        0.13477640535595273,
        0.17376595391062027,
        0.21275550246528782
    ],
    "T3": [
        0.18144632892560741,
        0.28193826324053956,
        0.3824301975554717
    ],
    "T37": [
        0.15353553425987038,
        0.2426339517331774,
        0.3317323692064844
    ],
    "T17": [
        0.05926899445643952,
        0.1463947275455747,
        0.23352046063470988
    ],
    "T32": [
        0.0,
        0.030223515048953584,
        0.06612837184111894
    ],
    "T28": [
        0.004229691154525261,
        0.13333333333333333,
        0.2624369755121414
    ],
    "T29": [
        0.03485654216076317,
        0.07743863084852258,
        0.12002071953628199
    ],
    "T4": [
        0.09040560330683728,
        0.16767370750726154,
        0.2449418117076858
    ],
    "T35": [
        0.1637680178137531,
        0.24887026192210635,
        0.3339725060304596
    ],
    "T27": [
        0.07412319944159707,
        0.1260552003666492,
        0.1779872012917013
    ],
    "T1": [
        0.07548315161697852,
        0.1438081704771493,
        0.2121331893373201
    ],
    "T16": [
        0.46882080832381823,
        0.6382904104792485,
        0.8077600126346788
    ],
    "T18": [
        0.05650478030090006,
        0.13758920167425642,
        0.2186736230476128
    ],
    "T45": [
        0.09533832738289122,
        0.15754949590286968,
        0.21976066442284814
    ],
    "T30": [
        0.01790267181178487,
        0.10318046484994627,
        0.18845825788810766
    ],
    "T33": [
        0.08250453281691827,
        0.166295639039781,
        0.25008674526264374
    ],
    "T5": [
        0.14012561565627263,
        0.21486186403609941,
        0.2895981124159262
    ],
    "T12": [
        0.05872026566155497,
        0.146753508844298,
        0.23478675202704102
    ],
    "T21": [
        0.06507108190569216,
        0.17307208787025727,
        0.2810730938348224
    ],
    "T26": [
        0.0,
        0.06666666666666667,
        0.16140283998979837
    ],
    "T20": [
        0.0774438267198303,
        0.15572741849999927,
        0.23401101028016824
    ],
    "T9": [
        0.0,
        0.008753870516603235,
        0.021530198662507678
    ],
    "T39": [
        0.08553857326027109,
        0.1212049657782023,
        0.15687135829613352
    ],
    "T25": [
        0.0,
        0.062353447878736826,
        0.12955097845064129
    ],
    "T42": [
        0.1045355873966623,
        0.18230929086742523,
        0.26008299433818816
    ],
    "T36": [
        0.24165212033103473,
        0.3128175820337926,
        0.3839830437365505
    ],
    "T10": [
        0.0,
        0.03708655953922931,
        0.07934182949523566
    ],
    "T7": [
        0.018558913527408988,
        0.07353473079698332,
        0.12851054806655765
    ],
    "T40": [
        0.03710217202061414,
        0.12229650597551062,
        0.2074908399304071
    ],
    "T43": [
        0.011560458076666336,
        0.12956176024115137,
        0.2475630624056364
    ],
    "T19": [
        0.39690543455847704,
        0.4622470833256275,
        0.5275887320927779
    ],
    "T31": [
        0.0,
        0.04359805739160972,
        0.09092659401820086
    ],
    "T14": [
        0.0008946143155671021,
        0.04858287025992749,
        0.09627112620428788
    ],
    "T24": [
        0.02213428489353897,
        0.08747497839303495,
        0.15281567189253092
    ],
    "T34": [
        0.13710143667624164,
        0.22299701507625347,
        0.3088925934762653
    ],
    "T38": [
        0.04272012305489151,
        0.10174806158208484,
        0.16077600010927817
    ],
    "T44": [
        0.10913685796648154,
        0.19007293911387607,
        0.2710090202612706
    ],
    "T8": [
        0.0285636475755994,
        0.0964002388061976,
        0.1642368300367958
    ],
    "T2": [
        0.2749602411939639,
        0.35026499979414183,
        0.42556975839431976
    ],
    "T23": [
        0.03199809278772245,
        0.08209779203702504,
        0.13219749128632763
    ],
    "T41": [
        0.10738189801147285,
        0.20745028447349365,
        0.30751867093551444
    ],
    "T15": [
        0.07705883248773468,
        0.13815569135068462,
        0.19925255021363455
    ],
    "T11": [
        0.05226312419432155,
        0.10417246468463627,
        0.156081805174951
    ],
    "T13": [
        0.05686604098322795,
        0.11839153617687301,
        0.17991703137051807
    ],
    "T6": [
        0.07566914697186528,
        0.15239484185859928,
        0.22912053674533328
    ]
}