{
    "T3": [
        0.18144632892560753,
        0.2819382632405396,
        0.3824301975554717
    ],
    "T1": [
        0.07548315161697855,
        0.14380817047714933,
        0.21213318933732012
    ],
    "T20": [
        0.0774438267198303,
        0.1557274184999993,
        0.2340110102801683
    ],
    "T30": [
        0.017902671811784815,
        0.10318046484994624,
        0.18845825788810766
    ],
    "T6": [
        0.07566914697186528,
        0.15239484185859928,
        0.22912053674533328
    ],
    "T42": [
        0.1045355873966623,
        0.18230929086742523,
        0.26008299433818816
    ],
    "T23": [
        0.03199809278772245,
        0.08209779203702504,
        0.13219749128632763
    ],
    "T10": [
        0.0,
        0.03708655953922931,
        0.07934182949523566
    ],
    "T32": [
        0.0,
        0.030223515048953584,
        0.06612837184111894
    ],
    "T33": [
        0.08250453281691827,
        0.166295639039781,
        0.25008674526264374
    ],
    "T31": [
        0.0,
        0.04359805739160972,
        0.09092659401820087
    ],
    "T24": [
        0.02213428489353897,
        0.08747497839303495,
        0.15281567189253092
    ],
    "T41": [
        0.10738189801147285,
        0.20745028447349365,
        0.30751867093551444
    ],
    "T2": [
        0.27496024119396384,
        0.3502649997941418,
        0.4255697583943197
    ],
    "T7": [
        0.018558913527408988,
        0.07353473079698332,
        0.12851054806655765
    ],
    "T15": [
        0.07705883248773468,
        0.13815569135068462,
        0.19925255021363455
    ],
    "T45": [
        0.09533832738289127,
        0.15754949590286974,
        0.2197606644228482
    ],
    "T43": [
        0.011560458076666336,
        0.12956176024115137,
        0.2475630624056364
    ],
    "T28": [
        0.004229691154525261,
        0.13333333333333333,
        0.2624369755121414
    ],
    "T9": [
        0.0,
        0.008753870516603235,
        0.021530198662507678
    ],
    "T18": [
        0.056504780300900004,
        0.1375892016742564,
        0.2186736230476128
    ],
    "T34": [
        0.13710143667624164,
        0.22299701507625344,
        0.30889259347626524
    ],
    "T38": [
        0.04272012305489151,
        0.10174806158208484,
        0.16077600010927817
    ],
    "T13": [
        0.05686604098322795,
        0.11839153617687301,
        0.17991703137051807
    ],
    "T39": [
        0.08553857326027109,
        0.1212049657782023,
        0.15687135829613352
    ],
    "T21": [
        0.06507108190569216,
        0.17307208787025727,
        0.2810730938348224
    ],
    "T27": [
        0.07412319944159707,
        0.12605520036664916,
        0.17798720129170126
    ],
    "T12": [
        0.05872026566155497,
        0.146753508844298,
        0.23478675202704102
    ],
    "T26": [
        0.0,
        0.06666666666666667,
        0.16140283998979837
    ],
    "T35": [
        0.16376801781375316,
        0.24887026192210637,
        0.3339725060304596
    ],
    "T4": [
        0.09040560330683733,
        0.16767370750726157,
        0.2449418117076858
    ],
    "T44": [
        0.10913685796648154,
        0.19007293911387607,
        0.2710090202612706
    ],
    "T14": [
        0.0008946143155671021,
        0.04858287025992749,
        0.09627112620428788
    ],
    "T8": [
        0.0285636475755994,
        0.0964002388061976,
        0.1642368300367958
    ],
    "T5": [
        0.14012561565627263,
        0.21486186403609944,
        0.28959811241592626
    ],
    "T22": [
        0.1347764053559527,
        0.17376595391062027,
        0.21275550246528785
    ],
    "T36": [
        0.24165212033103467,
        0.31281758203379256,
        0.38398304373655046
    ],
    "T37": [
        0.15353553425987043,
        0.24263395173317742,
        0.3317323692064844
    ],
    "T19": [
        0.39690543455847704,
        0.4622470833256275,
        0.5275887320927779
    ],
    "T25": [
        0.0,
        0.062353447878736826,
        0.12955097845064129
    ],
    "T17": [
        0.05926899445643952,
        0.14639472754557473,
        0.23352046063470994
    ],
    "T29": [
        0.03485654216076317,
        0.07743863084852258,
        0.12002071953628199
    ],
    "T16": [
        0.46882080832381834,
        0.6382904104792485,
        0.8077600126346787
    ],
    "T40": [
        0.03710217202061414,
        0.12229650597551063,
        0.20749083993040712
    ],
    "T11": [
        0.05226312419432155,
        0.10417246468463627,
        0.156081805174951
    ]
}