{
    "model_global_ndcg": {
        "mean": 0.0661659105922806,
        "margin": 0.029702640624295146,
        "interval": [
            0.03646326996798545,
            0.0661659105922806,
            0.09586855121657574
        ]
    }
}