{
    "T1": [
        0.31935106462590857,
        0.385837758444941,
        0.45232445226397344
    ],
    "T2": [
        0.0,
        0.0,
        0.0
    ],
    "T3": [
        0.010573923737923166,
        0.046121637967930014,
        0.08166935219793686
    ],
    "T4": [
        0.07898380418242434,
        0.13834311751703823,
        0.19770243085165212
    ],
    "T5": [
        0.09910247356009197,
        0.13773835954908573,
        0.17637424553807948
    ],
    "T6": [
        0.0,
        0.005973058617951577,
        0.018189335157582337
    ],
    "T7": [
        0.0269530222656141,
        0.044027886852579176,
        0.06110275143954425
    ],
    "T8": [
        0.0,
        0.0,
        0.0
    ],
    "T9": [
        0.0,
        0.0,
        0.0
    ],
    "T10": [
        0.0,
        0.0,
        0.0
    ],
    "T11": [
        0.2843142110405062,
        0.32640120802764766,
        0.3684882050147891
    ],
    "T12": [
        0.03838640067339469,
        0.07497809150383174,
        0.11156978233426879
    ],
    "T13": [
        0.05159087478400376,
        0.11016894893329995,
        0.16874702308259615
    ],
    "T14": [
        0.0,
        0.0,
        0.0
    ],
    "T15": [
        0.0,
        0.0,
        0.0
    ],
    "T16": [
        0.01920304735020434,
        0.08029214483616509,
        0.14138124232212584
    ],
    "T17": [
        0.0,
        0.0,
        0.0
    ],
    "T18": [
        0.0,
        0.008750372712995077,
        0.02664689436532177
    ],
    "T19": [
        0.339709131007157,
        0.37402684067635916,
        0.40834455034556133
    ],
    "T20": [
        0.016308232213187307,
        0.06783204105472322,
        0.11935584989625914
    ],
    "T21": [
        0.0,
        0.023486010778437087,
        0.056413001674697025
    ],
    "T22": [
        0.0,
        0.0,
        0.0
    ],
    "T23": [
        0.017980304077532913,
        0.06244752249196528,
        0.10691474090639765
    ],
    "T24": [
        0.0,
        0.006229194193250594,
        0.018969326803887618
    ],
    "T25": [
        0.0,
        0.0,
        0.0
    ],
    "T26": [
        0.0884369743011254,
        0.23333333333333334,
        0.37822969236554127
    ],
    "T27": [
        0.060314010459134246,
        0.08729796082949995,
        0.11428191119986565
    ],
    "T28": [
        0.011631674150422877,
        0.07956176024115139,
        0.1474918463318799
    ],
    "T29": [
        0.0802391927416205,
        0.125530525865138,
        0.17082185898865548
    ],
    "T30": [
        0.0,
        0.0,
        0.0
    ],
    "T31": [
        0.0,
        0.0,
        0.0
    ],
    "T32": [
        0.0,
        0.0,
        0.0
    ],
    "T33": [
        0.10738189801147285,
        0.20745028447349365,
        0.30751867093551444
    ],
    "T34": [
        0.03146852400532719,
        0.046342319286456914,
        0.06121611456758664
    ],
    "T35": [
        0.0,
        0.0,
        0.0
    ],
    "T36": [
        0.0,
        0.0,
        0.0
    ],
    "T37": [
        0.08018549445938669,
        0.11574207460746683,
        0.15129865475554696
    ],
    "T38": [
        0.016308232213187335,
        0.06783204105472324,
        0.11935584989625914
    ],
    "T39": [
        0.0,
        0.0,
        0.0
    ],
    "T40": [
        0.041010224745998525,
        0.08780546227580155,
        0.13460069980560457
    ],
    "T41": [
        0.0,
        0.0,
        0.0
    ],
    "T42": [
        0.0,
        0.0,
        0.0
    ],
    "T43": [
        0.0,
        0.0,
        0.0
    ],
    "T44": [
        0.0,
        0.0,
        0.0
    ],
    "T45": [
        0.0,
        0.03391602052736161,
        0.07255887715851353
    ]
}