{
    "model_global_ndcg": {
        "mean": 0.6889507839398344,
        "margin": 0.08767284161274558,
        "interval": [
            0.6012779423270889,
            0.6889507839398344,
            0.77662362555258
        ]
    }
}