{
    "model_global_ndcg": {
        "mean": 0.1514911115268736,
        "margin": 0.03437228132486281,
        "interval": [
            0.1171188302020108,
            0.1514911115268736,
            0.18586339285173642
        ]
    }
}