{
    "T16": [
        0.3822122306084905,
        0.5549570771459151,
        0.7277019236833397
    ],
    "T35": [
        0.1955721483503573,
        0.28101460928272914,
        0.366457070215101
    ],
    "T45": [
        0.09263622643693042,
        0.15894693194553042,
        0.2252576374541304
    ],
    "T37": [
        0.15991651691806402,
        0.25002612930510526,
        0.3401357416921465
    ],
    "T11": [
        0.09753271764472915,
        0.16168392855581748,
        0.2258351394669058
    ],
    "T43": [
        0.0,
        0.06666666666666667,
        0.1614028399897984
    ],
    "T32": [
        0.0,
        0.021469644532350344,
        0.055822837760696895
    ],
    "T38": [
        0.058403585337088976,
        0.11870607184576562,
        0.17900855835444227
    ],
    "T34": [
        0.16966076726099832,
        0.25582385650906375,
        0.3419869457571292
    ],
    "T18": [
        0.052871963300136604,
        0.13175824399114605,
        0.2106445246821555
    ],
    "T2": [
        0.23761110375555877,
        0.3039206737082751,
        0.3702302436609914
    ],
    "T26": [
        0.0,
        0.06666666666666667,
        0.1614028399897984
    ],
    "T28": [
        0.004229691154525261,
        0.13333333333333333,
        0.2624369755121414
    ],
    "T13": [
        0.03951049098069401,
        0.09259713435976918,
        0.14568377773884436
    ],
    "T23": [
        0.06435769933151966,
        0.11635295440519845,
        0.16834820947887724
    ],
    "T19": [
        0.40425238863062274,
        0.47316804404769364,
        0.5420836994647645
    ],
    "T4": [
        0.144477983887337,
        0.22824361348504585,
        0.3120092430827547
    ],
    "T24": [
        0.00838542682022872,
        0.0518840485872504,
        0.09538267035427209
    ],
    "T39": [
        0.0,
        0.0,
        0.0
    ],
    "T44": [
        0.11696639279595644,
        0.19897628124917943,
        0.2809861697024024
    ],
    "T41": [
        0.12258877574374477,
        0.22309290867425216,
        0.32359704160475955
    ],
    "T20": [
        0.12351010234118287,
        0.20161686746780486,
        0.27972363259442684
    ],
    "T1": [
        0.0011963142499530222,
        0.008307096779344512,
        0.015417879308736003
    ],
    "T40": [
        0.02481335558085973,
        0.10588787437803046,
        0.1869623931752012
    ],
    "T8": [
        0.05738360227921213,
        0.14836734830569245,
        0.23935109433217278
    ],
    "T30": [
        0.0,
        0.053888828877918446,
        0.11311780605573168
    ],
    "T31": [
        0.0,
        0.04914683296243451,
        0.10041086280583894
    ],
    "T10": [
        0.0019628124060336177,
        0.05577644874809784,
        0.10959008509016206
    ],
    "T33": [
        0.018244417419466585,
        0.084950032553811,
        0.15165564768815543
    ],
    "T3": [
        0.18202086272794726,
        0.2798901783087233,
        0.37775949388949936
    ],
    "T29": [
        0.06897448758154046,
        0.11862096612144526,
        0.16826744466135007
    ],
    "T27": [
        0.05926600673931212,
        0.10335907165664342,
        0.1474521365739747
    ],
    "T15": [
        0.05852863284702303,
        0.12052598887663282,
        0.1825233449062426
    ],
    "T9": [
        0.0,
        0.024856103915865995,
        0.05959999973155411
    ],
    "T14": [
        0.0,
        0.00918038507920622,
        0.027956380769391567
    ],
    "T12": [
        0.05185649649325147,
        0.13494408624216644,
        0.21803167599108142
    ],
    "T21": [
        0.07780444488082466,
        0.1785168145594241,
        0.2792291842380235
    ],
    "T6": [
        0.11067525374773479,
        0.18437812077979132,
        0.25808098781184785
    ],
    "T5": [
        0.19546673182608343,
        0.2690110382000878,
        0.3425553445740922
    ],
    "T17": [
        0.03449502591380024,
        0.11166281316287764,
        0.18883060041195504
    ],
    "T22": [
        0.05330945242617027,
        0.08480386857492485,
        0.11629828472367942
    ],
    "T42": [
        0.09492499395325088,
        0.18221642915655495,
        0.269507864359859
    ],
    "T7": [
        0.024006086127617093,
        0.07337495705923307,
        0.12274382799084904
    ],
    "T25": [
        0.0,
        0.0740086502978591,
        0.15370790310355686
    ],
    "T36": [
        0.20408660709101678,
        0.2705203983479873,
        0.3369541896049578
    ]
}