{
    "model_global_ndcg": {
        "mean": 0.20027947514277733,
        "margin": 0.044489125153646836,
        "interval": [
            0.1557903499891305,
            0.20027947514277733,
            0.24476860029642417
        ]
    }
}