{
    "T1": [
        0.21282423860178218,
        0.3019802216854583,
        0.3911362047691344
    ],
    "T2": [
        0.2933755688077819,
        0.37977162476476584,
        0.4661676807217498
    ],
    "T3": [
        0.03144413483375591,
        0.1086921347709642,
        0.1859401347081725
    ],
    "T4": [
        0.09271906108078895,
        0.1512801878091121,
        0.20984131453743524
    ],
    "T5": [
        0.193026421983009,
        0.25704043836721446,
        0.3210544547514199
    ],
    "T6": [
        0.14320218076214786,
        0.2081448423642638,
        0.27308750396637976
    ],
    "T7": [
        0.014577601267687063,
        0.054128399221989865,
        0.09367919717629267
    ],
    "T8": [
        0.14195289959755392,
        0.22699891675064598,
        0.31204493390373805
    ],
    "T9": [
        0.003013136485259721,
        0.03600748127538604,
        0.06900182606551236
    ],
    "T10": [
        0.0,
        0.012362186513076438,
        0.0299293801754118
    ],
    "T11": [
        0.3098762319354599,
        0.37771817525616636,
        0.44556011857687283
    ],
    "T12": [
        0.05112269293938804,
        0.13365509373050805,
        0.21618749452162805
    ],
    "T13": [
        0.0883473260647191,
        0.1540327493378642,
        0.21971817261100932
    ],
    "T14": [
        0.0,
        0.035682805516606804,
        0.09264197425474918
    ],
    "T15": [
        0.11808532932477311,
        0.1882790581659842,
        0.2584727870071953
    ],
    "T16": [
        0.6796210613786638,
        0.8149486372959797,
        0.9502762132132955
    ],
    "T17": [
        0.021418295713462432,
        0.084682704117502,
        0.14794711252154158
    ],
    "T18": [
        0.05334536985980709,
        0.12140868695392043,
        0.18947200404803377
    ],
    "T19": [
        0.5528302814004898,
        0.6054543750686948,
        0.6580784687368998
    ],
    "T20": [
        0.09283996832580532,
        0.1611255572758436,
        0.22941114622588188
    ],
    "T21": [
        0.14625905980663811,
        0.2768488740825796,
        0.40743868835852104
    ],
    "T22": [
        0.17166740090580768,
        0.20232267863626552,
        0.23297795636672336
    ],
    "T23": [
        0.03342660967379607,
        0.0957137421992714,
        0.15800087472474672
    ],
    "T24": [
        0.029594783001840153,
        0.08587581190284271,
        0.14215684080384527
    ],
    "T25": [
        0.07771496296741287,
        0.20923463797720038,
        0.3407543129869879
    ],
    "T26": [
        0.03372936593052189,
        0.1672594186935333,
        0.3007894714565447
    ],
    "T27": [
        0.10447923313676782,
        0.1414954754869783,
        0.17851171783718878
    ],
    "T28": [
        0.025127435798330655,
        0.16666666666666666,
        0.30820589753500266
    ],
    "T29": [
        0.1242866333424072,
        0.1901463747332369,
        0.2560061161240666
    ],
    "T30": [
        0.056430476092826615,
        0.13902788734477575,
        0.2216252985967249
    ],
    "T31": [
        0.0012016064256169731,
        0.02209630538239558,
        0.04299100433917419
    ],
    "T32": [
        0.0,
        0.007443809197504451,
        0.022668108418620603
    ],
    "T33": [
        0.08892331324970826,
        0.18230929086742526,
        0.27569526848514225
    ],
    "T34": [
        0.16718214145924593,
        0.2533562895493632,
        0.33953043763948043
    ],
    "T35": [
        0.218166889356517,
        0.3106016738957192,
        0.40303645843492136
    ],
    "T36": [
        0.2563227648775937,
        0.31787229012639584,
        0.379421815375198
    ],
    "T37": [
        0.2971583259680915,
        0.37553214490287173,
        0.45390596383765197
    ],
    "T38": [
        0.08126028495445389,
        0.14844962768849096,
        0.21563897042252803
    ],
    "T39": [
        0.09213345024294639,
        0.15996133876030486,
        0.22778922727766332
    ],
    "T40": [
        0.060777438948139584,
        0.1601923545316207,
        0.2596072701151018
    ],
    "T41": [
        0.18285913873223014,
        0.266295639039781,
        0.3497321393473318
    ],
    "T42": [
        0.1572841960193927,
        0.24655684497539002,
        0.33582949393138734
    ],
    "T43": [
        0.0,
        0.09391764551026448,
        0.19369278463462225
    ],
    "T44": [
        0.14288812099099996,
        0.23016269472342266,
        0.31743726845584536
    ],
    "T45": [
        0.08039168340738367,
        0.14984258830873215,
        0.21929349321008063
    ]
}