{
    "model_global_ndcg": {
        "mean": 0.5600196816679152,
        "margin": 0.09607565645589722,
        "interval": [
            0.46394402521201794,
            0.5600196816679152,
            0.6560953381238124
        ]
    }
}