{
    "model_global_ndcg": {
        "mean": 0.1273776323296551,
        "margin": 0.03466333642104108,
        "interval": [
            0.09271429590861402,
            0.1273776323296551,
            0.16204096875069618
        ]
    }
}