{
    "T16": [
        0.3342780543133145,
        0.5210309917857152,
        0.707783929258116
    ],
    "T35": [
        0.16939252786222492,
        0.2505194519361637,
        0.3316463760101025
    ],
    "T45": [
        0.11316863546879119,
        0.1648696855428299,
        0.21657073561686863
    ],
    "T37": [
        0.14628065815070418,
        0.23485818779361614,
        0.3234357174365281
    ],
    "T11": [
        0.02807539944412929,
        0.06814687206992395,
        0.10821834469571862
    ],
    "T43": [
        0.057111696750620666,
        0.1964263086904791,
        0.33574092063033756
    ],
    "T32": [
        0.0,
        0.0,
        0.0
    ],
    "T38": [
        0.06435129838269321,
        0.13149161742481016,
        0.19863193646692712
    ],
    "T34": [
        0.06074444952445343,
        0.11719087127466302,
        0.1736372930248726
    ],
    "T18": [
        0.044643332481674985,
        0.11906998527008118,
        0.19349663805848738
    ],
    "T2": [
        0.2266269554000528,
        0.30391182171969455,
        0.3811966880393363
    ],
    "T26": [
        0.0,
        0.054364325119048575,
        0.13370939377573202
    ],
    "T28": [
        0.004229691154525261,
        0.13333333333333333,
        0.2624369755121414
    ],
    "T13": [
        0.0,
        0.014895117666395207,
        0.031971889230690456
    ],
    "T23": [
        0.0,
        0.022610680351574406,
        0.05474142034268463
    ],
    "T19": [
        0.3952515879508728,
        0.4630017319128689,
        0.530751875874865
    ],
    "T4": [
        0.04232914053647019,
        0.10392474729546274,
        0.16552035405445528
    ],
    "T24": [
        0.0,
        0.01610223339926276,
        0.04903499845197419
    ],
    "T39": [
        0.0,
        0.0,
        0.0
    ],
    "T44": [
        0.07618054902015706,
        0.14561910243329182,
        0.21505765584642658
    ],
    "T41": [
        0.04042041920053174,
        0.11554976248988827,
        0.1906791057792448
    ],
    "T20": [
        0.05640675411179741,
        0.12731915274017386,
        0.1982315513685503
    ],
    "T1": [
        0.08275960082219413,
        0.14776005466157208,
        0.21276050850095002
    ],
    "T40": [
        0.053574786379950085,
        0.14525569152864815,
        0.2369365966773462
    ],
    "T8": [
        0.058237080517142215,
        0.1612075713251774,
        0.2641780621332126
    ],
    "T30": [
        0.0,
        0.0026058805912505733,
        0.007935504820334543
    ],
    "T31": [
        0.0,
        0.013126747237450775,
        0.029495404172199882
    ],
    "T10": [
        0.0,
        0.0,
        0.0
    ],
    "T33": [
        0.017076176281034,
        0.08026120593560898,
        0.14344623559018396
    ],
    "T3": [
        0.0558715394693636,
        0.1350103906382639,
        0.2141492418071642
    ],
    "T29": [
        0.07887508669117171,
        0.15649568221188365,
        0.23411627773259558
    ],
    "T27": [
        0.021317529943856856,
        0.05540573957729189,
        0.08949394921072693
    ],
    "T15": [
        0.1451182984754687,
        0.21011944077935213,
        0.27512058308323556
    ],
    "T9": [
        0.0,
        0.0,
        0.0
    ],
    "T14": [
        0.0,
        0.0,
        0.0
    ],
    "T12": [
        0.0613691770808229,
        0.15667331324393902,
        0.25197744940705513
    ],
    "T21": [
        0.16666979380127356,
        0.29535810798276035,
        0.42404642216424715
    ],
    "T6": [
        0.11458185098256801,
        0.16629953080177948,
        0.21801721062099094
    ],
    "T5": [
        0.0643130322022877,
        0.1231224756786959,
        0.1819319191551041
    ],
    "T17": [
        0.00014288737273768573,
        0.012043607520345811,
        0.023944327667953937
    ],
    "T22": [
        0.10761348282800634,
        0.15592012521047333,
        0.2042267675929403
    ],
    "T42": [
        0.01826941555923367,
        0.08230929086742522,
        0.14634916617561677
    ],
    "T7": [
        0.0,
        0.053888828877918446,
        0.11311780605573168
    ],
    "T25": [
        0.0,
        0.017376534287144,
        0.05291553728874618
    ],
    "T36": [
        0.20045589307732004,
        0.2575172556282227,
        0.31457861817912536
    ]
}