{
    "model_global_ndcg": {
        "mean": 0.1349416697384894,
        "margin": 0.03673073480467931,
        "interval": [
            0.09821093493381008,
            0.1349416697384894,
            0.1716724045431687
        ]
    }
}