{
    "T1": [
        0.07611812817232755,
        0.13555058433966224,
        0.19498304050699694
    ],
    "T2": [
        0.17996867976396336,
        0.259777541058936,
        0.3395864023539087
    ],
    "T3": [
        7.964590120035364e-05,
        0.07243989383522971,
        0.14480014176925907
    ],
    "T4": [
        0.03340281767112374,
        0.08195705384106809,
        0.13051129001101244
    ],
    "T5": [
        0.1038409260843704,
        0.16783204359894494,
        0.23182316111351947
    ],
    "T6": [
        0.11289271616897881,
        0.16345934080005248,
        0.21402596543112615
    ],
    "T7": [
        0.0,
        0.022092008772565206,
        0.04734232123887297
    ],
    "T8": [
        0.0491556867430894,
        0.12432653249475147,
        0.19949737824641353
    ],
    "T9": [
        0.0,
        0.034763909332099954,
        0.07488756835223023
    ],
    "T10": [
        0.0,
        0.0,
        0.0
    ],
    "T11": [
        0.07725422429573608,
        0.13873828603205338,
        0.20022234776837067
    ],
    "T12": [
        0.04894500896277726,
        0.1253026585292634,
        0.20166030809574953
    ],
    "T13": [
        0.0,
        0.02015058117356897,
        0.040958591231524455
    ],
    "T14": [
        0.0,
        0.027541155237618666,
        0.0838691423081747
    ],
    "T15": [
        0.08713449947436863,
        0.14646095539793336,
        0.20578741132149808
    ],
    "T16": [
        0.4503148433421147,
        0.6333333333333333,
        0.8163518233245519
    ],
    "T17": [
        0.0,
        0.020528132924960044,
        0.04214362652848823
    ],
    "T18": [
        0.02601598003253311,
        0.0837181881480258,
        0.1414203962635185
    ],
    "T19": [
        0.4458877390105136,
        0.5036913498451373,
        0.561494960679761
    ],
    "T20": [
        0.07695455111972782,
        0.14299799549970577,
        0.2090414398796837
    ],
    "T21": [
        0.16084775407458496,
        0.3011708263054598,
        0.4414938985363347
    ],
    "T22": [
        0.12357542182485043,
        0.1441163962873504,
        0.16465737074985037
    ],
    "T23": [
        0.007992500386698353,
        0.06365957637008693,
        0.1193266523534755
    ],
    "T24": [
        0.0,
        0.038433660991776114,
        0.08532476741936221
    ],
    "T25": [
        0.04733333080949853,
        0.16694364041833992,
        0.2865539500271813
    ],
    "T26": [
        0.02128934786228226,
        0.1543643251190486,
        0.28743930237581494
    ],
    "T27": [
        0.0529527213000474,
        0.08147052976135519,
        0.10998833822266298
    ],
    "T28": [
        0.025127435798330655,
        0.16666666666666666,
        0.30820589753500266
    ],
    "T29": [
        0.08337093200176904,
        0.15183672555358504,
        0.22030251910540105
    ],
    "T30": [
        0.0,
        0.00946176937302609,
        0.020598019538635694
    ],
    "T31": [
        0.0,
        0.006934506308715421,
        0.01735880696423219
    ],
    "T32": [
        0.0,
        0.0,
        0.0
    ],
    "T33": [
        0.018120946581675568,
        0.09277134465419028,
        0.167421742726705
    ],
    "T34": [
        0.06661893069179026,
        0.11100125759264665,
        0.15538358449350304
    ],
    "T35": [
        0.17917125650359067,
        0.2630182281581136,
        0.3468651998126365
    ],
    "T36": [
        0.19336766651741916,
        0.2440713680318483,
        0.29477506954627747
    ],
    "T37": [
        0.15025533116789708,
        0.23108759946543628,
        0.3119198677629755
    ],
    "T38": [
        0.027248356719251132,
        0.07933841912961888,
        0.13142848153998662
    ],
    "T39": [
        0.02544941791186825,
        0.05568106060081703,
        0.08591270328976582
    ],
    "T40": [
        0.04914649914019176,
        0.1439303323733944,
        0.23871416560659703
    ],
    "T41": [
        0.053936367324441487,
        0.12861623304050035,
        0.2032960987565592
    ],
    "T42": [
        0.03576989251807716,
        0.0988227377387687,
        0.16187558295946025
    ],
    "T43": [
        0.0727003361293263,
        0.23333333333333334,
        0.39396633053734037
    ],
    "T44": [
        0.07638622513519144,
        0.1576235507580622,
        0.23886087638093295
    ],
    "T45": [
        0.008274090986943372,
        0.043359506004971654,
        0.07844492102299994
    ]
}