{
    "model_global_ndcg": {
        "mean": 0.20694265222961197,
        "margin": 0.04424496793267654,
        "interval": [
            0.16269768429693543,
            0.20694265222961197,
            0.2511876201622885
        ]
    }
}