{
    "T1": [
        0.2475808493760645,
        0.3343802371968959,
        0.4211796250177273
    ],
    "T2": [
        0.3044986262053051,
        0.3917469928221451,
        0.4789953594389851
    ],
    "T3": [
        0.03144413483375591,
        0.1086921347709642,
        0.1859401347081725
    ],
    "T4": [
        0.08337670919223186,
        0.14145505303658218,
        0.1995333968809325
    ],
    "T5": [
        0.204301181755208,
        0.26545248136251426,
        0.3266037809698205
    ],
    "T6": [
        0.14724151733076057,
        0.2210142276132808,
        0.294786937895801
    ],
    "T7": [
        0.01649629900495246,
        0.054008614049954155,
        0.09152092909495585
    ],
    "T8": [
        0.15693635907121323,
        0.23948530053709124,
        0.32203424200296926
    ],
    "T9": [
        0.011249543091470693,
        0.046294025282625426,
        0.08133850747378016
    ],
    "T10": [
        0.0,
        0.012362186513076438,
        0.0299293801754118
    ],
    "T11": [
        0.33132909408683897,
        0.39005495791426376,
        0.44878082174168854
    ],
    "T12": [
        0.0625639042256031,
        0.14646794943968472,
        0.23037199465376634
    ],
    "T13": [
        0.06850548553931735,
        0.12525372688162575,
        0.18200196822393416
    ],
    "T14": [
        0.0,
        0.027541155237618666,
        0.0838691423081747
    ],
    "T15": [
        0.11949046848173189,
        0.1936124769691297,
        0.2677344854565275
    ],
    "T16": [
        0.6827985428648748,
        0.8172594186935332,
        0.9517202945221916
    ],
    "T17": [
        0.02964674556487379,
        0.09395434400230934,
        0.1582619424397449
    ],
    "T18": [
        0.05392923132361088,
        0.123114900255399,
        0.19230056918718713
    ],
    "T19": [
        0.5207939650624821,
        0.5725438372464512,
        0.6242937094304203
    ],
    "T20": [
        0.0903327066163413,
        0.15897124277114147,
        0.22760977892594164
    ],
    "T21": [
        0.15018159431900718,
        0.27997047002919084,
        0.4097593457393745
    ],
    "T22": [
        0.2777314456906347,
        0.3346095685653588,
        0.3914876914400829
    ],
    "T23": [
        0.04590537361124089,
        0.11724629294580537,
        0.18858721228036984
    ],
    "T24": [
        0.026607352530822165,
        0.08319210633629893,
        0.1397768601417757
    ],
    "T25": [
        0.07771496296741287,
        0.20923463797720038,
        0.3407543129869879
    ],
    "T26": [
        0.05915032525256153,
        0.19304960584250275,
        0.32694888643244396
    ],
    "T27": [
        0.12035471028294317,
        0.16259338235520895,
        0.20483205442747474
    ],
    "T28": [
        0.025127435798330655,
        0.16666666666666666,
        0.30820589753500266
    ],
    "T29": [
        0.11544858230995014,
        0.1810644073935578,
        0.24668023247716547
    ],
    "T30": [
        0.05751505323707254,
        0.14089576689438138,
        0.22427648055169022
    ],
    "T31": [
        0.00082224470750282,
        0.02157322543436524,
        0.04232420616122766
    ],
    "T32": [
        0.0,
        0.014985971157320298,
        0.03634487847594599
    ],
    "T33": [
        0.08892331324970826,
        0.18230929086742526,
        0.27569526848514225
    ],
    "T34": [
        0.15848382663336547,
        0.24513735275556128,
        0.3317908788777571
    ],
    "T35": [
        0.22325874069155777,
        0.3152521192297684,
        0.4072454977679791
    ],
    "T36": [
        0.2287922475813528,
        0.2866090194083509,
        0.34442579123534894
    ],
    "T37": [
        0.2603897473296314,
        0.3389617002282809,
        0.41753365312693047
    ],
    "T38": [
        0.08126028495445389,
        0.14844962768849096,
        0.21563897042252803
    ],
    "T39": [
        0.09213345024294639,
        0.15996133876030486,
        0.22778922727766332
    ],
    "T40": [
        0.12265498817876686,
        0.21833428514149827,
        0.3140135821042297
    ],
    "T41": [
        0.18285913873223014,
        0.266295639039781,
        0.3497321393473318
    ],
    "T42": [
        0.1851706424649242,
        0.2909085639275191,
        0.39664648539011405
    ],
    "T43": [
        0.0,
        0.09391764551026448,
        0.19369278463462225
    ],
    "T44": [
        0.14299535752611742,
        0.22979060730944187,
        0.3165858570927663
    ],
    "T45": [
        0.09010889251258908,
        0.1677447962717071,
        0.24538070003082513
    ]
}