T18Eval-00001	E99990250	1	1.0000	45-Topics-Random-99000011
T18Eval-00001	A99990003	2	0.5000	45-Topics-Random-99000011
T18Eval-00001	M99990889	3	0.3333	45-Topics-Random-99000011
T18Eval-00001	M99990021	4	0.2500	45-Topics-Random-99000011
T18Eval-00001	D99990185	5	0.2000	45-Topics-Random-99000011
T18Eval-00001	N23812884	6	0.1667	45-Topics-Random-99000011
T18Eval-00001	N23812871	7	0.1429	45-Topics-Random-99000011
T18Eval-00001	N23813123	8	0.1250	45-Topics-Random-99000011
T18Eval-00001	N23812901	9	0.1111	45-Topics-Random-99000011
T18Eval-00001	N23813009	10	0.1000	45-Topics-Random-99000011
T18Eval-00001	N23813074	11	0.0909	45-Topics-Random-99000011
T18Eval-00001	N23813061	12	0.0833	45-Topics-Random-99000011
T18Eval-00001	B99990967	13	0.0769	45-Topics-Random-99000011
T18Eval-00001	F99990220	14	0.0714	45-Topics-Random-99000011
T18Eval-00001	D99990466	15	0.0667	45-Topics-Random-99000011
T18Eval-00001	M99990483	16	0.0625	45-Topics-Random-99000011
T18Eval-00001	E99990732	17	0.0588	45-Topics-Random-99000011
T18Eval-00001	F99990064	18	0.0556	45-Topics-Random-99000011
T18Eval-00001	M99990433	19	0.0526	45-Topics-Random-99000011
T18Eval-00001	D99990914	20	0.0500	45-Topics-Random-99000011
T18Eval-00001	D99990338	21	0.0476	45-Topics-Random-99000011
T18Eval-00001	N23813067	22	0.0455	45-Topics-Random-99000011
T18Eval-00001	F99990575	23	0.0435	45-Topics-Random-99000011
T18Eval-00001	M99990031	24	0.0417	45-Topics-Random-99000011
T18Eval-00001	D99990137	25	0.0400	45-Topics-Random-99000011
T18Eval-00001	M99990895	26	0.0385	45-Topics-Random-99000011
T18Eval-00001	J99990514	27	0.0370	45-Topics-Random-99000011
T18Eval-00001	E99990813	28	0.0357	45-Topics-Random-99000011
T18Eval-00001	F99990130	29	0.0345	45-Topics-Random-99000011
T18Eval-00001	M99990420	30	0.0333	45-Topics-Random-99000011
T18Eval-00001	G99990170	31	0.0323	45-Topics-Random-99000011
T18Eval-00001	E99990938	32	0.0312	45-Topics-Random-99000011
T18Eval-00001	M99990981	33	0.0303	45-Topics-Random-99000011
T18Eval-00001	C99990488	34	0.0294	45-Topics-Random-99000011
T18Eval-00001	A99990096	35	0.0286	45-Topics-Random-99000011
T18Eval-00001	N23813129	36	0.0278	45-Topics-Random-99000011
T18Eval-00001	C99990304	37	0.0270	45-Topics-Random-99000011
T18Eval-00001	E99990639	38	0.0263	45-Topics-Random-99000011
T18Eval-00001	M99990157	39	0.0256	45-Topics-Random-99000011
T18Eval-00001	H99990374	40	0.0250	45-Topics-Random-99000011
T18Eval-00001	M99990286	41	0.0244	45-Topics-Random-99000011
T18Eval-00001	N23813102	42	0.0238	45-Topics-Random-99000011
T18Eval-00001	N23813063	43	0.0233	45-Topics-Random-99000011
T18Eval-00001	M99990837	44	0.0227	45-Topics-Random-99000011
T18Eval-00001	A99990833	45	0.0222	45-Topics-Random-99000011
T18Eval-00001	N23812888	46	0.0217	45-Topics-Random-99000011
T18Eval-00001	C99990578	47	0.0213	45-Topics-Random-99000011
T18Eval-00001	A99990836	48	0.0208	45-Topics-Random-99000011
T18Eval-00001	M99990586	49	0.0204	45-Topics-Random-99000011
T18Eval-00001	N23812992	50	0.0200	45-Topics-Random-99000011
T18Eval-00001	F99990772	51	0.0196	45-Topics-Random-99000011
T18Eval-00001	E99990042	52	0.0192	45-Topics-Random-99000011
T18Eval-00001	N23812895	53	0.0189	45-Topics-Random-99000011
T18Eval-00001	E99990346	54	0.0185	45-Topics-Random-99000011
T18Eval-00001	F99990577	55	0.0182	45-Topics-Random-99000011
T18Eval-00001	D99990149	56	0.0179	45-Topics-Random-99000011
T18Eval-00001	N23813026	57	0.0175	45-Topics-Random-99000011
T18Eval-00001	N23812935	58	0.0172	45-Topics-Random-99000011
T18Eval-00001	A99990803	59	0.0169	45-Topics-Random-99000011
T18Eval-00001	B99990661	60	0.0167	45-Topics-Random-99000011
T18Eval-00001	D99990251	61	0.0164	45-Topics-Random-99000011
T18Eval-00001	E99990525	62	0.0161	45-Topics-Random-99000011
T18Eval-00001	M99990730	63	0.0159	45-Topics-Random-99000011
T18Eval-00001	A99990746	64	0.0156	45-Topics-Random-99000011
T18Eval-00001	G99990890	65	0.0154	45-Topics-Random-99000011
T18Eval-00001	E99990901	66	0.0152	45-Topics-Random-99000011
T18Eval-00001	L99990459	67	0.0149	45-Topics-Random-99000011
T18Eval-00001	N23813059	68	0.0147	45-Topics-Random-99000011
T18Eval-00001	M99990209	69	0.0145	45-Topics-Random-99000011
T18Eval-00001	D99990859	70	0.0143	45-Topics-Random-99000011
T18Eval-00001	N23813038	71	0.0141	45-Topics-Random-99000011
T18Eval-00001	N23813068	72	0.0139	45-Topics-Random-99000011
T18Eval-00001	A99990574	73	0.0137	45-Topics-Random-99000011
T18Eval-00001	N23812844	74	0.0135	45-Topics-Random-99000011
T18Eval-00001	N23813042	75	0.0133	45-Topics-Random-99000011
T18Eval-00001	N23812985	76	0.0132	45-Topics-Random-99000011
T18Eval-00001	N23812939	77	0.0130	45-Topics-Random-99000011
T18Eval-00001	E99991011	78	0.0128	45-Topics-Random-99000011
T18Eval-00001	H99990573	79	0.0127	45-Topics-Random-99000011
T18Eval-00001	A99990455	80	0.0125	45-Topics-Random-99000011
T18Eval-00001	G99990098	81	0.0123	45-Topics-Random-99000011
T18Eval-00001	E99990228	82	0.0122	45-Topics-Random-99000011
T18Eval-00001	J99990337	83	0.0120	45-Topics-Random-99000011
T18Eval-00001	N23813078	84	0.0119	45-Topics-Random-99000011
T18Eval-00002	M99990990	1	1.0000	45-Topics-Random-99000011
T18Eval-00002	N23813070	2	0.5000	45-Topics-Random-99000011
T18Eval-00002	M99991022	3	0.3333	45-Topics-Random-99000011
T18Eval-00002	N23813077	4	0.2500	45-Topics-Random-99000011
T18Eval-00002	M99990490	5	0.2000	45-Topics-Random-99000011
T18Eval-00002	N23813129	6	0.1667	45-Topics-Random-99000011
T18Eval-00002	N23812997	7	0.1429	45-Topics-Random-99000011
T18Eval-00002	M99990889	8	0.1250	45-Topics-Random-99000011
T18Eval-00002	G99990081	9	0.1111	45-Topics-Random-99000011
T18Eval-00002	N23813062	10	0.1000	45-Topics-Random-99000011
T18Eval-00002	M99990497	11	0.0909	45-Topics-Random-99000011
T18Eval-00002	N23812866	12	0.0833	45-Topics-Random-99000011
T18Eval-00002	N23812819	13	0.0769	45-Topics-Random-99000011
T18Eval-00002	E99990250	14	0.0714	45-Topics-Random-99000011
T18Eval-00002	N23812952	15	0.0667	45-Topics-Random-99000011
T18Eval-00002	G99990493	16	0.0625	45-Topics-Random-99000011
T18Eval-00002	M99990002	17	0.0588	45-Topics-Random-99000011
T18Eval-00002	N23813063	18	0.0556	45-Topics-Random-99000011
T18Eval-00002	G99990266	19	0.0526	45-Topics-Random-99000011
T18Eval-00002	M99990506	20	0.0500	45-Topics-Random-99000011
T18Eval-00002	M99990142	21	0.0476	45-Topics-Random-99000011
T18Eval-00002	N23812991	22	0.0455	45-Topics-Random-99000011
T18Eval-00002	N23813126	23	0.0435	45-Topics-Random-99000011
T18Eval-00002	A99990548	24	0.0417	45-Topics-Random-99000011
T18Eval-00002	E99990901	25	0.0400	45-Topics-Random-99000011
T18Eval-00002	G99990507	26	0.0385	45-Topics-Random-99000011
T18Eval-00002	M99990080	27	0.0370	45-Topics-Random-99000011
T18Eval-00002	N23812838	28	0.0357	45-Topics-Random-99000011
T18Eval-00002	A99990037	29	0.0345	45-Topics-Random-99000011
T18Eval-00002	N23813069	30	0.0333	45-Topics-Random-99000011
T18Eval-00002	M99990327	31	0.0323	45-Topics-Random-99000011
T18Eval-00002	N23812924	32	0.0312	45-Topics-Random-99000011
T18Eval-00002	M99990554	33	0.0303	45-Topics-Random-99000011
T18Eval-00002	N23813061	34	0.0294	45-Topics-Random-99000011
T18Eval-00002	M99990895	35	0.0286	45-Topics-Random-99000011
T18Eval-00002	M99990499	36	0.0278	45-Topics-Random-99000011
T18Eval-00002	M99990399	37	0.0270	45-Topics-Random-99000011
T18Eval-00002	N23812982	38	0.0263	45-Topics-Random-99000011
T18Eval-00002	G99990387	39	0.0256	45-Topics-Random-99000011
T18Eval-00002	E99990589	40	0.0250	45-Topics-Random-99000011
T18Eval-00002	G99990743	41	0.0244	45-Topics-Random-99000011
T18Eval-00002	N23812979	42	0.0238	45-Topics-Random-99000011
T18Eval-00002	N23812870	43	0.0233	45-Topics-Random-99000011
T18Eval-00002	N23812920	44	0.0227	45-Topics-Random-99000011
T18Eval-00002	M99991004	45	0.0222	45-Topics-Random-99000011
T18Eval-00002	N23812863	46	0.0217	45-Topics-Random-99000011
T18Eval-00002	N23813127	47	0.0213	45-Topics-Random-99000011
T18Eval-00002	N23813114	48	0.0208	45-Topics-Random-99000011
T18Eval-00002	M99991000	49	0.0204	45-Topics-Random-99000011
T18Eval-00002	J99990120	50	0.0200	45-Topics-Random-99000011
T18Eval-00002	H99990183	51	0.0196	45-Topics-Random-99000011
T18Eval-00002	N23813104	52	0.0192	45-Topics-Random-99000011
T18Eval-00002	D99991024	53	0.0189	45-Topics-Random-99000011
T18Eval-00002	M99990906	54	0.0185	45-Topics-Random-99000011
T18Eval-00002	N23813084	55	0.0182	45-Topics-Random-99000011
T18Eval-00002	A99990465	56	0.0179	45-Topics-Random-99000011
T18Eval-00002	N23813073	57	0.0175	45-Topics-Random-99000011
T18Eval-00002	N23813071	58	0.0172	45-Topics-Random-99000011
T18Eval-00002	A99990574	59	0.0169	45-Topics-Random-99000011
T18Eval-00002	N23813016	60	0.0167	45-Topics-Random-99000011
T18Eval-00002	N23813075	61	0.0164	45-Topics-Random-99000011
T18Eval-00002	N23812921	62	0.0161	45-Topics-Random-99000011
T18Eval-00002	N23812901	63	0.0159	45-Topics-Random-99000011
T18Eval-00002	J99990293	64	0.0156	45-Topics-Random-99000011
T18Eval-00002	N23813131	65	0.0154	45-Topics-Random-99000011
T18Eval-00002	A99990014	66	0.0152	45-Topics-Random-99000011
T18Eval-00002	N23813018	67	0.0149	45-Topics-Random-99000011
T18Eval-00002	M99990165	68	0.0147	45-Topics-Random-99000011
T18Eval-00002	N23812993	69	0.0145	45-Topics-Random-99000011
T18Eval-00002	M99990286	70	0.0143	45-Topics-Random-99000011
T18Eval-00002	M99990131	71	0.0141	45-Topics-Random-99000011
T18Eval-00002	M99990212	72	0.0139	45-Topics-Random-99000011
T18Eval-00002	N23812871	73	0.0137	45-Topics-Random-99000011
T18Eval-00002	M99990867	74	0.0135	45-Topics-Random-99000011
T18Eval-00002	N23812955	75	0.0133	45-Topics-Random-99000011
T18Eval-00002	N23812951	76	0.0132	45-Topics-Random-99000011
T18Eval-00002	M99990637	77	0.0130	45-Topics-Random-99000011
T18Eval-00002	N23812994	78	0.0128	45-Topics-Random-99000011
T18Eval-00002	N23812970	79	0.0127	45-Topics-Random-99000011
T18Eval-00002	N23812828	80	0.0125	45-Topics-Random-99000011
T18Eval-00002	H99990807	81	0.0123	45-Topics-Random-99000011
T18Eval-00002	M99990307	82	0.0122	45-Topics-Random-99000011
T18Eval-00002	N23812932	83	0.0120	45-Topics-Random-99000011
T18Eval-00002	N23812869	84	0.0119	45-Topics-Random-99000011
T18Eval-00002	N23812934	85	0.0118	45-Topics-Random-99000011
T18Eval-00002	G99990184	86	0.0116	45-Topics-Random-99000011
T18Eval-00002	N23813011	87	0.0115	45-Topics-Random-99000011
T18Eval-00002	N23812984	88	0.0114	45-Topics-Random-99000011
T18Eval-00002	J99990705	89	0.0112	45-Topics-Random-99000011
T18Eval-00002	N23812874	90	0.0111	45-Topics-Random-99000011
T18Eval-00002	N23813091	91	0.0110	45-Topics-Random-99000011
T18Eval-00002	N23812919	92	0.0109	45-Topics-Random-99000011
T18Eval-00002	N23813130	93	0.0108	45-Topics-Random-99000011
T18Eval-00002	N23812989	94	0.0106	45-Topics-Random-99000011
T18Eval-00002	N23812981	95	0.0105	45-Topics-Random-99000011
T18Eval-00002	N23812917	96	0.0104	45-Topics-Random-99000011
T18Eval-00002	N23813124	97	0.0103	45-Topics-Random-99000011
T18Eval-00002	N23812843	98	0.0102	45-Topics-Random-99000011
T18Eval-00002	M99990031	99	0.0101	45-Topics-Random-99000011
T18Eval-00002	M99990132	100	0.0100	45-Topics-Random-99000011
T18Eval-00002	M99990664	101	0.0099	45-Topics-Random-99000011
T18Eval-00002	N23813117	102	0.0098	45-Topics-Random-99000011
T18Eval-00002	B99990852	103	0.0097	45-Topics-Random-99000011
T18Eval-00002	N23812906	104	0.0096	45-Topics-Random-99000011
T18Eval-00002	N23813058	105	0.0095	45-Topics-Random-99000011
T18Eval-00002	N23813056	106	0.0094	45-Topics-Random-99000011
T18Eval-00002	M99990832	107	0.0093	45-Topics-Random-99000011
T18Eval-00002	B99990910	108	0.0093	45-Topics-Random-99000011
T18Eval-00002	E99990361	109	0.0092	45-Topics-Random-99000011
T18Eval-00002	J99990389	110	0.0091	45-Topics-Random-99000011
T18Eval-00002	F99990130	111	0.0090	45-Topics-Random-99000011
T18Eval-00002	M99990261	112	0.0089	45-Topics-Random-99000011
T18Eval-00002	M99990157	113	0.0088	45-Topics-Random-99000011
T18Eval-00002	E99990102	114	0.0088	45-Topics-Random-99000011
T18Eval-00002	B99990015	115	0.0087	45-Topics-Random-99000011
T18Eval-00002	N23812933	116	0.0086	45-Topics-Random-99000011
T18Eval-00002	G99990890	117	0.0085	45-Topics-Random-99000011
T18Eval-00002	A99990884	118	0.0085	45-Topics-Random-99000011
T18Eval-00002	B99990711	119	0.0084	45-Topics-Random-99000011
T18Eval-00002	N23813102	120	0.0083	45-Topics-Random-99000011
T18Eval-00002	C99990505	121	0.0083	45-Topics-Random-99000011
T18Eval-00002	N23812983	122	0.0082	45-Topics-Random-99000011
T18Eval-00002	N23812907	123	0.0081	45-Topics-Random-99000011
T18Eval-00002	N23812881	124	0.0081	45-Topics-Random-99000011
T18Eval-00002	E99991011	125	0.0080	45-Topics-Random-99000011
T18Eval-00002	N23812949	126	0.0079	45-Topics-Random-99000011
T18Eval-00002	G99990551	127	0.0079	45-Topics-Random-99000011
T18Eval-00002	N23812900	128	0.0078	45-Topics-Random-99000011
T18Eval-00002	M99990647	129	0.0078	45-Topics-Random-99000011
T18Eval-00002	G99990372	130	0.0077	45-Topics-Random-99000011
T18Eval-00002	G99990322	131	0.0076	45-Topics-Random-99000011
T18Eval-00002	G99990758	132	0.0076	45-Topics-Random-99000011
T18Eval-00002	M99990515	133	0.0075	45-Topics-Random-99000011
T18Eval-00002	M99990981	134	0.0075	45-Topics-Random-99000011
T18Eval-00002	M99990483	135	0.0074	45-Topics-Random-99000011
T18Eval-00002	N23812893	136	0.0074	45-Topics-Random-99000011
T18Eval-00002	B99990291	137	0.0073	45-Topics-Random-99000011
T18Eval-00002	N23812999	138	0.0072	45-Topics-Random-99000011
T18Eval-00002	N23812844	139	0.0072	45-Topics-Random-99000011
T18Eval-00002	N23813097	140	0.0071	45-Topics-Random-99000011
T18Eval-00002	B99990671	141	0.0071	45-Topics-Random-99000011
T18Eval-00002	N23812859	142	0.0070	45-Topics-Random-99000011
T18Eval-00002	N23812905	143	0.0070	45-Topics-Random-99000011
T18Eval-00002	F99990611	144	0.0069	45-Topics-Random-99000011
T18Eval-00002	N23813087	145	0.0069	45-Topics-Random-99000011
T18Eval-00002	E99990877	146	0.0068	45-Topics-Random-99000011
T18Eval-00002	G99990982	147	0.0068	45-Topics-Random-99000011
T18Eval-00002	M99990178	148	0.0068	45-Topics-Random-99000011
T18Eval-00002	N23812974	149	0.0067	45-Topics-Random-99000011
T18Eval-00002	A99990484	150	0.0067	45-Topics-Random-99000011
T18Eval-00002	N23812904	151	0.0066	45-Topics-Random-99000011
T18Eval-00002	N23812902	152	0.0066	45-Topics-Random-99000011
T18Eval-00002	N23813006	153	0.0065	45-Topics-Random-99000011
T18Eval-00002	N23812936	154	0.0065	45-Topics-Random-99000011
T18Eval-00002	B99990421	155	0.0065	45-Topics-Random-99000011
T18Eval-00002	N23813028	156	0.0064	45-Topics-Random-99000011
T18Eval-00002	N23813002	157	0.0064	45-Topics-Random-99000011
T18Eval-00002	M99990715	158	0.0063	45-Topics-Random-99000011
T18Eval-00002	N23812939	159	0.0063	45-Topics-Random-99000011
T18Eval-00002	A99990455	160	0.0063	45-Topics-Random-99000011
T18Eval-00003	M99990150	1	1.0000	45-Topics-Random-99000011
T18Eval-00003	N23812913	2	0.5000	45-Topics-Random-99000011
T18Eval-00003	N23812881	3	0.3333	45-Topics-Random-99000011
T18Eval-00003	N23812830	4	0.2500	45-Topics-Random-99000011
T18Eval-00003	N23812826	5	0.2000	45-Topics-Random-99000011
T18Eval-00003	M99990157	6	0.1667	45-Topics-Random-99000011
T18Eval-00004	F99990630	1	1.0000	45-Topics-Random-99000011
T18Eval-00004	F99990528	2	0.5000	45-Topics-Random-99000011
T18Eval-00004	M99990517	3	0.3333	45-Topics-Random-99000011
T18Eval-00005	A99990037	1	1.0000	45-Topics-Random-99000011
T18Eval-00005	M99990497	2	0.5000	45-Topics-Random-99000011
T18Eval-00005	B99990934	3	0.3333	45-Topics-Random-99000011
T18Eval-00005	N23812997	4	0.2500	45-Topics-Random-99000011
T18Eval-00005	N23813088	5	0.2000	45-Topics-Random-99000011
T18Eval-00005	E99990877	6	0.1667	45-Topics-Random-99000011
T18Eval-00005	M99990021	7	0.1429	45-Topics-Random-99000011
T18Eval-00005	E99990904	8	0.1250	45-Topics-Random-99000011
T18Eval-00005	M99990541	9	0.1111	45-Topics-Random-99000011
T18Eval-00005	M99990499	10	0.1000	45-Topics-Random-99000011
T18Eval-00005	E99990947	11	0.0909	45-Topics-Random-99000011
T18Eval-00005	E99990857	12	0.0833	45-Topics-Random-99000011
T18Eval-00005	B99990504	13	0.0769	45-Topics-Random-99000011
T18Eval-00005	B99990853	14	0.0714	45-Topics-Random-99000011
T18Eval-00005	B99990416	15	0.0667	45-Topics-Random-99000011
T18Eval-00005	A99990117	16	0.0625	45-Topics-Random-99000011
T18Eval-00005	M99990646	17	0.0588	45-Topics-Random-99000011
T18Eval-00005	M99990918	18	0.0556	45-Topics-Random-99000011
T18Eval-00005	M99990241	19	0.0526	45-Topics-Random-99000011
T18Eval-00005	E99991011	20	0.0500	45-Topics-Random-99000011
T18Eval-00005	E99990712	21	0.0476	45-Topics-Random-99000011
T18Eval-00005	E99990525	22	0.0455	45-Topics-Random-99000011
T18Eval-00005	M99990442	23	0.0435	45-Topics-Random-99000011
T18Eval-00005	K99990992	24	0.0417	45-Topics-Random-99000011
T18Eval-00005	M99990178	25	0.0400	45-Topics-Random-99000011
T18Eval-00005	D99990620	26	0.0385	45-Topics-Random-99000011
T18Eval-00005	B99990015	27	0.0370	45-Topics-Random-99000011
T18Eval-00005	A99990085	28	0.0357	45-Topics-Random-99000011
T18Eval-00005	M99990325	29	0.0345	45-Topics-Random-99000011
T18Eval-00005	M99990399	30	0.0333	45-Topics-Random-99000011
T18Eval-00005	M99990832	31	0.0323	45-Topics-Random-99000011
T18Eval-00005	N23812985	32	0.0312	45-Topics-Random-99000011
T18Eval-00005	M99990889	33	0.0303	45-Topics-Random-99000011
T18Eval-00005	J99990337	34	0.0294	45-Topics-Random-99000011
T18Eval-00005	M99990060	35	0.0286	45-Topics-Random-99000011
T18Eval-00005	N23813131	36	0.0278	45-Topics-Random-99000011
T18Eval-00005	M99990730	37	0.0270	45-Topics-Random-99000011
T18Eval-00005	N23813016	38	0.0263	45-Topics-Random-99000011
T18Eval-00005	N23813009	39	0.0256	45-Topics-Random-99000011
T18Eval-00005	M99990123	40	0.0250	45-Topics-Random-99000011
T18Eval-00005	M99990450	41	0.0244	45-Topics-Random-99000011
T18Eval-00005	N23813046	42	0.0238	45-Topics-Random-99000011
T18Eval-00005	N23812926	43	0.0233	45-Topics-Random-99000011
T18Eval-00005	N23812945	44	0.0227	45-Topics-Random-99000011
T18Eval-00005	N23812883	45	0.0222	45-Topics-Random-99000011
T18Eval-00005	N23812827	46	0.0217	45-Topics-Random-99000011
T18Eval-00005	N23813084	47	0.0213	45-Topics-Random-99000011
T18Eval-00005	M99990558	48	0.0208	45-Topics-Random-99000011
T18Eval-00006	B99990504	1	1.0000	45-Topics-Random-99000011
T18Eval-00006	K99990278	2	0.5000	45-Topics-Random-99000011
T18Eval-00006	E99990947	3	0.3333	45-Topics-Random-99000011
T18Eval-00006	D99990338	4	0.2500	45-Topics-Random-99000011
T18Eval-00006	E99990938	5	0.2000	45-Topics-Random-99000011
T18Eval-00006	M99991004	6	0.1667	45-Topics-Random-99000011
T18Eval-00006	M99990209	7	0.1429	45-Topics-Random-99000011
T18Eval-00006	M99990889	8	0.1250	45-Topics-Random-99000011
T18Eval-00006	E99990525	9	0.1111	45-Topics-Random-99000011
T18Eval-00006	M99990325	10	0.1000	45-Topics-Random-99000011
T18Eval-00006	A99990465	11	0.0909	45-Topics-Random-99000011
T18Eval-00006	A99990037	12	0.0833	45-Topics-Random-99000011
T18Eval-00006	M99990241	13	0.0769	45-Topics-Random-99000011
T18Eval-00006	M99990399	14	0.0714	45-Topics-Random-99000011
T18Eval-00006	E99990877	15	0.0667	45-Topics-Random-99000011
T18Eval-00006	B99990422	16	0.0625	45-Topics-Random-99000011
T18Eval-00006	M99990906	17	0.0588	45-Topics-Random-99000011
T18Eval-00006	N23812926	18	0.0556	45-Topics-Random-99000011
T18Eval-00006	N23812821	19	0.0526	45-Topics-Random-99000011
T18Eval-00006	G99990098	20	0.0500	45-Topics-Random-99000011
T18Eval-00007	F99990309	1	1.0000	45-Topics-Random-99000011
T18Eval-00007	F99990528	2	0.5000	45-Topics-Random-99000011
T18Eval-00007	G99990758	3	0.3333	45-Topics-Random-99000011
T18Eval-00007	N23813014	4	0.2500	45-Topics-Random-99000011
T18Eval-00008	B99990291	1	1.0000	45-Topics-Random-99000011
T18Eval-00008	E99990486	2	0.5000	45-Topics-Random-99000011
T18Eval-00008	M99990112	3	0.3333	45-Topics-Random-99000011
T18Eval-00008	M99990647	4	0.2500	45-Topics-Random-99000011
T18Eval-00008	E99990821	5	0.2000	45-Topics-Random-99000011
T18Eval-00008	A99990465	6	0.1667	45-Topics-Random-99000011
T18Eval-00008	D99990137	7	0.1429	45-Topics-Random-99000011
T18Eval-00008	M99991022	8	0.1250	45-Topics-Random-99000011
T18Eval-00008	B99990706	9	0.1111	45-Topics-Random-99000011
T18Eval-00008	M99990131	10	0.1000	45-Topics-Random-99000011
T18Eval-00008	N23812823	11	0.0909	45-Topics-Random-99000011
T18Eval-00008	E99990203	12	0.0833	45-Topics-Random-99000011
T18Eval-00008	N23812925	13	0.0769	45-Topics-Random-99000011
T18Eval-00008	E99990703	14	0.0714	45-Topics-Random-99000011
T18Eval-00008	E99990844	15	0.0667	45-Topics-Random-99000011
T18Eval-00008	G99990991	16	0.0625	45-Topics-Random-99000011
T18Eval-00008	A99990746	17	0.0588	45-Topics-Random-99000011
T18Eval-00008	M99990490	18	0.0556	45-Topics-Random-99000011
T18Eval-00008	J99990343	19	0.0526	45-Topics-Random-99000011
T18Eval-00008	M99990241	20	0.0500	45-Topics-Random-99000011
T18Eval-00008	B99990421	21	0.0476	45-Topics-Random-99000011
T18Eval-00008	K99990354	22	0.0455	45-Topics-Random-99000011
T18Eval-00008	G99990743	23	0.0435	45-Topics-Random-99000011
T18Eval-00008	M99990906	24	0.0417	45-Topics-Random-99000011
T18Eval-00008	A99990724	25	0.0400	45-Topics-Random-99000011
T18Eval-00008	C99990737	26	0.0385	45-Topics-Random-99000011
T18Eval-00008	M99990517	27	0.0370	45-Topics-Random-99000011
T18Eval-00008	N23812872	28	0.0357	45-Topics-Random-99000011
T18Eval-00008	G99990507	29	0.0345	45-Topics-Random-99000011
T18Eval-00008	J99990514	30	0.0333	45-Topics-Random-99000011
T18Eval-00008	N23813056	31	0.0323	45-Topics-Random-99000011
T18Eval-00008	M99990227	32	0.0312	45-Topics-Random-99000011
T18Eval-00008	B99990668	33	0.0303	45-Topics-Random-99000011
T18Eval-00008	M99990837	34	0.0294	45-Topics-Random-99000011
T18Eval-00008	M99990499	35	0.0286	45-Topics-Random-99000011
T18Eval-00008	A99990836	36	0.0278	45-Topics-Random-99000011
T18Eval-00008	M99990325	37	0.0270	45-Topics-Random-99000011
T18Eval-00008	N23812830	38	0.0263	45-Topics-Random-99000011
T18Eval-00008	N23812877	39	0.0256	45-Topics-Random-99000011
T18Eval-00008	N23812936	40	0.0250	45-Topics-Random-99000011
T18Eval-00008	N23813038	41	0.0244	45-Topics-Random-99000011
T18Eval-00008	F99990309	42	0.0238	45-Topics-Random-99000011
T18Eval-00008	N23813072	43	0.0233	45-Topics-Random-99000011
T18Eval-00008	E99990969	44	0.0227	45-Topics-Random-99000011
T18Eval-00008	N23813104	45	0.0222	45-Topics-Random-99000011
T18Eval-00008	N23812919	46	0.0217	45-Topics-Random-99000011
T18Eval-00008	A99990003	47	0.0213	45-Topics-Random-99000011
T18Eval-00008	A99990290	48	0.0208	45-Topics-Random-99000011
T18Eval-00008	A99990653	49	0.0204	45-Topics-Random-99000011
T18Eval-00008	F99990064	50	0.0200	45-Topics-Random-99000011
T18Eval-00008	M99990107	51	0.0196	45-Topics-Random-99000011
T18Eval-00008	B99990491	52	0.0192	45-Topics-Random-99000011
T18Eval-00008	M99990867	53	0.0189	45-Topics-Random-99000011
T18Eval-00008	G99990510	54	0.0185	45-Topics-Random-99000011
T18Eval-00008	B99990809	55	0.0182	45-Topics-Random-99000011
T18Eval-00008	G99990410	56	0.0179	45-Topics-Random-99000011
T18Eval-00008	N23812934	57	0.0175	45-Topics-Random-99000011
T18Eval-00008	A99990014	58	0.0172	45-Topics-Random-99000011
T18Eval-00008	B99990665	59	0.0169	45-Topics-Random-99000011
T18Eval-00008	N23812856	60	0.0167	45-Topics-Random-99000011
T18Eval-00008	H99990807	61	0.0164	45-Topics-Random-99000011
T18Eval-00008	N23813015	62	0.0161	45-Topics-Random-99000011
T18Eval-00008	A99990884	63	0.0159	45-Topics-Random-99000011
T18Eval-00008	E99990677	64	0.0156	45-Topics-Random-99000011
T18Eval-00008	D99990338	65	0.0154	45-Topics-Random-99000011
T18Eval-00008	B99990727	66	0.0152	45-Topics-Random-99000011
T18Eval-00008	G99990982	67	0.0149	45-Topics-Random-99000011
T18Eval-00008	A99990803	68	0.0147	45-Topics-Random-99000011
T18Eval-00008	B99990223	69	0.0145	45-Topics-Random-99000011
T18Eval-00008	A99990753	70	0.0143	45-Topics-Random-99000011
T18Eval-00008	G99990666	71	0.0141	45-Topics-Random-99000011
T18Eval-00008	N23812982	72	0.0139	45-Topics-Random-99000011
T18Eval-00008	N23812993	73	0.0137	45-Topics-Random-99000011
T18Eval-00008	N23812974	74	0.0135	45-Topics-Random-99000011
T18Eval-00008	G99990964	75	0.0133	45-Topics-Random-99000011
T18Eval-00008	G99990322	76	0.0132	45-Topics-Random-99000011
T18Eval-00008	J99990562	77	0.0130	45-Topics-Random-99000011
T18Eval-00008	G99990890	78	0.0128	45-Topics-Random-99000011
T18Eval-00008	G99990089	79	0.0127	45-Topics-Random-99000011
T18Eval-00008	G99990266	80	0.0125	45-Topics-Random-99000011
T18Eval-00008	G99990391	81	0.0123	45-Topics-Random-99000011
T18Eval-00008	J99990705	82	0.0122	45-Topics-Random-99000011
T18Eval-00008	N23812960	83	0.0120	45-Topics-Random-99000011
T18Eval-00008	M99990066	84	0.0119	45-Topics-Random-99000011
T18Eval-00008	B99990422	85	0.0118	45-Topics-Random-99000011
T18Eval-00008	A99990650	86	0.0116	45-Topics-Random-99000011
T18Eval-00008	N23812950	87	0.0115	45-Topics-Random-99000011
T18Eval-00008	G99990940	88	0.0114	45-Topics-Random-99000011
T18Eval-00008	A99991016	89	0.0112	45-Topics-Random-99000011
T18Eval-00008	N23812884	90	0.0111	45-Topics-Random-99000011
T18Eval-00008	G99990758	91	0.0110	45-Topics-Random-99000011
T18Eval-00008	G99990815	92	0.0109	45-Topics-Random-99000011
T18Eval-00008	G99990170	93	0.0108	45-Topics-Random-99000011
T18Eval-00008	K99990324	94	0.0106	45-Topics-Random-99000011
T18Eval-00008	N23812931	95	0.0105	45-Topics-Random-99000011
T18Eval-00008	A99990574	96	0.0104	45-Topics-Random-99000011
T18Eval-00008	N23813009	97	0.0103	45-Topics-Random-99000011
T18Eval-00008	N23812858	98	0.0102	45-Topics-Random-99000011
T18Eval-00008	D99990620	99	0.0101	45-Topics-Random-99000011
T18Eval-00008	N23812844	100	0.0100	45-Topics-Random-99000011
T18Eval-00008	N23812824	101	0.0099	45-Topics-Random-99000011
T18Eval-00008	G99990372	102	0.0098	45-Topics-Random-99000011
T18Eval-00008	J99990120	103	0.0097	45-Topics-Random-99000011
T18Eval-00008	G99990861	104	0.0096	45-Topics-Random-99000011
T18Eval-00008	B99990853	105	0.0095	45-Topics-Random-99000011
T18Eval-00008	M99990715	106	0.0094	45-Topics-Random-99000011
T18Eval-00008	N23812861	107	0.0093	45-Topics-Random-99000011
T18Eval-00008	A99990455	108	0.0093	45-Topics-Random-99000011
T18Eval-00008	G99990550	109	0.0092	45-Topics-Random-99000011
T18Eval-00008	G99990644	110	0.0091	45-Topics-Random-99000011
T18Eval-00008	H99990759	111	0.0090	45-Topics-Random-99000011
T18Eval-00008	B99990976	112	0.0089	45-Topics-Random-99000011
T18Eval-00008	L99990317	113	0.0088	45-Topics-Random-99000011
T18Eval-00009	N23812924	1	1.0000	45-Topics-Random-99000011
T18Eval-00009	E99990203	2	0.5000	45-Topics-Random-99000011
T18Eval-00010	A99990037	1	1.0000	45-Topics-Random-99000011
T18Eval-00010	M99990497	2	0.5000	45-Topics-Random-99000011
T18Eval-00010	B99990934	3	0.3333	45-Topics-Random-99000011
T18Eval-00010	N23812997	4	0.2500	45-Topics-Random-99000011
T18Eval-00010	N23813088	5	0.2000	45-Topics-Random-99000011
T18Eval-00010	E99990877	6	0.1667	45-Topics-Random-99000011
T18Eval-00010	M99990021	7	0.1429	45-Topics-Random-99000011
T18Eval-00010	E99990904	8	0.1250	45-Topics-Random-99000011
T18Eval-00010	M99990541	9	0.1111	45-Topics-Random-99000011
T18Eval-00010	M99990499	10	0.1000	45-Topics-Random-99000011
T18Eval-00010	E99990947	11	0.0909	45-Topics-Random-99000011
T18Eval-00010	E99990857	12	0.0833	45-Topics-Random-99000011
T18Eval-00010	B99990504	13	0.0769	45-Topics-Random-99000011
T18Eval-00010	B99990853	14	0.0714	45-Topics-Random-99000011
T18Eval-00010	B99990416	15	0.0667	45-Topics-Random-99000011
T18Eval-00010	A99990117	16	0.0625	45-Topics-Random-99000011
T18Eval-00010	M99990646	17	0.0588	45-Topics-Random-99000011
T18Eval-00010	M99990918	18	0.0556	45-Topics-Random-99000011
T18Eval-00010	M99990241	19	0.0526	45-Topics-Random-99000011
T18Eval-00010	E99991011	20	0.0500	45-Topics-Random-99000011
T18Eval-00010	E99990712	21	0.0476	45-Topics-Random-99000011
T18Eval-00010	E99990525	22	0.0455	45-Topics-Random-99000011
T18Eval-00010	M99990442	23	0.0435	45-Topics-Random-99000011
T18Eval-00010	K99990992	24	0.0417	45-Topics-Random-99000011
T18Eval-00010	M99990178	25	0.0400	45-Topics-Random-99000011
T18Eval-00010	D99990620	26	0.0385	45-Topics-Random-99000011
T18Eval-00010	B99990015	27	0.0370	45-Topics-Random-99000011
T18Eval-00010	A99990085	28	0.0357	45-Topics-Random-99000011
T18Eval-00010	M99990325	29	0.0345	45-Topics-Random-99000011
T18Eval-00010	M99990399	30	0.0333	45-Topics-Random-99000011
T18Eval-00010	M99990832	31	0.0323	45-Topics-Random-99000011
T18Eval-00010	N23812985	32	0.0312	45-Topics-Random-99000011
T18Eval-00010	M99990889	33	0.0303	45-Topics-Random-99000011
T18Eval-00010	J99990337	34	0.0294	45-Topics-Random-99000011
T18Eval-00010	M99990060	35	0.0286	45-Topics-Random-99000011
T18Eval-00010	N23813131	36	0.0278	45-Topics-Random-99000011
T18Eval-00010	M99990730	37	0.0270	45-Topics-Random-99000011
T18Eval-00010	N23813016	38	0.0263	45-Topics-Random-99000011
T18Eval-00010	N23813009	39	0.0256	45-Topics-Random-99000011
T18Eval-00010	M99990123	40	0.0250	45-Topics-Random-99000011
T18Eval-00010	M99990450	41	0.0244	45-Topics-Random-99000011
T18Eval-00010	N23813046	42	0.0238	45-Topics-Random-99000011
T18Eval-00010	N23812926	43	0.0233	45-Topics-Random-99000011
T18Eval-00010	N23812945	44	0.0227	45-Topics-Random-99000011
T18Eval-00010	N23812883	45	0.0222	45-Topics-Random-99000011
T18Eval-00010	N23812827	46	0.0217	45-Topics-Random-99000011
T18Eval-00010	N23813084	47	0.0213	45-Topics-Random-99000011
T18Eval-00010	M99990558	48	0.0208	45-Topics-Random-99000011
T18Eval-00011	M99991022	1	1.0000	45-Topics-Random-99000011
T18Eval-00011	N23812922	2	0.5000	45-Topics-Random-99000011
T18Eval-00011	N23813051	3	0.3333	45-Topics-Random-99000011
T18Eval-00011	A99990353	4	0.2500	45-Topics-Random-99000011
T18Eval-00011	N23813072	5	0.2000	45-Topics-Random-99000011
T18Eval-00011	N23812906	6	0.1667	45-Topics-Random-99000011
T18Eval-00011	G99990940	7	0.1429	45-Topics-Random-99000011
T18Eval-00011	N23813056	8	0.1250	45-Topics-Random-99000011
T18Eval-00011	N23813103	9	0.1111	45-Topics-Random-99000011
T18Eval-00011	N23812974	10	0.1000	45-Topics-Random-99000011
T18Eval-00011	N23812975	11	0.0909	45-Topics-Random-99000011
T18Eval-00011	N23812973	12	0.0833	45-Topics-Random-99000011
T18Eval-00011	N23813055	13	0.0769	45-Topics-Random-99000011
T18Eval-00011	N23813057	14	0.0714	45-Topics-Random-99000011
T18Eval-00011	N23813018	15	0.0667	45-Topics-Random-99000011
T18Eval-00011	N23812950	16	0.0625	45-Topics-Random-99000011
T18Eval-00011	N23813014	17	0.0588	45-Topics-Random-99000011
T18Eval-00011	A99990014	18	0.0556	45-Topics-Random-99000011
T18Eval-00011	N23812876	19	0.0526	45-Topics-Random-99000011
T18Eval-00011	N23812939	20	0.0500	45-Topics-Random-99000011
T18Eval-00011	N23812858	21	0.0476	45-Topics-Random-99000011
T18Eval-00011	A99990484	22	0.0455	45-Topics-Random-99000011
T18Eval-00011	N23812907	23	0.0435	45-Topics-Random-99000011
T18Eval-00011	N23812822	24	0.0417	45-Topics-Random-99000011
T18Eval-00011	N23812878	25	0.0400	45-Topics-Random-99000011
T18Eval-00011	N23812820	26	0.0385	45-Topics-Random-99000011
T18Eval-00011	M99990664	27	0.0370	45-Topics-Random-99000011
T18Eval-00011	M99990142	28	0.0357	45-Topics-Random-99000011
T18Eval-00011	N23812884	29	0.0345	45-Topics-Random-99000011
T18Eval-00011	K99990354	30	0.0333	45-Topics-Random-99000011
T18Eval-00011	M99990506	31	0.0323	45-Topics-Random-99000011
T18Eval-00011	N23812886	32	0.0312	45-Topics-Random-99000011
T18Eval-00011	N23813074	33	0.0303	45-Topics-Random-99000011
T18Eval-00011	N23812997	34	0.0294	45-Topics-Random-99000011
T18Eval-00011	H99990759	35	0.0286	45-Topics-Random-99000011
T18Eval-00011	N23812900	36	0.0278	45-Topics-Random-99000011
T18Eval-00011	N23812856	37	0.0270	45-Topics-Random-99000011
T18Eval-00011	L99990866	38	0.0263	45-Topics-Random-99000011
T18Eval-00011	N23812871	39	0.0256	45-Topics-Random-99000011
T18Eval-00011	N23813100	40	0.0250	45-Topics-Random-99000011
T18Eval-00011	N23812904	41	0.0244	45-Topics-Random-99000011
T18Eval-00011	A99990574	42	0.0238	45-Topics-Random-99000011
T18Eval-00011	D99990698	43	0.0233	45-Topics-Random-99000011
T18Eval-00011	K99990324	44	0.0227	45-Topics-Random-99000011
T18Eval-00011	E99990677	45	0.0222	45-Topics-Random-99000011
T18Eval-00011	L99990459	46	0.0217	45-Topics-Random-99000011
T18Eval-00011	M99990811	47	0.0213	45-Topics-Random-99000011
T18Eval-00011	N23812863	48	0.0208	45-Topics-Random-99000011
T18Eval-00011	N23812870	49	0.0204	45-Topics-Random-99000011
T18Eval-00011	E99990639	50	0.0200	45-Topics-Random-99000011
T18Eval-00011	E99990599	51	0.0196	45-Topics-Random-99000011
T18Eval-00011	A99990085	52	0.0192	45-Topics-Random-99000011
T18Eval-00011	N23812918	53	0.0189	45-Topics-Random-99000011
T18Eval-00011	G99990666	54	0.0185	45-Topics-Random-99000011
T18Eval-00011	M99990990	55	0.0182	45-Topics-Random-99000011
T18Eval-00011	N23812967	56	0.0179	45-Topics-Random-99000011
T18Eval-00011	N23812838	57	0.0175	45-Topics-Random-99000011
T18Eval-00011	M99990517	58	0.0172	45-Topics-Random-99000011
T18Eval-00011	D99990466	59	0.0169	45-Topics-Random-99000011
T18Eval-00011	B99990421	60	0.0167	45-Topics-Random-99000011
T18Eval-00011	B99990504	61	0.0164	45-Topics-Random-99000011
T18Eval-00011	N23813073	62	0.0161	45-Topics-Random-99000011
T18Eval-00011	N23813028	63	0.0159	45-Topics-Random-99000011
T18Eval-00011	D99990251	64	0.0156	45-Topics-Random-99000011
T18Eval-00011	N23812821	65	0.0154	45-Topics-Random-99000011
T18Eval-00011	N23813012	66	0.0152	45-Topics-Random-99000011
T18Eval-00011	E99990175	67	0.0149	45-Topics-Random-99000011
T18Eval-00011	N23813087	68	0.0147	45-Topics-Random-99000011
T18Eval-00011	D99990914	69	0.0145	45-Topics-Random-99000011
T18Eval-00011	N23812902	70	0.0143	45-Topics-Random-99000011
T18Eval-00011	N23812970	71	0.0141	45-Topics-Random-99000011
T18Eval-00011	N23813049	72	0.0139	45-Topics-Random-99000011
T18Eval-00011	N23812826	73	0.0137	45-Topics-Random-99000011
T18Eval-00011	F99990596	74	0.0135	45-Topics-Random-99000011
T18Eval-00011	N23812983	75	0.0133	45-Topics-Random-99000011
T18Eval-00011	N23813026	76	0.0132	45-Topics-Random-99000011
T18Eval-00011	N23812921	77	0.0130	45-Topics-Random-99000011
T18Eval-00011	N23812901	78	0.0128	45-Topics-Random-99000011
T18Eval-00011	N23813050	79	0.0127	45-Topics-Random-99000011
T18Eval-00011	F99990394	80	0.0125	45-Topics-Random-99000011
T18Eval-00011	A99990455	81	0.0123	45-Topics-Random-99000011
T18Eval-00011	N23812893	82	0.0122	45-Topics-Random-99000011
T18Eval-00011	N23812920	83	0.0120	45-Topics-Random-99000011
T18Eval-00011	N23813022	84	0.0119	45-Topics-Random-99000011
T18Eval-00011	N23813104	85	0.0118	45-Topics-Random-99000011
T18Eval-00011	E99990969	86	0.0116	45-Topics-Random-99000011
T18Eval-00011	N23812969	87	0.0115	45-Topics-Random-99000011
T18Eval-00011	N23813006	88	0.0114	45-Topics-Random-99000011
T18Eval-00011	B99990910	89	0.0112	45-Topics-Random-99000011
T18Eval-00011	N23812972	90	0.0111	45-Topics-Random-99000011
T18Eval-00011	N23813102	91	0.0110	45-Topics-Random-99000011
T18Eval-00011	N23812971	92	0.0109	45-Topics-Random-99000011
T18Eval-00011	N23813054	93	0.0108	45-Topics-Random-99000011
T18Eval-00011	N23813052	94	0.0106	45-Topics-Random-99000011
T18Eval-00011	A99990746	95	0.0105	45-Topics-Random-99000011
T18Eval-00011	E99990732	96	0.0104	45-Topics-Random-99000011
T18Eval-00011	J99990860	97	0.0103	45-Topics-Random-99000011
T18Eval-00011	M99990490	98	0.0102	45-Topics-Random-99000011
T18Eval-00011	E99990361	99	0.0101	45-Topics-Random-99000011
T18Eval-00011	E99990821	100	0.0100	45-Topics-Random-99000011
T18Eval-00011	B99990667	101	0.0099	45-Topics-Random-99000011
T18Eval-00011	N23813114	102	0.0098	45-Topics-Random-99000011
T18Eval-00011	N23813063	103	0.0097	45-Topics-Random-99000011
T18Eval-00011	N23812957	104	0.0096	45-Topics-Random-99000011
T18Eval-00011	B99990422	105	0.0095	45-Topics-Random-99000011
T18Eval-00011	D99990137	106	0.0094	45-Topics-Random-99000011
T18Eval-00011	M99990131	107	0.0093	45-Topics-Random-99000011
T18Eval-00011	N23813115	108	0.0093	45-Topics-Random-99000011
T18Eval-00011	B99990900	109	0.0092	45-Topics-Random-99000011
T18Eval-00011	N23812879	110	0.0091	45-Topics-Random-99000011
T18Eval-00011	M99990586	111	0.0090	45-Topics-Random-99000011
T18Eval-00011	M99990450	112	0.0089	45-Topics-Random-99000011
T18Eval-00011	B99990083	113	0.0088	45-Topics-Random-99000011
T18Eval-00011	M99990127	114	0.0088	45-Topics-Random-99000011
T18Eval-00011	F99990220	115	0.0087	45-Topics-Random-99000011
T18Eval-00011	M99990157	116	0.0086	45-Topics-Random-99000011
T18Eval-00011	M99990988	117	0.0085	45-Topics-Random-99000011
T18Eval-00012	N23813131	1	1.0000	45-Topics-Random-99000011
T18Eval-00012	M99990021	2	0.5000	45-Topics-Random-99000011
T18Eval-00012	B99990934	3	0.3333	45-Topics-Random-99000011
T18Eval-00012	N23813127	4	0.2500	45-Topics-Random-99000011
T18Eval-00012	N23813129	5	0.2000	45-Topics-Random-99000011
T18Eval-00012	N23813114	6	0.1667	45-Topics-Random-99000011
T18Eval-00012	N23813130	7	0.1429	45-Topics-Random-99000011
T18Eval-00012	E99990712	8	0.1250	45-Topics-Random-99000011
T18Eval-00012	N23813115	9	0.1111	45-Topics-Random-99000011
T18Eval-00012	C99990488	10	0.1000	45-Topics-Random-99000011
T18Eval-00012	A99990096	11	0.0909	45-Topics-Random-99000011
T18Eval-00012	N23813126	12	0.0833	45-Topics-Random-99000011
T18Eval-00012	M99990981	13	0.0769	45-Topics-Random-99000011
T18Eval-00012	N23812918	14	0.0714	45-Topics-Random-99000011
T18Eval-00012	N23812985	15	0.0667	45-Topics-Random-99000011
T18Eval-00013	H99991007	1	1.0000	45-Topics-Random-99000011
T18Eval-00013	M99991004	2	0.5000	45-Topics-Random-99000011
T18Eval-00013	A99990574	3	0.3333	45-Topics-Random-99000011
T18Eval-00013	J99990389	4	0.2500	45-Topics-Random-99000011
T18Eval-00013	G99990098	5	0.2000	45-Topics-Random-99000011
T18Eval-00013	M99990515	6	0.1667	45-Topics-Random-99000011
T18Eval-00013	G99990507	7	0.1429	45-Topics-Random-99000011
T18Eval-00013	G99990266	8	0.1250	45-Topics-Random-99000011
T18Eval-00013	A99990274	9	0.1111	45-Topics-Random-99000011
T18Eval-00013	E99990901	10	0.1000	45-Topics-Random-99000011
T18Eval-00013	N23813072	11	0.0909	45-Topics-Random-99000011
T18Eval-00013	E99990593	12	0.0833	45-Topics-Random-99000011
T18Eval-00013	G99990743	13	0.0769	45-Topics-Random-99000011
T18Eval-00013	A99990014	14	0.0714	45-Topics-Random-99000011
T18Eval-00013	H99990807	15	0.0667	45-Topics-Random-99000011
T18Eval-00013	B99990668	16	0.0625	45-Topics-Random-99000011
T18Eval-00013	G99990184	17	0.0588	45-Topics-Random-99000011
T18Eval-00013	K99990324	18	0.0556	45-Topics-Random-99000011
T18Eval-00013	M99990837	19	0.0526	45-Topics-Random-99000011
T18Eval-00013	A99990884	20	0.0500	45-Topics-Random-99000011
T18Eval-00013	N23813006	21	0.0476	45-Topics-Random-99000011
T18Eval-00013	L99990459	22	0.0455	45-Topics-Random-99000011
T18Eval-00013	G99990890	23	0.0435	45-Topics-Random-99000011
T18Eval-00013	G99990322	24	0.0417	45-Topics-Random-99000011
T18Eval-00013	M99990131	25	0.0400	45-Topics-Random-99000011
T18Eval-00013	M99990142	26	0.0385	45-Topics-Random-99000011
T18Eval-00013	N23813070	27	0.0370	45-Topics-Random-99000011
T18Eval-00013	G99990758	28	0.0357	45-Topics-Random-99000011
T18Eval-00013	F99990309	29	0.0345	45-Topics-Random-99000011
T18Eval-00013	H99990759	30	0.0333	45-Topics-Random-99000011
T18Eval-00013	M99991022	31	0.0323	45-Topics-Random-99000011
T18Eval-00013	E99990244	32	0.0312	45-Topics-Random-99000011
T18Eval-00013	E99990813	33	0.0303	45-Topics-Random-99000011
T18Eval-00013	G99990372	34	0.0294	45-Topics-Random-99000011
T18Eval-00013	B99990291	35	0.0286	45-Topics-Random-99000011
T18Eval-00013	N23813077	36	0.0278	45-Topics-Random-99000011
T18Eval-00013	M99990490	37	0.0270	45-Topics-Random-99000011
T18Eval-00013	N23813129	38	0.0263	45-Topics-Random-99000011
T18Eval-00013	N23812997	39	0.0256	45-Topics-Random-99000011
T18Eval-00013	M99990889	40	0.0250	45-Topics-Random-99000011
T18Eval-00013	E99990877	41	0.0244	45-Topics-Random-99000011
T18Eval-00013	G99990982	42	0.0238	45-Topics-Random-99000011
T18Eval-00013	G99990081	43	0.0233	45-Topics-Random-99000011
T18Eval-00013	N23813062	44	0.0227	45-Topics-Random-99000011
T18Eval-00013	M99990990	45	0.0222	45-Topics-Random-99000011
T18Eval-00013	M99990497	46	0.0217	45-Topics-Random-99000011
T18Eval-00013	N23812866	47	0.0213	45-Topics-Random-99000011
T18Eval-00013	N23812819	48	0.0208	45-Topics-Random-99000011
T18Eval-00013	J99990675	49	0.0204	45-Topics-Random-99000011
T18Eval-00013	E99990250	50	0.0200	45-Topics-Random-99000011
T18Eval-00013	N23812952	51	0.0196	45-Topics-Random-99000011
T18Eval-00013	G99990493	52	0.0192	45-Topics-Random-99000011
T18Eval-00013	M99990002	53	0.0189	45-Topics-Random-99000011
T18Eval-00013	N23813063	54	0.0185	45-Topics-Random-99000011
T18Eval-00013	M99990506	55	0.0182	45-Topics-Random-99000011
T18Eval-00013	N23812991	56	0.0179	45-Topics-Random-99000011
T18Eval-00013	N23813126	57	0.0175	45-Topics-Random-99000011
T18Eval-00013	E99990486	58	0.0172	45-Topics-Random-99000011
T18Eval-00013	A99990548	59	0.0169	45-Topics-Random-99000011
T18Eval-00013	M99990080	60	0.0167	45-Topics-Random-99000011
T18Eval-00013	N23812838	61	0.0164	45-Topics-Random-99000011
T18Eval-00013	A99990037	62	0.0161	45-Topics-Random-99000011
T18Eval-00013	N23813069	63	0.0159	45-Topics-Random-99000011
T18Eval-00013	M99990327	64	0.0156	45-Topics-Random-99000011
T18Eval-00013	N23812924	65	0.0154	45-Topics-Random-99000011
T18Eval-00013	M99990554	66	0.0152	45-Topics-Random-99000011
T18Eval-00013	N23813061	67	0.0149	45-Topics-Random-99000011
T18Eval-00013	M99990895	68	0.0147	45-Topics-Random-99000011
T18Eval-00013	M99990499	69	0.0145	45-Topics-Random-99000011
T18Eval-00013	M99990399	70	0.0143	45-Topics-Random-99000011
T18Eval-00013	N23812982	71	0.0141	45-Topics-Random-99000011
T18Eval-00013	M99990305	72	0.0139	45-Topics-Random-99000011
T18Eval-00013	G99990387	73	0.0137	45-Topics-Random-99000011
T18Eval-00013	E99990589	74	0.0135	45-Topics-Random-99000011
T18Eval-00013	N23812979	75	0.0133	45-Topics-Random-99000011
T18Eval-00013	N23812870	76	0.0132	45-Topics-Random-99000011
T18Eval-00013	N23812920	77	0.0130	45-Topics-Random-99000011
T18Eval-00013	N23812863	78	0.0128	45-Topics-Random-99000011
T18Eval-00013	N23813127	79	0.0127	45-Topics-Random-99000011
T18Eval-00013	A99990455	80	0.0125	45-Topics-Random-99000011
T18Eval-00013	N23813114	81	0.0123	45-Topics-Random-99000011
T18Eval-00013	M99991000	82	0.0122	45-Topics-Random-99000011
T18Eval-00013	J99990120	83	0.0120	45-Topics-Random-99000011
T18Eval-00013	H99990183	84	0.0119	45-Topics-Random-99000011
T18Eval-00013	N23813104	85	0.0118	45-Topics-Random-99000011
T18Eval-00013	D99991024	86	0.0116	45-Topics-Random-99000011
T18Eval-00013	M99990906	87	0.0115	45-Topics-Random-99000011
T18Eval-00013	N23813084	88	0.0114	45-Topics-Random-99000011
T18Eval-00013	A99990465	89	0.0112	45-Topics-Random-99000011
T18Eval-00013	N23813073	90	0.0111	45-Topics-Random-99000011
T18Eval-00013	N23813071	91	0.0110	45-Topics-Random-99000011
T18Eval-00013	N23813016	92	0.0109	45-Topics-Random-99000011
T18Eval-00013	G99990751	93	0.0108	45-Topics-Random-99000011
T18Eval-00013	N23813075	94	0.0106	45-Topics-Random-99000011
T18Eval-00013	N23812921	95	0.0105	45-Topics-Random-99000011
T18Eval-00013	N23812901	96	0.0104	45-Topics-Random-99000011
T18Eval-00013	J99990293	97	0.0103	45-Topics-Random-99000011
T18Eval-00013	N23813131	98	0.0102	45-Topics-Random-99000011
T18Eval-00013	L99991014	99	0.0101	45-Topics-Random-99000011
T18Eval-00013	N23813018	100	0.0100	45-Topics-Random-99000011
T18Eval-00013	M99990165	101	0.0099	45-Topics-Random-99000011
T18Eval-00013	E99990669	102	0.0098	45-Topics-Random-99000011
T18Eval-00013	N23812993	103	0.0097	45-Topics-Random-99000011
T18Eval-00013	M99990286	104	0.0096	45-Topics-Random-99000011
T18Eval-00013	M99990212	105	0.0095	45-Topics-Random-99000011
T18Eval-00013	J99990343	106	0.0094	45-Topics-Random-99000011
T18Eval-00013	A99990003	107	0.0093	45-Topics-Random-99000011
T18Eval-00013	N23812871	108	0.0093	45-Topics-Random-99000011
T18Eval-00013	M99990867	109	0.0092	45-Topics-Random-99000011
T18Eval-00013	N23812955	110	0.0091	45-Topics-Random-99000011
T18Eval-00013	N23812951	111	0.0090	45-Topics-Random-99000011
T18Eval-00013	M99990637	112	0.0089	45-Topics-Random-99000011
T18Eval-00013	N23812994	113	0.0088	45-Topics-Random-99000011
T18Eval-00013	N23812970	114	0.0088	45-Topics-Random-99000011
T18Eval-00013	N23812828	115	0.0087	45-Topics-Random-99000011
T18Eval-00013	A99990290	116	0.0086	45-Topics-Random-99000011
T18Eval-00013	M99990307	117	0.0085	45-Topics-Random-99000011
T18Eval-00013	N23812932	118	0.0085	45-Topics-Random-99000011
T18Eval-00013	N23812869	119	0.0084	45-Topics-Random-99000011
T18Eval-00013	A99990653	120	0.0083	45-Topics-Random-99000011
T18Eval-00013	N23812934	121	0.0083	45-Topics-Random-99000011
T18Eval-00013	F99990064	122	0.0082	45-Topics-Random-99000011
T18Eval-00013	B99990491	123	0.0081	45-Topics-Random-99000011
T18Eval-00013	N23813011	124	0.0081	45-Topics-Random-99000011
T18Eval-00013	G99990510	125	0.0080	45-Topics-Random-99000011
T18Eval-00013	N23812984	126	0.0079	45-Topics-Random-99000011
T18Eval-00013	J99990705	127	0.0079	45-Topics-Random-99000011
T18Eval-00013	B99990809	128	0.0078	45-Topics-Random-99000011
T18Eval-00013	E99990268	129	0.0078	45-Topics-Random-99000011
T18Eval-00013	N23812874	130	0.0077	45-Topics-Random-99000011
T18Eval-00013	N23813091	131	0.0076	45-Topics-Random-99000011
T18Eval-00013	N23812919	132	0.0076	45-Topics-Random-99000011
T18Eval-00013	G99990410	133	0.0075	45-Topics-Random-99000011
T18Eval-00013	A99990724	134	0.0075	45-Topics-Random-99000011
T18Eval-00013	N23813130	135	0.0074	45-Topics-Random-99000011
T18Eval-00013	N23812989	136	0.0074	45-Topics-Random-99000011
T18Eval-00013	N23812981	137	0.0073	45-Topics-Random-99000011
T18Eval-00013	N23812917	138	0.0072	45-Topics-Random-99000011
T18Eval-00013	B99990665	139	0.0072	45-Topics-Random-99000011
T18Eval-00013	N23813124	140	0.0071	45-Topics-Random-99000011
T18Eval-00013	N23812843	141	0.0071	45-Topics-Random-99000011
T18Eval-00013	M99990553	142	0.0070	45-Topics-Random-99000011
T18Eval-00013	M99990031	143	0.0070	45-Topics-Random-99000011
T18Eval-00013	M99990132	144	0.0069	45-Topics-Random-99000011
T18Eval-00013	L99990950	145	0.0069	45-Topics-Random-99000011
T18Eval-00013	M99990664	146	0.0068	45-Topics-Random-99000011
T18Eval-00013	N23813117	147	0.0068	45-Topics-Random-99000011
T18Eval-00013	B99990852	148	0.0068	45-Topics-Random-99000011
T18Eval-00013	N23812906	149	0.0067	45-Topics-Random-99000011
T18Eval-00013	N23813058	150	0.0067	45-Topics-Random-99000011
T18Eval-00013	N23813056	151	0.0066	45-Topics-Random-99000011
T18Eval-00013	B99990727	152	0.0066	45-Topics-Random-99000011
T18Eval-00013	D99990338	153	0.0065	45-Topics-Random-99000011
T18Eval-00013	N23813012	154	0.0065	45-Topics-Random-99000011
T18Eval-00013	M99990832	155	0.0065	45-Topics-Random-99000011
T18Eval-00013	B99990910	156	0.0064	45-Topics-Random-99000011
T18Eval-00013	A99990803	157	0.0064	45-Topics-Random-99000011
T18Eval-00013	E99990361	158	0.0063	45-Topics-Random-99000011
T18Eval-00013	A99990753	159	0.0063	45-Topics-Random-99000011
T18Eval-00013	G99990666	160	0.0063	45-Topics-Random-99000011
T18Eval-00013	F99990130	161	0.0062	45-Topics-Random-99000011
T18Eval-00013	G99990634	162	0.0062	45-Topics-Random-99000011
T18Eval-00013	G99990964	163	0.0061	45-Topics-Random-99000011
T18Eval-00013	M99990261	164	0.0061	45-Topics-Random-99000011
T18Eval-00013	F99990028	165	0.0061	45-Topics-Random-99000011
T18Eval-00013	J99990562	166	0.0060	45-Topics-Random-99000011
T18Eval-00013	G99990089	167	0.0060	45-Topics-Random-99000011
T18Eval-00013	G99990391	168	0.0060	45-Topics-Random-99000011
T18Eval-00013	B99990944	169	0.0059	45-Topics-Random-99000011
T18Eval-00013	B99990422	170	0.0059	45-Topics-Random-99000011
T18Eval-00013	A99990650	171	0.0058	45-Topics-Random-99000011
T18Eval-00013	E99990603	172	0.0058	45-Topics-Random-99000011
T18Eval-00013	G99990940	173	0.0058	45-Topics-Random-99000011
T18Eval-00013	A99991016	174	0.0057	45-Topics-Random-99000011
T18Eval-00013	J99990514	175	0.0057	45-Topics-Random-99000011
T18Eval-00013	M99990157	176	0.0057	45-Topics-Random-99000011
T18Eval-00013	G99990815	177	0.0056	45-Topics-Random-99000011
T18Eval-00013	G99990170	178	0.0056	45-Topics-Random-99000011
T18Eval-00013	E99990102	179	0.0056	45-Topics-Random-99000011
T18Eval-00013	B99990015	180	0.0056	45-Topics-Random-99000011
T18Eval-00013	N23813009	181	0.0055	45-Topics-Random-99000011
T18Eval-00013	N23812878	182	0.0055	45-Topics-Random-99000011
T18Eval-00013	H99990071	183	0.0055	45-Topics-Random-99000011
T18Eval-00013	N23813102	184	0.0054	45-Topics-Random-99000011
T18Eval-00013	C99990505	185	0.0054	45-Topics-Random-99000011
T18Eval-00013	N23812933	186	0.0054	45-Topics-Random-99000011
T18Eval-00013	B99990711	187	0.0053	45-Topics-Random-99000011
T18Eval-00013	L99990866	188	0.0053	45-Topics-Random-99000011
T18Eval-00013	M99990450	189	0.0053	45-Topics-Random-99000011
T18Eval-00013	N23812983	190	0.0053	45-Topics-Random-99000011
T18Eval-00013	G99990861	191	0.0052	45-Topics-Random-99000011
T18Eval-00013	N23812907	192	0.0052	45-Topics-Random-99000011
T18Eval-00013	B99990853	193	0.0052	45-Topics-Random-99000011
T18Eval-00013	G99990991	194	0.0052	45-Topics-Random-99000011
T18Eval-00013	A99990746	195	0.0051	45-Topics-Random-99000011
T18Eval-00013	N23812881	196	0.0051	45-Topics-Random-99000011
T18Eval-00013	G99990551	197	0.0051	45-Topics-Random-99000011
T18Eval-00013	E99991011	198	0.0051	45-Topics-Random-99000011
T18Eval-00013	N23812949	199	0.0050	45-Topics-Random-99000011
T18Eval-00013	N23812900	200	0.0050	45-Topics-Random-99000011
T18Eval-00013	M99990647	201	0.0050	45-Topics-Random-99000011
T18Eval-00013	B99990856	202	0.0050	45-Topics-Random-99000011
T18Eval-00013	M99990241	203	0.0049	45-Topics-Random-99000011
T18Eval-00013	G99990644	204	0.0049	45-Topics-Random-99000011
T18Eval-00013	E99990175	205	0.0049	45-Topics-Random-99000011
T18Eval-00013	M99990483	206	0.0049	45-Topics-Random-99000011
T18Eval-00013	M99990517	207	0.0048	45-Topics-Random-99000011
T18Eval-00013	M99990981	208	0.0048	45-Topics-Random-99000011
T18Eval-00013	N23812893	209	0.0048	45-Topics-Random-99000011
T18Eval-00013	H99990503	210	0.0048	45-Topics-Random-99000011
T18Eval-00013	K99990354	211	0.0047	45-Topics-Random-99000011
T18Eval-00013	N23812999	212	0.0047	45-Topics-Random-99000011
T18Eval-00013	N23812844	213	0.0047	45-Topics-Random-99000011
T18Eval-00013	L99990317	214	0.0047	45-Topics-Random-99000011
T18Eval-00013	H99990518	215	0.0047	45-Topics-Random-99000011
T18Eval-00013	N23813097	216	0.0046	45-Topics-Random-99000011
T18Eval-00013	B99990671	217	0.0046	45-Topics-Random-99000011
T18Eval-00013	N23812859	218	0.0046	45-Topics-Random-99000011
T18Eval-00013	N23812905	219	0.0046	45-Topics-Random-99000011
T18Eval-00013	F99990611	220	0.0045	45-Topics-Random-99000011
T18Eval-00013	N23813087	221	0.0045	45-Topics-Random-99000011
T18Eval-00013	M99990178	222	0.0045	45-Topics-Random-99000011
T18Eval-00013	N23812974	223	0.0045	45-Topics-Random-99000011
T18Eval-00013	A99990484	224	0.0045	45-Topics-Random-99000011
T18Eval-00013	N23812904	225	0.0044	45-Topics-Random-99000011
T18Eval-00013	N23812902	226	0.0044	45-Topics-Random-99000011
T18Eval-00013	N23812936	227	0.0044	45-Topics-Random-99000011
T18Eval-00013	B99990421	228	0.0044	45-Topics-Random-99000011
T18Eval-00013	N23813028	229	0.0044	45-Topics-Random-99000011
T18Eval-00013	N23813002	230	0.0043	45-Topics-Random-99000011
T18Eval-00013	M99990715	231	0.0043	45-Topics-Random-99000011
T18Eval-00013	N23812939	232	0.0043	45-Topics-Random-99000011
T18Eval-00014	N23813060	1	1.0000	45-Topics-Random-99000011
T18Eval-00014	N23812983	2	0.5000	45-Topics-Random-99000011
T18Eval-00014	N23812911	3	0.3333	45-Topics-Random-99000011
T18Eval-00014	M99990483	4	0.2500	45-Topics-Random-99000011
T18Eval-00014	B99990856	5	0.2000	45-Topics-Random-99000011
T18Eval-00014	N23812850	6	0.1667	45-Topics-Random-99000011
T18Eval-00014	B99990809	7	0.1429	45-Topics-Random-99000011
T18Eval-00014	M99990553	8	0.1250	45-Topics-Random-99000011
T18Eval-00014	N23812870	9	0.1111	45-Topics-Random-99000011
T18Eval-00014	N23812930	10	0.1000	45-Topics-Random-99000011
T18Eval-00014	M99990541	11	0.0909	45-Topics-Random-99000011
T18Eval-00014	E99990486	12	0.0833	45-Topics-Random-99000011
T18Eval-00014	N23812887	13	0.0769	45-Topics-Random-99000011
T18Eval-00014	N23812823	14	0.0714	45-Topics-Random-99000011
T18Eval-00014	M99990399	15	0.0667	45-Topics-Random-99000011
T18Eval-00014	E99990603	16	0.0625	45-Topics-Random-99000011
T18Eval-00014	N23812842	17	0.0588	45-Topics-Random-99000011
T18Eval-00014	N23812825	18	0.0556	45-Topics-Random-99000011
T18Eval-00014	N23812973	19	0.0526	45-Topics-Random-99000011
T18Eval-00014	M99990586	20	0.0500	45-Topics-Random-99000011
T18Eval-00014	A99990833	21	0.0476	45-Topics-Random-99000011
T18Eval-00014	B99990668	22	0.0455	45-Topics-Random-99000011
T18Eval-00014	J99990120	23	0.0435	45-Topics-Random-99000011
T18Eval-00015	F99990309	1	1.0000	45-Topics-Random-99000011
T18Eval-00015	M99990490	2	0.5000	45-Topics-Random-99000011
T18Eval-00015	B99990853	3	0.3333	45-Topics-Random-99000011
T18Eval-00015	M99990325	4	0.2500	45-Topics-Random-99000011
T18Eval-00015	K99990992	5	0.2000	45-Topics-Random-99000011
T18Eval-00015	M99991004	6	0.1667	45-Topics-Random-99000011
T18Eval-00015	N23812926	7	0.1429	45-Topics-Random-99000011
T18Eval-00015	E99990821	8	0.1250	45-Topics-Random-99000011
T18Eval-00015	M99990832	9	0.1111	45-Topics-Random-99000011
T18Eval-00015	G99990493	10	0.1000	45-Topics-Random-99000011
T18Eval-00015	N23812870	11	0.0909	45-Topics-Random-99000011
T18Eval-00015	M99990637	12	0.0833	45-Topics-Random-99000011
T18Eval-00015	N23812998	13	0.0769	45-Topics-Random-99000011
T18Eval-00015	D99990914	14	0.0714	45-Topics-Random-99000011
T18Eval-00015	N23812936	15	0.0667	45-Topics-Random-99000011
T18Eval-00015	N23813016	16	0.0625	45-Topics-Random-99000011
T18Eval-00015	A99990085	17	0.0588	45-Topics-Random-99000011
T18Eval-00015	M99990123	18	0.0556	45-Topics-Random-99000011
T18Eval-00015	A99990574	19	0.0526	45-Topics-Random-99000011
T18Eval-00015	N23812892	20	0.0500	45-Topics-Random-99000011
T18Eval-00015	N23812821	21	0.0476	45-Topics-Random-99000011
T18Eval-00015	N23813003	22	0.0455	45-Topics-Random-99000011
T18Eval-00015	N23812838	23	0.0435	45-Topics-Random-99000011
T18Eval-00015	M99990742	24	0.0417	45-Topics-Random-99000011
T18Eval-00015	F99990220	25	0.0400	45-Topics-Random-99000011
T18Eval-00015	N23813072	26	0.0385	45-Topics-Random-99000011
T18Eval-00015	B99990691	27	0.0370	45-Topics-Random-99000011
T18Eval-00015	N23813029	28	0.0357	45-Topics-Random-99000011
T18Eval-00015	G99990964	29	0.0345	45-Topics-Random-99000011
T18Eval-00015	N23812908	30	0.0333	45-Topics-Random-99000011
T18Eval-00015	G99990184	31	0.0323	45-Topics-Random-99000011
T18Eval-00015	H99990573	32	0.0312	45-Topics-Random-99000011
T18Eval-00015	G99990644	33	0.0303	45-Topics-Random-99000011
T18Eval-00015	M99990420	34	0.0294	45-Topics-Random-99000011
T18Eval-00015	N23813020	35	0.0286	45-Topics-Random-99000011
T18Eval-00015	M99990002	36	0.0278	45-Topics-Random-99000011
T18Eval-00015	M99990131	37	0.0270	45-Topics-Random-99000011
T18Eval-00015	J99990514	38	0.0263	45-Topics-Random-99000011
T18Eval-00015	N23813075	39	0.0256	45-Topics-Random-99000011
T18Eval-00015	M99990837	40	0.0250	45-Topics-Random-99000011
T18Eval-00015	H99990807	41	0.0244	45-Topics-Random-99000011
T18Eval-00015	M99990515	42	0.0238	45-Topics-Random-99000011
T18Eval-00015	M99990450	43	0.0233	45-Topics-Random-99000011
T18Eval-00015	N23813007	44	0.0227	45-Topics-Random-99000011
T18Eval-00015	L99990459	45	0.0222	45-Topics-Random-99000011
T18Eval-00015	N23813028	46	0.0217	45-Topics-Random-99000011
T18Eval-00015	G99990098	47	0.0213	45-Topics-Random-99000011
T18Eval-00015	N23813123	48	0.0208	45-Topics-Random-99000011
T18Eval-00015	H99990374	49	0.0204	45-Topics-Random-99000011
T18Eval-00015	N23813074	50	0.0200	45-Topics-Random-99000011
T18Eval-00015	M99991000	51	0.0196	45-Topics-Random-99000011
T18Eval-00015	M99990990	52	0.0192	45-Topics-Random-99000011
T18Eval-00015	N23812819	53	0.0189	45-Topics-Random-99000011
T18Eval-00015	N23813120	54	0.0185	45-Topics-Random-99000011
T18Eval-00015	N23813121	55	0.0182	45-Topics-Random-99000011
T18Eval-00015	E99990479	56	0.0179	45-Topics-Random-99000011
T18Eval-00015	M99990981	57	0.0175	45-Topics-Random-99000011
T18Eval-00015	E99990969	58	0.0172	45-Topics-Random-99000011
T18Eval-00015	N23813071	59	0.0169	45-Topics-Random-99000011
T18Eval-00015	N23812868	60	0.0167	45-Topics-Random-99000011
T18Eval-00015	M99990483	61	0.0164	45-Topics-Random-99000011
T18Eval-00015	N23812925	62	0.0161	45-Topics-Random-99000011
T18Eval-00015	N23813061	63	0.0159	45-Topics-Random-99000011
T18Eval-00015	M99990715	64	0.0156	45-Topics-Random-99000011
T18Eval-00015	N23813039	65	0.0154	45-Topics-Random-99000011
T18Eval-00015	F99990528	66	0.0152	45-Topics-Random-99000011
T18Eval-00015	N23812904	67	0.0149	45-Topics-Random-99000011
T18Eval-00015	G99990266	68	0.0147	45-Topics-Random-99000011
T18Eval-00015	N23813059	69	0.0145	45-Topics-Random-99000011
T18Eval-00015	M99991022	70	0.0143	45-Topics-Random-99000011
T18Eval-00015	B99990706	71	0.0141	45-Topics-Random-99000011
T18Eval-00015	N23812997	72	0.0139	45-Topics-Random-99000011
T18Eval-00015	N23812921	73	0.0137	45-Topics-Random-99000011
T18Eval-00015	M99991008	74	0.0135	45-Topics-Random-99000011
T18Eval-00015	M99990080	75	0.0133	45-Topics-Random-99000011
T18Eval-00015	N23813073	76	0.0132	45-Topics-Random-99000011
T18Eval-00016	M99990212	1	1.0000	45-Topics-Random-99000011
T18Eval-00016	M99990142	2	0.5000	45-Topics-Random-99000011
T18Eval-00016	N23812902	3	0.3333	45-Topics-Random-99000011
T18Eval-00016	N23812939	4	0.2500	45-Topics-Random-99000011
T18Eval-00016	N23813129	5	0.2000	45-Topics-Random-99000011
T18Eval-00016	N23812886	6	0.1667	45-Topics-Random-99000011
T18Eval-00016	C99990488	7	0.1429	45-Topics-Random-99000011
T18Eval-00016	N23812946	8	0.1250	45-Topics-Random-99000011
T18Eval-00016	N23812926	9	0.1111	45-Topics-Random-99000011
T18Eval-00017	M99990399	1	1.0000	45-Topics-Random-99000011
T18Eval-00017	N23813060	2	0.5000	45-Topics-Random-99000011
T18Eval-00017	M99990729	3	0.3333	45-Topics-Random-99000011
T18Eval-00017	M99990002	4	0.2500	45-Topics-Random-99000011
T18Eval-00017	N23812942	5	0.2000	45-Topics-Random-99000011
T18Eval-00017	E99990203	6	0.1667	45-Topics-Random-99000011
T18Eval-00017	N23812985	7	0.1429	45-Topics-Random-99000011
T18Eval-00017	A99990746	8	0.1250	45-Topics-Random-99000011
T18Eval-00017	N23812879	9	0.1111	45-Topics-Random-99000011
T18Eval-00017	G99990184	10	0.1000	45-Topics-Random-99000011
T18Eval-00017	N23812938	11	0.0909	45-Topics-Random-99000011
T18Eval-00017	A99990884	12	0.0833	45-Topics-Random-99000011
T18Eval-00017	E99990102	13	0.0769	45-Topics-Random-99000011
T18Eval-00017	M99990832	14	0.0714	45-Topics-Random-99000011
T18Eval-00017	N23812902	15	0.0667	45-Topics-Random-99000011
T18Eval-00017	N23812884	16	0.0625	45-Topics-Random-99000011
T18Eval-00017	M99990142	17	0.0588	45-Topics-Random-99000011
T18Eval-00017	N23812941	18	0.0556	45-Topics-Random-99000011
T18Eval-00017	N23812901	19	0.0526	45-Topics-Random-99000011
T18Eval-00017	N23812844	20	0.0500	45-Topics-Random-99000011
T18Eval-00017	N23812824	21	0.0476	45-Topics-Random-99000011
T18Eval-00017	N23813051	22	0.0455	45-Topics-Random-99000011
T18Eval-00017	N23812888	23	0.0435	45-Topics-Random-99000011
T18Eval-00017	B99990856	24	0.0417	45-Topics-Random-99000011
T18Eval-00018	E99990938	1	1.0000	45-Topics-Random-99000011
T18Eval-00018	A99990037	2	0.5000	45-Topics-Random-99000011
T18Eval-00018	M99990497	3	0.3333	45-Topics-Random-99000011
T18Eval-00018	B99990934	4	0.2500	45-Topics-Random-99000011
T18Eval-00018	N23812997	5	0.2000	45-Topics-Random-99000011
T18Eval-00018	N23813088	6	0.1667	45-Topics-Random-99000011
T18Eval-00018	E99990877	7	0.1429	45-Topics-Random-99000011
T18Eval-00018	M99990021	8	0.1250	45-Topics-Random-99000011
T18Eval-00018	E99990904	9	0.1111	45-Topics-Random-99000011
T18Eval-00018	M99990541	10	0.1000	45-Topics-Random-99000011
T18Eval-00018	M99990499	11	0.0909	45-Topics-Random-99000011
T18Eval-00018	E99990857	12	0.0833	45-Topics-Random-99000011
T18Eval-00018	E99990712	13	0.0769	45-Topics-Random-99000011
T18Eval-00018	B99990853	14	0.0714	45-Topics-Random-99000011
T18Eval-00018	A99990117	15	0.0667	45-Topics-Random-99000011
T18Eval-00018	B99990504	16	0.0625	45-Topics-Random-99000011
T18Eval-00018	B99990416	17	0.0588	45-Topics-Random-99000011
T18Eval-00018	M99990646	18	0.0556	45-Topics-Random-99000011
T18Eval-00018	M99990918	19	0.0526	45-Topics-Random-99000011
T18Eval-00018	M99990241	20	0.0500	45-Topics-Random-99000011
T18Eval-00018	E99991011	21	0.0476	45-Topics-Random-99000011
T18Eval-00018	E99990525	22	0.0455	45-Topics-Random-99000011
T18Eval-00018	E99990947	23	0.0435	45-Topics-Random-99000011
T18Eval-00018	M99990442	24	0.0417	45-Topics-Random-99000011
T18Eval-00018	K99990992	25	0.0400	45-Topics-Random-99000011
T18Eval-00018	M99990178	26	0.0385	45-Topics-Random-99000011
T18Eval-00018	D99990620	27	0.0370	45-Topics-Random-99000011
T18Eval-00018	B99990015	28	0.0357	45-Topics-Random-99000011
T18Eval-00018	A99990085	29	0.0345	45-Topics-Random-99000011
T18Eval-00018	M99990325	30	0.0333	45-Topics-Random-99000011
T18Eval-00018	M99990399	31	0.0323	45-Topics-Random-99000011
T18Eval-00018	M99990832	32	0.0312	45-Topics-Random-99000011
T18Eval-00018	N23812985	33	0.0303	45-Topics-Random-99000011
T18Eval-00018	M99990889	34	0.0294	45-Topics-Random-99000011
T18Eval-00018	J99990337	35	0.0286	45-Topics-Random-99000011
T18Eval-00018	M99990060	36	0.0278	45-Topics-Random-99000011
T18Eval-00018	N23813131	37	0.0270	45-Topics-Random-99000011
T18Eval-00018	M99990730	38	0.0263	45-Topics-Random-99000011
T18Eval-00018	N23813016	39	0.0256	45-Topics-Random-99000011
T18Eval-00018	N23813009	40	0.0250	45-Topics-Random-99000011
T18Eval-00018	M99990123	41	0.0244	45-Topics-Random-99000011
T18Eval-00018	M99990450	42	0.0238	45-Topics-Random-99000011
T18Eval-00018	N23813046	43	0.0233	45-Topics-Random-99000011
T18Eval-00018	N23812926	44	0.0227	45-Topics-Random-99000011
T18Eval-00018	N23812945	45	0.0222	45-Topics-Random-99000011
T18Eval-00018	N23812883	46	0.0217	45-Topics-Random-99000011
T18Eval-00018	N23812827	47	0.0213	45-Topics-Random-99000011
T18Eval-00018	N23813084	48	0.0208	45-Topics-Random-99000011
T18Eval-00018	M99990558	49	0.0204	45-Topics-Random-99000011
T18Eval-00019	N23812984	1	1.0000	45-Topics-Random-99000011
T18Eval-00019	N23812863	2	0.5000	45-Topics-Random-99000011
T18Eval-00019	N23812981	3	0.3333	45-Topics-Random-99000011
T18Eval-00019	N23812983	4	0.2500	45-Topics-Random-99000011
T18Eval-00019	A99990607	5	0.2000	45-Topics-Random-99000011
T18Eval-00019	N23812969	6	0.1667	45-Topics-Random-99000011
T18Eval-00019	N23812887	7	0.1429	45-Topics-Random-99000011
T18Eval-00019	B99990421	8	0.1250	45-Topics-Random-99000011
T18Eval-00019	N23812924	9	0.1111	45-Topics-Random-99000011
T18Eval-00019	B99990671	10	0.1000	45-Topics-Random-99000011
T18Eval-00019	B99990015	11	0.0909	45-Topics-Random-99000011
T18Eval-00019	A99990548	12	0.0833	45-Topics-Random-99000011
T18Eval-00019	N23813063	13	0.0769	45-Topics-Random-99000011
T18Eval-00019	M99990483	14	0.0714	45-Topics-Random-99000011
T18Eval-00019	N23812960	15	0.0667	45-Topics-Random-99000011
T18Eval-00019	M99990157	16	0.0625	45-Topics-Random-99000011
T18Eval-00019	C99990304	17	0.0588	45-Topics-Random-99000011
T18Eval-00019	E99990828	18	0.0556	45-Topics-Random-99000011
T18Eval-00019	N23813091	19	0.0526	45-Topics-Random-99000011
T18Eval-00019	G99990940	20	0.0500	45-Topics-Random-99000011
T18Eval-00019	N23813093	21	0.0476	45-Topics-Random-99000011
T18Eval-00019	M99990142	22	0.0455	45-Topics-Random-99000011
T18Eval-00019	M99990433	23	0.0435	45-Topics-Random-99000011
T18Eval-00019	N23813016	24	0.0417	45-Topics-Random-99000011
T18Eval-00019	A99990353	25	0.0400	45-Topics-Random-99000011
T18Eval-00019	G99990493	26	0.0385	45-Topics-Random-99000011
T18Eval-00019	N23813049	27	0.0370	45-Topics-Random-99000011
T18Eval-00019	M99990209	28	0.0357	45-Topics-Random-99000011
T18Eval-00019	J99990293	29	0.0345	45-Topics-Random-99000011
T18Eval-00019	N23812941	30	0.0333	45-Topics-Random-99000011
T18Eval-00019	N23812850	31	0.0323	45-Topics-Random-99000011
T18Eval-00019	A99990321	32	0.0312	45-Topics-Random-99000011
T18Eval-00019	H99990503	33	0.0303	45-Topics-Random-99000011
T18Eval-00020	E99990525	1	1.0000	45-Topics-Random-99000011
T18Eval-00020	F99990135	2	0.5000	45-Topics-Random-99000011
T18Eval-00020	F99990309	3	0.3333	45-Topics-Random-99000011
T18Eval-00020	F99990528	4	0.2500	45-Topics-Random-99000011
T18Eval-00020	G99990758	5	0.2000	45-Topics-Random-99000011
T18Eval-00020	N23813014	6	0.1667	45-Topics-Random-99000011
T18Eval-00021	E99990947	1	1.0000	45-Topics-Random-99000011
T18Eval-00021	E99990844	2	0.5000	45-Topics-Random-99000011
T18Eval-00021	N23812883	3	0.3333	45-Topics-Random-99000011
T18Eval-00022	E99990102	1	1.0000	45-Topics-Random-99000011
T18Eval-00022	M99990990	2	0.5000	45-Topics-Random-99000011
T18Eval-00022	M99990142	3	0.3333	45-Topics-Random-99000011
T18Eval-00022	M99990490	4	0.2500	45-Topics-Random-99000011
T18Eval-00022	E99990723	5	0.2000	45-Topics-Random-99000011
T18Eval-00022	N23812972	6	0.1667	45-Topics-Random-99000011
T18Eval-00022	N23813126	7	0.1429	45-Topics-Random-99000011
T18Eval-00022	G99990410	8	0.1250	45-Topics-Random-99000011
T18Eval-00022	B99990667	9	0.1111	45-Topics-Random-99000011
T18Eval-00022	H99990807	10	0.1000	45-Topics-Random-99000011
T18Eval-00022	M99990399	11	0.0909	45-Topics-Random-99000011
T18Eval-00022	N23813007	12	0.0833	45-Topics-Random-99000011
T18Eval-00022	B99990223	13	0.0769	45-Topics-Random-99000011
T18Eval-00022	J99990120	14	0.0714	45-Topics-Random-99000011
T18Eval-00022	E99990821	15	0.0667	45-Topics-Random-99000011
T18Eval-00022	M99990832	16	0.0625	45-Topics-Random-99000011
T18Eval-00022	G99990493	17	0.0588	45-Topics-Random-99000011
T18Eval-00022	N23812870	18	0.0556	45-Topics-Random-99000011
T18Eval-00022	M99990637	19	0.0526	45-Topics-Random-99000011
T18Eval-00022	N23812998	20	0.0500	45-Topics-Random-99000011
T18Eval-00022	D99990914	21	0.0476	45-Topics-Random-99000011
T18Eval-00022	N23812936	22	0.0455	45-Topics-Random-99000011
T18Eval-00022	N23813016	23	0.0435	45-Topics-Random-99000011
T18Eval-00022	A99990085	24	0.0417	45-Topics-Random-99000011
T18Eval-00022	M99990123	25	0.0400	45-Topics-Random-99000011
T18Eval-00022	A99990574	26	0.0385	45-Topics-Random-99000011
T18Eval-00022	N23812892	27	0.0370	45-Topics-Random-99000011
T18Eval-00022	N23812821	28	0.0357	45-Topics-Random-99000011
T18Eval-00022	N23812838	29	0.0345	45-Topics-Random-99000011
T18Eval-00022	M99990742	30	0.0333	45-Topics-Random-99000011
T18Eval-00022	F99990220	31	0.0323	45-Topics-Random-99000011
T18Eval-00022	N23813072	32	0.0312	45-Topics-Random-99000011
T18Eval-00022	B99990691	33	0.0303	45-Topics-Random-99000011
T18Eval-00022	N23813029	34	0.0294	45-Topics-Random-99000011
T18Eval-00022	G99990964	35	0.0286	45-Topics-Random-99000011
T18Eval-00022	N23812908	36	0.0278	45-Topics-Random-99000011
T18Eval-00022	G99990184	37	0.0270	45-Topics-Random-99000011
T18Eval-00022	H99990573	38	0.0263	45-Topics-Random-99000011
T18Eval-00022	G99990644	39	0.0256	45-Topics-Random-99000011
T18Eval-00022	M99990420	40	0.0250	45-Topics-Random-99000011
T18Eval-00022	N23813020	41	0.0244	45-Topics-Random-99000011
T18Eval-00022	M99990002	42	0.0238	45-Topics-Random-99000011
T18Eval-00022	M99990131	43	0.0233	45-Topics-Random-99000011
T18Eval-00022	J99990514	44	0.0227	45-Topics-Random-99000011
T18Eval-00022	N23813075	45	0.0222	45-Topics-Random-99000011
T18Eval-00022	M99990837	46	0.0217	45-Topics-Random-99000011
T18Eval-00022	M99990515	47	0.0213	45-Topics-Random-99000011
T18Eval-00022	M99990450	48	0.0208	45-Topics-Random-99000011
T18Eval-00022	N23812822	49	0.0204	45-Topics-Random-99000011
T18Eval-00022	A99990465	50	0.0200	45-Topics-Random-99000011
T18Eval-00022	L99990459	51	0.0196	45-Topics-Random-99000011
T18Eval-00022	N23813028	52	0.0192	45-Topics-Random-99000011
T18Eval-00022	E99990479	53	0.0189	45-Topics-Random-99000011
T18Eval-00022	N23813074	54	0.0185	45-Topics-Random-99000011
T18Eval-00022	N23813121	55	0.0182	45-Topics-Random-99000011
T18Eval-00022	N23813120	56	0.0179	45-Topics-Random-99000011
T18Eval-00022	N23813123	57	0.0175	45-Topics-Random-99000011
T18Eval-00022	M99991000	58	0.0172	45-Topics-Random-99000011
T18Eval-00022	G99990098	59	0.0169	45-Topics-Random-99000011
T18Eval-00022	N23812819	60	0.0167	45-Topics-Random-99000011
T18Eval-00022	H99990374	61	0.0164	45-Topics-Random-99000011
T18Eval-00022	N23812918	62	0.0161	45-Topics-Random-99000011
T18Eval-00022	M99990127	63	0.0159	45-Topics-Random-99000011
T18Eval-00022	M99990981	64	0.0156	45-Topics-Random-99000011
T18Eval-00022	N23813071	65	0.0154	45-Topics-Random-99000011
T18Eval-00022	E99990969	66	0.0152	45-Topics-Random-99000011
T18Eval-00022	E99990228	67	0.0149	45-Topics-Random-99000011
T18Eval-00022	M99990483	68	0.0147	45-Topics-Random-99000011
T18Eval-00022	N23812925	69	0.0145	45-Topics-Random-99000011
T18Eval-00022	N23812868	70	0.0143	45-Topics-Random-99000011
T18Eval-00022	N23813061	71	0.0141	45-Topics-Random-99000011
T18Eval-00022	M99990715	72	0.0139	45-Topics-Random-99000011
T18Eval-00022	N23813039	73	0.0137	45-Topics-Random-99000011
T18Eval-00022	F99990528	74	0.0135	45-Topics-Random-99000011
T18Eval-00022	N23812904	75	0.0133	45-Topics-Random-99000011
T18Eval-00022	G99990266	76	0.0132	45-Topics-Random-99000011
T18Eval-00022	N23813059	77	0.0130	45-Topics-Random-99000011
T18Eval-00022	M99991022	78	0.0128	45-Topics-Random-99000011
T18Eval-00022	N23812997	79	0.0127	45-Topics-Random-99000011
T18Eval-00022	B99990706	80	0.0125	45-Topics-Random-99000011
T18Eval-00022	N23812921	81	0.0123	45-Topics-Random-99000011
T18Eval-00022	M99991008	82	0.0122	45-Topics-Random-99000011
T18Eval-00022	N23812926	83	0.0120	45-Topics-Random-99000011
T18Eval-00022	M99990080	84	0.0119	45-Topics-Random-99000011
T18Eval-00022	M99990325	85	0.0118	45-Topics-Random-99000011
T18Eval-00022	N23813073	86	0.0116	45-Topics-Random-99000011
T18Eval-00024	N23813070	1	1.0000	45-Topics-Random-99000011
T18Eval-00024	M99991022	2	0.5000	45-Topics-Random-99000011
T18Eval-00024	N23813077	3	0.3333	45-Topics-Random-99000011
T18Eval-00024	M99990490	4	0.2500	45-Topics-Random-99000011
T18Eval-00024	N23813129	5	0.2000	45-Topics-Random-99000011
T18Eval-00024	N23812997	6	0.1667	45-Topics-Random-99000011
T18Eval-00024	M99990889	7	0.1429	45-Topics-Random-99000011
T18Eval-00024	G99990081	8	0.1250	45-Topics-Random-99000011
T18Eval-00024	N23813062	9	0.1111	45-Topics-Random-99000011
T18Eval-00024	M99990497	10	0.1000	45-Topics-Random-99000011
T18Eval-00024	N23812866	11	0.0909	45-Topics-Random-99000011
T18Eval-00024	N23812819	12	0.0833	45-Topics-Random-99000011
T18Eval-00024	E99990250	13	0.0769	45-Topics-Random-99000011
T18Eval-00024	N23812952	14	0.0714	45-Topics-Random-99000011
T18Eval-00024	G99990493	15	0.0667	45-Topics-Random-99000011
T18Eval-00024	M99990002	16	0.0625	45-Topics-Random-99000011
T18Eval-00024	N23813063	17	0.0588	45-Topics-Random-99000011
T18Eval-00024	G99990266	18	0.0556	45-Topics-Random-99000011
T18Eval-00024	M99990506	19	0.0526	45-Topics-Random-99000011
T18Eval-00024	M99990142	20	0.0500	45-Topics-Random-99000011
T18Eval-00024	N23812991	21	0.0476	45-Topics-Random-99000011
T18Eval-00024	N23813126	22	0.0455	45-Topics-Random-99000011
T18Eval-00024	A99990548	23	0.0435	45-Topics-Random-99000011
T18Eval-00024	E99990901	24	0.0417	45-Topics-Random-99000011
T18Eval-00024	G99990507	25	0.0400	45-Topics-Random-99000011
T18Eval-00024	M99990080	26	0.0385	45-Topics-Random-99000011
T18Eval-00024	N23812838	27	0.0370	45-Topics-Random-99000011
T18Eval-00024	A99990037	28	0.0357	45-Topics-Random-99000011
T18Eval-00024	N23813069	29	0.0345	45-Topics-Random-99000011
T18Eval-00024	M99990327	30	0.0333	45-Topics-Random-99000011
T18Eval-00024	N23812924	31	0.0323	45-Topics-Random-99000011
T18Eval-00024	M99990554	32	0.0312	45-Topics-Random-99000011
T18Eval-00024	N23813061	33	0.0303	45-Topics-Random-99000011
T18Eval-00024	M99990895	34	0.0294	45-Topics-Random-99000011
T18Eval-00024	M99990499	35	0.0286	45-Topics-Random-99000011
T18Eval-00024	M99990399	36	0.0278	45-Topics-Random-99000011
T18Eval-00024	N23812982	37	0.0270	45-Topics-Random-99000011
T18Eval-00024	G99990387	38	0.0263	45-Topics-Random-99000011
T18Eval-00024	E99990589	39	0.0256	45-Topics-Random-99000011
T18Eval-00024	G99990743	40	0.0250	45-Topics-Random-99000011
T18Eval-00024	N23812979	41	0.0244	45-Topics-Random-99000011
T18Eval-00024	N23812870	42	0.0238	45-Topics-Random-99000011
T18Eval-00024	N23812920	43	0.0233	45-Topics-Random-99000011
T18Eval-00024	M99991004	44	0.0227	45-Topics-Random-99000011
T18Eval-00024	N23812863	45	0.0222	45-Topics-Random-99000011
T18Eval-00024	N23813127	46	0.0217	45-Topics-Random-99000011
T18Eval-00024	N23813114	47	0.0213	45-Topics-Random-99000011
T18Eval-00024	M99991000	48	0.0208	45-Topics-Random-99000011
T18Eval-00024	J99990120	49	0.0204	45-Topics-Random-99000011
T18Eval-00024	H99990183	50	0.0200	45-Topics-Random-99000011
T18Eval-00024	N23813104	51	0.0196	45-Topics-Random-99000011
T18Eval-00024	D99991024	52	0.0192	45-Topics-Random-99000011
T18Eval-00024	M99990906	53	0.0189	45-Topics-Random-99000011
T18Eval-00024	N23813084	54	0.0185	45-Topics-Random-99000011
T18Eval-00024	A99990465	55	0.0182	45-Topics-Random-99000011
T18Eval-00024	N23813073	56	0.0179	45-Topics-Random-99000011
T18Eval-00024	N23813071	57	0.0175	45-Topics-Random-99000011
T18Eval-00024	A99990574	58	0.0172	45-Topics-Random-99000011
T18Eval-00024	N23813016	59	0.0169	45-Topics-Random-99000011
T18Eval-00024	M99990990	60	0.0167	45-Topics-Random-99000011
T18Eval-00024	N23813075	61	0.0164	45-Topics-Random-99000011
T18Eval-00024	N23812921	62	0.0161	45-Topics-Random-99000011
T18Eval-00024	N23812901	63	0.0159	45-Topics-Random-99000011
T18Eval-00024	J99990293	64	0.0156	45-Topics-Random-99000011
T18Eval-00024	N23813131	65	0.0154	45-Topics-Random-99000011
T18Eval-00024	A99990014	66	0.0152	45-Topics-Random-99000011
T18Eval-00024	N23813018	67	0.0149	45-Topics-Random-99000011
T18Eval-00024	M99990165	68	0.0147	45-Topics-Random-99000011
T18Eval-00024	N23812993	69	0.0145	45-Topics-Random-99000011
T18Eval-00024	M99990286	70	0.0143	45-Topics-Random-99000011
T18Eval-00024	M99990131	71	0.0141	45-Topics-Random-99000011
T18Eval-00024	M99990212	72	0.0139	45-Topics-Random-99000011
T18Eval-00024	N23812871	73	0.0137	45-Topics-Random-99000011
T18Eval-00024	M99990867	74	0.0135	45-Topics-Random-99000011
T18Eval-00024	N23812955	75	0.0133	45-Topics-Random-99000011
T18Eval-00024	N23812951	76	0.0132	45-Topics-Random-99000011
T18Eval-00024	M99990637	77	0.0130	45-Topics-Random-99000011
T18Eval-00024	N23812994	78	0.0128	45-Topics-Random-99000011
T18Eval-00024	N23812970	79	0.0127	45-Topics-Random-99000011
T18Eval-00024	N23812828	80	0.0125	45-Topics-Random-99000011
T18Eval-00024	H99990807	81	0.0123	45-Topics-Random-99000011
T18Eval-00024	M99990307	82	0.0122	45-Topics-Random-99000011
T18Eval-00024	N23812932	83	0.0120	45-Topics-Random-99000011
T18Eval-00024	N23812869	84	0.0119	45-Topics-Random-99000011
T18Eval-00024	N23812934	85	0.0118	45-Topics-Random-99000011
T18Eval-00024	G99990184	86	0.0116	45-Topics-Random-99000011
T18Eval-00024	N23813011	87	0.0115	45-Topics-Random-99000011
T18Eval-00024	N23812984	88	0.0114	45-Topics-Random-99000011
T18Eval-00024	J99990705	89	0.0112	45-Topics-Random-99000011
T18Eval-00024	N23812874	90	0.0111	45-Topics-Random-99000011
T18Eval-00024	N23813091	91	0.0110	45-Topics-Random-99000011
T18Eval-00024	N23812919	92	0.0109	45-Topics-Random-99000011
T18Eval-00024	N23813130	93	0.0108	45-Topics-Random-99000011
T18Eval-00024	N23812989	94	0.0106	45-Topics-Random-99000011
T18Eval-00024	N23812981	95	0.0105	45-Topics-Random-99000011
T18Eval-00024	N23812917	96	0.0104	45-Topics-Random-99000011
T18Eval-00024	N23813124	97	0.0103	45-Topics-Random-99000011
T18Eval-00024	N23812843	98	0.0102	45-Topics-Random-99000011
T18Eval-00024	M99990031	99	0.0101	45-Topics-Random-99000011
T18Eval-00024	M99990132	100	0.0100	45-Topics-Random-99000011
T18Eval-00024	M99990664	101	0.0099	45-Topics-Random-99000011
T18Eval-00024	N23813117	102	0.0098	45-Topics-Random-99000011
T18Eval-00024	B99990852	103	0.0097	45-Topics-Random-99000011
T18Eval-00024	N23812906	104	0.0096	45-Topics-Random-99000011
T18Eval-00024	N23813058	105	0.0095	45-Topics-Random-99000011
T18Eval-00024	N23813056	106	0.0094	45-Topics-Random-99000011
T18Eval-00024	M99990832	107	0.0093	45-Topics-Random-99000011
T18Eval-00024	B99990910	108	0.0093	45-Topics-Random-99000011
T18Eval-00024	E99990361	109	0.0092	45-Topics-Random-99000011
T18Eval-00024	J99990389	110	0.0091	45-Topics-Random-99000011
T18Eval-00024	F99990130	111	0.0090	45-Topics-Random-99000011
T18Eval-00024	M99990261	112	0.0089	45-Topics-Random-99000011
T18Eval-00024	M99990157	113	0.0088	45-Topics-Random-99000011
T18Eval-00024	E99990102	114	0.0088	45-Topics-Random-99000011
T18Eval-00024	B99990015	115	0.0087	45-Topics-Random-99000011
T18Eval-00024	N23813102	116	0.0086	45-Topics-Random-99000011
T18Eval-00024	N23812933	117	0.0085	45-Topics-Random-99000011
T18Eval-00024	B99990711	118	0.0085	45-Topics-Random-99000011
T18Eval-00024	C99990505	119	0.0084	45-Topics-Random-99000011
T18Eval-00024	A99990884	120	0.0083	45-Topics-Random-99000011
T18Eval-00024	G99990890	121	0.0083	45-Topics-Random-99000011
T18Eval-00024	N23812983	122	0.0082	45-Topics-Random-99000011
T18Eval-00024	N23812907	123	0.0081	45-Topics-Random-99000011
T18Eval-00024	N23812881	124	0.0081	45-Topics-Random-99000011
T18Eval-00024	G99990551	125	0.0080	45-Topics-Random-99000011
T18Eval-00024	E99991011	126	0.0079	45-Topics-Random-99000011
T18Eval-00024	N23812949	127	0.0079	45-Topics-Random-99000011
T18Eval-00024	N23812900	128	0.0078	45-Topics-Random-99000011
T18Eval-00024	M99990647	129	0.0078	45-Topics-Random-99000011
T18Eval-00024	G99990322	130	0.0077	45-Topics-Random-99000011
T18Eval-00024	G99990758	131	0.0076	45-Topics-Random-99000011
T18Eval-00024	G99990372	132	0.0076	45-Topics-Random-99000011
T18Eval-00024	M99990515	133	0.0075	45-Topics-Random-99000011
T18Eval-00024	M99990981	134	0.0075	45-Topics-Random-99000011
T18Eval-00024	N23812893	135	0.0074	45-Topics-Random-99000011
T18Eval-00024	M99990483	136	0.0074	45-Topics-Random-99000011
T18Eval-00024	B99990291	137	0.0073	45-Topics-Random-99000011
T18Eval-00024	N23812999	138	0.0072	45-Topics-Random-99000011
T18Eval-00024	N23812844	139	0.0072	45-Topics-Random-99000011
T18Eval-00024	N23813097	140	0.0071	45-Topics-Random-99000011
T18Eval-00024	B99990671	141	0.0071	45-Topics-Random-99000011
T18Eval-00024	N23812859	142	0.0070	45-Topics-Random-99000011
T18Eval-00024	N23812905	143	0.0070	45-Topics-Random-99000011
T18Eval-00024	F99990611	144	0.0069	45-Topics-Random-99000011
T18Eval-00024	N23813087	145	0.0069	45-Topics-Random-99000011
T18Eval-00024	E99990877	146	0.0068	45-Topics-Random-99000011
T18Eval-00024	G99990982	147	0.0068	45-Topics-Random-99000011
T18Eval-00024	M99990178	148	0.0068	45-Topics-Random-99000011
T18Eval-00024	N23812974	149	0.0067	45-Topics-Random-99000011
T18Eval-00024	A99990484	150	0.0067	45-Topics-Random-99000011
T18Eval-00024	N23812904	151	0.0066	45-Topics-Random-99000011
T18Eval-00024	N23812902	152	0.0066	45-Topics-Random-99000011
T18Eval-00024	N23813006	153	0.0065	45-Topics-Random-99000011
T18Eval-00024	N23812936	154	0.0065	45-Topics-Random-99000011
T18Eval-00024	B99990421	155	0.0065	45-Topics-Random-99000011
T18Eval-00024	N23813028	156	0.0064	45-Topics-Random-99000011
T18Eval-00024	N23813002	157	0.0064	45-Topics-Random-99000011
T18Eval-00024	M99990715	158	0.0063	45-Topics-Random-99000011
T18Eval-00024	N23812939	159	0.0063	45-Topics-Random-99000011
T18Eval-00024	A99990455	160	0.0063	45-Topics-Random-99000011
T18Eval-00025	E99990969	1	1.0000	45-Topics-Random-99000011
T18Eval-00025	N23812858	2	0.5000	45-Topics-Random-99000011
T18Eval-00025	A99990650	3	0.3333	45-Topics-Random-99000011
T18Eval-00025	J99990562	4	0.2500	45-Topics-Random-99000011
T18Eval-00025	N23813093	5	0.2000	45-Topics-Random-99000011
T18Eval-00025	N23813102	6	0.1667	45-Topics-Random-99000011
T18Eval-00025	J99990343	7	0.1429	45-Topics-Random-99000011
T18Eval-00025	M99990867	8	0.1250	45-Topics-Random-99000011
T18Eval-00025	N23812982	9	0.1111	45-Topics-Random-99000011
T18Eval-00025	G99990413	10	0.1000	45-Topics-Random-99000011
T18Eval-00025	N23812822	11	0.0909	45-Topics-Random-99000011
T18Eval-00025	K99990324	12	0.0833	45-Topics-Random-99000011
T18Eval-00025	N23812911	13	0.0769	45-Topics-Random-99000011
T18Eval-00025	N23812826	14	0.0714	45-Topics-Random-99000011
T18Eval-00025	N23812819	15	0.0667	45-Topics-Random-99000011
T18Eval-00025	N23812902	16	0.0625	45-Topics-Random-99000011
T18Eval-00025	L99990317	17	0.0588	45-Topics-Random-99000011
T18Eval-00025	N23812904	18	0.0556	45-Topics-Random-99000011
T18Eval-00025	N23812841	19	0.0526	45-Topics-Random-99000011
T18Eval-00025	N23812960	20	0.0500	45-Topics-Random-99000011
T18Eval-00025	N23812955	21	0.0476	45-Topics-Random-99000011
T18Eval-00025	N23813016	22	0.0455	45-Topics-Random-99000011
T18Eval-00025	B99990852	23	0.0435	45-Topics-Random-99000011
T18Eval-00025	N23813042	24	0.0417	45-Topics-Random-99000011
T18Eval-00025	J99990389	25	0.0400	45-Topics-Random-99000011
T18Eval-00025	N23812934	26	0.0385	45-Topics-Random-99000011
T18Eval-00025	N23812870	27	0.0370	45-Topics-Random-99000011
T18Eval-00025	E99990813	28	0.0357	45-Topics-Random-99000011
T18Eval-00025	N23812830	29	0.0345	45-Topics-Random-99000011
T18Eval-00025	N23812903	30	0.0333	45-Topics-Random-99000011
T18Eval-00025	N23812952	31	0.0323	45-Topics-Random-99000011
T18Eval-00025	N23812881	32	0.0312	45-Topics-Random-99000011
T18Eval-00025	B99990944	33	0.0303	45-Topics-Random-99000011
T18Eval-00025	N23813063	34	0.0294	45-Topics-Random-99000011
T18Eval-00025	N23813054	35	0.0286	45-Topics-Random-99000011
T18Eval-00025	N23813006	36	0.0278	45-Topics-Random-99000011
T18Eval-00025	N23812842	37	0.0270	45-Topics-Random-99000011
T18Eval-00025	N23812921	38	0.0263	45-Topics-Random-99000011
T18Eval-00025	N23812940	39	0.0256	45-Topics-Random-99000011
T18Eval-00025	N23812901	40	0.0250	45-Topics-Random-99000011
T18Eval-00025	B99990421	41	0.0244	45-Topics-Random-99000011
T18Eval-00025	N23812913	42	0.0238	45-Topics-Random-99000011
T18Eval-00025	N23812986	43	0.0233	45-Topics-Random-99000011
T18Eval-00025	N23812879	44	0.0227	45-Topics-Random-99000011
T18Eval-00025	N23812827	45	0.0222	45-Topics-Random-99000011
T18Eval-00025	N23812984	46	0.0217	45-Topics-Random-99000011
T18Eval-00025	G99990991	47	0.0213	45-Topics-Random-99000011
T18Eval-00026	F99990528	1	1.0000	45-Topics-Random-99000011
T18Eval-00026	C99990505	2	0.5000	45-Topics-Random-99000011
T18Eval-00026	F99990630	3	0.3333	45-Topics-Random-99000011
T18Eval-00026	F99990135	4	0.2500	45-Topics-Random-99000011
T18Eval-00026	K99990324	5	0.2000	45-Topics-Random-99000011
T18Eval-00026	N23813070	6	0.1667	45-Topics-Random-99000011
T18Eval-00026	M99990889	7	0.1429	45-Topics-Random-99000011
T18Eval-00026	B99990015	8	0.1250	45-Topics-Random-99000011
T18Eval-00026	B99990691	9	0.1111	45-Topics-Random-99000011
T18Eval-00026	M99990981	10	0.1000	45-Topics-Random-99000011
T18Eval-00026	M99990558	11	0.0909	45-Topics-Random-99000011
T18Eval-00026	A99990465	12	0.0833	45-Topics-Random-99000011
T18Eval-00026	H99990759	13	0.0769	45-Topics-Random-99000011
T18Eval-00026	M99991004	14	0.0714	45-Topics-Random-99000011
T18Eval-00026	A99990548	15	0.0667	45-Topics-Random-99000011
T18Eval-00026	B99990504	16	0.0625	45-Topics-Random-99000011
T18Eval-00026	B99990967	17	0.0588	45-Topics-Random-99000011
T18Eval-00026	A99990449	18	0.0556	45-Topics-Random-99000011
T18Eval-00026	M99990490	19	0.0526	45-Topics-Random-99000011
T18Eval-00026	A99990392	20	0.0500	45-Topics-Random-99000011
T18Eval-00026	J99990293	21	0.0476	45-Topics-Random-99000011
T18Eval-00026	E99990703	22	0.0455	45-Topics-Random-99000011
T18Eval-00026	A99990833	23	0.0435	45-Topics-Random-99000011
T18Eval-00026	N23812942	24	0.0417	45-Topics-Random-99000011
T18Eval-00026	A99990014	25	0.0400	45-Topics-Random-99000011
T18Eval-00026	E99990813	26	0.0385	45-Topics-Random-99000011
T18Eval-00026	E99990904	27	0.0370	45-Topics-Random-99000011
T18Eval-00026	N23812921	28	0.0357	45-Topics-Random-99000011
T18Eval-00026	N23812985	29	0.0345	45-Topics-Random-99000011
T18Eval-00026	N23812858	30	0.0333	45-Topics-Random-99000011
T18Eval-00026	N23812905	31	0.0323	45-Topics-Random-99000011
T18Eval-00026	E99990938	32	0.0312	45-Topics-Random-99000011
T18Eval-00026	N23813016	33	0.0303	45-Topics-Random-99000011
T18Eval-00026	N23813005	34	0.0294	45-Topics-Random-99000011
T18Eval-00026	E99990877	35	0.0286	45-Topics-Random-99000011
T18Eval-00026	N23813087	36	0.0278	45-Topics-Random-99000011
T18Eval-00026	M99990021	37	0.0270	45-Topics-Random-99000011
T18Eval-00026	A99990484	38	0.0263	45-Topics-Random-99000011
T18Eval-00026	N23812895	39	0.0256	45-Topics-Random-99000011
T18Eval-00026	F99990577	40	0.0250	45-Topics-Random-99000011
T18Eval-00026	N23812907	41	0.0244	45-Topics-Random-99000011
T18Eval-00026	B99990421	42	0.0238	45-Topics-Random-99000011
T18Eval-00026	N23812878	43	0.0233	45-Topics-Random-99000011
T18Eval-00027	M99990150	1	1.0000	45-Topics-Random-99000011
T18Eval-00027	N23812913	2	0.5000	45-Topics-Random-99000011
T18Eval-00027	N23812926	3	0.3333	45-Topics-Random-99000011
T18Eval-00027	E99990203	4	0.2500	45-Topics-Random-99000011
T18Eval-00027	N23812859	5	0.2000	45-Topics-Random-99000011
T18Eval-00027	N23813026	6	0.1667	45-Topics-Random-99000011
T18Eval-00027	H99990573	7	0.1429	45-Topics-Random-99000011
T18Eval-00027	M99990157	8	0.1250	45-Topics-Random-99000011
T18Eval-00028	F99990064	1	1.0000	45-Topics-Random-99000011
T18Eval-00028	F99990130	2	0.5000	45-Topics-Random-99000011
T18Eval-00028	M99990142	3	0.3333	45-Topics-Random-99000011
T18Eval-00029	A99990014	1	1.0000	45-Topics-Random-99000011
T18Eval-00029	A99990650	2	0.5000	45-Topics-Random-99000011
T18Eval-00029	N23812942	3	0.3333	45-Topics-Random-99000011
T18Eval-00029	M99990646	4	0.2500	45-Topics-Random-99000011
T18Eval-00029	N23812970	5	0.2000	45-Topics-Random-99000011
T18Eval-00029	N23812921	6	0.1667	45-Topics-Random-99000011
T18Eval-00029	N23812828	7	0.1429	45-Topics-Random-99000011
T18Eval-00029	N23813087	8	0.1250	45-Topics-Random-99000011
T18Eval-00029	N23812884	9	0.1111	45-Topics-Random-99000011
T18Eval-00029	L99990459	10	0.1000	45-Topics-Random-99000011
T18Eval-00029	N23812850	11	0.0909	45-Topics-Random-99000011
T18Eval-00029	N23812931	12	0.0833	45-Topics-Random-99000011
T18Eval-00029	M99990553	13	0.0769	45-Topics-Random-99000011
T18Eval-00029	L99990317	14	0.0714	45-Topics-Random-99000011
T18Eval-00029	N23813015	15	0.0667	45-Topics-Random-99000011
T18Eval-00029	N23812824	16	0.0625	45-Topics-Random-99000011
T18Eval-00029	L99990866	17	0.0588	45-Topics-Random-99000011
T18Eval-00029	K99990354	18	0.0556	45-Topics-Random-99000011
T18Eval-00029	N23812975	19	0.0526	45-Topics-Random-99000011
T18Eval-00029	N23812945	20	0.0500	45-Topics-Random-99000011
T18Eval-00029	F99990983	21	0.0476	45-Topics-Random-99000011
T18Eval-00029	L99991014	22	0.0455	45-Topics-Random-99000011
T18Eval-00029	N23812892	23	0.0435	45-Topics-Random-99000011
T18Eval-00029	D99990251	24	0.0417	45-Topics-Random-99000011
T18Eval-00029	M99990814	25	0.0400	45-Topics-Random-99000011
T18Eval-00029	J99990514	26	0.0385	45-Topics-Random-99000011
T18Eval-00029	E99990589	27	0.0370	45-Topics-Random-99000011
T18Eval-00029	M99990647	28	0.0357	45-Topics-Random-99000011
T18Eval-00029	N23812881	29	0.0345	45-Topics-Random-99000011
T18Eval-00029	E99990677	30	0.0333	45-Topics-Random-99000011
T18Eval-00029	N23813009	31	0.0323	45-Topics-Random-99000011
T18Eval-00029	N23812886	32	0.0312	45-Topics-Random-99000011
T18Eval-00029	A99990109	33	0.0303	45-Topics-Random-99000011
T18Eval-00029	N23812820	34	0.0294	45-Topics-Random-99000011
T18Eval-00029	M99990398	35	0.0286	45-Topics-Random-99000011
T18Eval-00029	E99990599	36	0.0278	45-Topics-Random-99000011
T18Eval-00029	M99990066	37	0.0270	45-Topics-Random-99000011
T18Eval-00029	G99990644	38	0.0263	45-Topics-Random-99000011
T18Eval-00029	B99990976	39	0.0256	45-Topics-Random-99000011
T18Eval-00029	N23812873	40	0.0250	45-Topics-Random-99000011
T18Eval-00029	M99990131	41	0.0244	45-Topics-Random-99000011
T18Eval-00029	N23812823	42	0.0238	45-Topics-Random-99000011
T18Eval-00029	N23813002	43	0.0233	45-Topics-Random-99000011
T18Eval-00029	N23813003	44	0.0227	45-Topics-Random-99000011
T18Eval-00029	N23812895	45	0.0222	45-Topics-Random-99000011
T18Eval-00029	N23812842	46	0.0217	45-Topics-Random-99000011
T18Eval-00029	N23812861	47	0.0213	45-Topics-Random-99000011
T18Eval-00029	N23812902	48	0.0208	45-Topics-Random-99000011
T18Eval-00029	N23812830	49	0.0204	45-Topics-Random-99000011
T18Eval-00029	A99990037	50	0.0200	45-Topics-Random-99000011
T18Eval-00029	N23812889	51	0.0196	45-Topics-Random-99000011
T18Eval-00029	N23812858	52	0.0192	45-Topics-Random-99000011
T18Eval-00029	N23812887	53	0.0189	45-Topics-Random-99000011
T18Eval-00029	E99990844	54	0.0185	45-Topics-Random-99000011
T18Eval-00029	N23812845	55	0.0182	45-Topics-Random-99000011
T18Eval-00029	F99990220	56	0.0179	45-Topics-Random-99000011
T18Eval-00029	A99990838	57	0.0175	45-Topics-Random-99000011
T18Eval-00029	E99990361	58	0.0172	45-Topics-Random-99000011
T18Eval-00029	N23812991	59	0.0169	45-Topics-Random-99000011
T18Eval-00029	A99990484	60	0.0167	45-Topics-Random-99000011
T18Eval-00029	A99990176	61	0.0164	45-Topics-Random-99000011
T18Eval-00029	G99990391	62	0.0161	45-Topics-Random-99000011
T18Eval-00029	B99990711	63	0.0159	45-Topics-Random-99000011
T18Eval-00029	F99990577	64	0.0156	45-Topics-Random-99000011
T18Eval-00029	N23812907	65	0.0154	45-Topics-Random-99000011
T18Eval-00029	A99991016	66	0.0152	45-Topics-Random-99000011
T18Eval-00029	E99990821	67	0.0149	45-Topics-Random-99000011
T18Eval-00029	M99990506	68	0.0147	45-Topics-Random-99000011
T18Eval-00029	N23812877	69	0.0145	45-Topics-Random-99000011
T18Eval-00029	G99990134	70	0.0143	45-Topics-Random-99000011
T18Eval-00029	G99990551	71	0.0141	45-Topics-Random-99000011
T18Eval-00029	G99990890	72	0.0139	45-Topics-Random-99000011
T18Eval-00029	G99990743	73	0.0137	45-Topics-Random-99000011
T18Eval-00029	N23812944	74	0.0135	45-Topics-Random-99000011
T18Eval-00029	N23812908	75	0.0133	45-Topics-Random-99000011
T18Eval-00029	N23813073	76	0.0132	45-Topics-Random-99000011
T18Eval-00029	M99990450	77	0.0130	45-Topics-Random-99000011
T18Eval-00029	N23813017	78	0.0128	45-Topics-Random-99000011
T18Eval-00029	A99990833	79	0.0127	45-Topics-Random-99000011
T18Eval-00029	N23812827	80	0.0125	45-Topics-Random-99000011
T18Eval-00030	N23813119	1	1.0000	45-Topics-Random-99000011
T18Eval-00030	K99990354	2	0.5000	45-Topics-Random-99000011
T18Eval-00030	M99990506	3	0.3333	45-Topics-Random-99000011
T18Eval-00030	N23813074	4	0.2500	45-Topics-Random-99000011
T18Eval-00030	H99990759	5	0.2000	45-Topics-Random-99000011
T18Eval-00030	N23812856	6	0.1667	45-Topics-Random-99000011
T18Eval-00030	L99990866	7	0.1429	45-Topics-Random-99000011
T18Eval-00030	N23813100	8	0.1250	45-Topics-Random-99000011
T18Eval-00030	A99990574	9	0.1111	45-Topics-Random-99000011
T18Eval-00030	D99990698	10	0.1000	45-Topics-Random-99000011
T18Eval-00030	K99990324	11	0.0909	45-Topics-Random-99000011
T18Eval-00030	E99990677	12	0.0833	45-Topics-Random-99000011
T18Eval-00030	L99990459	13	0.0769	45-Topics-Random-99000011
T18Eval-00030	M99990811	14	0.0714	45-Topics-Random-99000011
T18Eval-00030	N23812863	15	0.0667	45-Topics-Random-99000011
T18Eval-00030	N23812870	16	0.0625	45-Topics-Random-99000011
T18Eval-00030	E99990639	17	0.0588	45-Topics-Random-99000011
T18Eval-00030	E99990599	18	0.0556	45-Topics-Random-99000011
T18Eval-00030	A99990085	19	0.0526	45-Topics-Random-99000011
T18Eval-00030	A99990014	20	0.0500	45-Topics-Random-99000011
T18Eval-00030	N23812918	21	0.0476	45-Topics-Random-99000011
T18Eval-00030	G99990666	22	0.0455	45-Topics-Random-99000011
T18Eval-00030	M99990990	23	0.0435	45-Topics-Random-99000011
T18Eval-00030	N23812967	24	0.0417	45-Topics-Random-99000011
T18Eval-00030	M99991022	25	0.0400	45-Topics-Random-99000011
T18Eval-00030	N23812838	26	0.0385	45-Topics-Random-99000011
T18Eval-00030	M99990517	27	0.0370	45-Topics-Random-99000011
T18Eval-00030	A99990353	28	0.0357	45-Topics-Random-99000011
T18Eval-00030	D99990466	29	0.0345	45-Topics-Random-99000011
T18Eval-00030	B99990421	30	0.0333	45-Topics-Random-99000011
T18Eval-00030	B99990504	31	0.0323	45-Topics-Random-99000011
T18Eval-00030	N23813073	32	0.0312	45-Topics-Random-99000011
T18Eval-00030	N23813028	33	0.0303	45-Topics-Random-99000011
T18Eval-00030	N23812821	34	0.0294	45-Topics-Random-99000011
T18Eval-00030	N23813012	35	0.0286	45-Topics-Random-99000011
T18Eval-00030	E99990175	36	0.0278	45-Topics-Random-99000011
T18Eval-00030	N23813087	37	0.0270	45-Topics-Random-99000011
T18Eval-00030	D99990914	38	0.0263	45-Topics-Random-99000011
T18Eval-00030	N23813049	39	0.0256	45-Topics-Random-99000011
T18Eval-00030	N23812970	40	0.0250	45-Topics-Random-99000011
T18Eval-00030	F99990596	41	0.0244	45-Topics-Random-99000011
T18Eval-00030	N23813050	42	0.0238	45-Topics-Random-99000011
T18Eval-00030	N23812906	43	0.0233	45-Topics-Random-99000011
T18Eval-00030	N23812950	44	0.0227	45-Topics-Random-99000011
T18Eval-00030	F99990394	45	0.0222	45-Topics-Random-99000011
T18Eval-00030	N23812920	46	0.0217	45-Topics-Random-99000011
T18Eval-00030	N23813022	47	0.0213	45-Topics-Random-99000011
T18Eval-00030	N23812893	48	0.0208	45-Topics-Random-99000011
T18Eval-00030	N23812973	49	0.0204	45-Topics-Random-99000011
T18Eval-00030	N23813104	50	0.0200	45-Topics-Random-99000011
T18Eval-00030	N23812975	51	0.0196	45-Topics-Random-99000011
T18Eval-00030	N23812974	52	0.0192	45-Topics-Random-99000011
T18Eval-00030	N23813055	53	0.0189	45-Topics-Random-99000011
T18Eval-00030	N23812969	54	0.0185	45-Topics-Random-99000011
T18Eval-00030	N23813057	55	0.0182	45-Topics-Random-99000011
T18Eval-00030	E99990969	56	0.0179	45-Topics-Random-99000011
T18Eval-00030	N23813103	57	0.0175	45-Topics-Random-99000011
T18Eval-00030	N23813056	58	0.0172	45-Topics-Random-99000011
T18Eval-00030	N23813006	59	0.0169	45-Topics-Random-99000011
T18Eval-00030	B99990910	60	0.0167	45-Topics-Random-99000011
T18Eval-00030	A99990746	61	0.0164	45-Topics-Random-99000011
T18Eval-00030	N23813054	62	0.0161	45-Topics-Random-99000011
T18Eval-00030	N23813051	63	0.0159	45-Topics-Random-99000011
T18Eval-00030	N23812972	64	0.0156	45-Topics-Random-99000011
T18Eval-00030	N23812971	65	0.0154	45-Topics-Random-99000011
T18Eval-00030	N23813102	66	0.0152	45-Topics-Random-99000011
T18Eval-00030	N23813052	67	0.0149	45-Topics-Random-99000011
T18Eval-00030	N23812822	68	0.0147	45-Topics-Random-99000011
T18Eval-00030	E99990732	69	0.0145	45-Topics-Random-99000011
T18Eval-00030	J99990860	70	0.0143	45-Topics-Random-99000011
T18Eval-00030	M99990490	71	0.0141	45-Topics-Random-99000011
T18Eval-00030	E99990361	72	0.0139	45-Topics-Random-99000011
T18Eval-00030	E99990821	73	0.0137	45-Topics-Random-99000011
T18Eval-00030	B99990667	74	0.0135	45-Topics-Random-99000011
T18Eval-00030	N23813114	75	0.0133	45-Topics-Random-99000011
T18Eval-00030	N23813072	76	0.0132	45-Topics-Random-99000011
T18Eval-00030	N23813063	77	0.0130	45-Topics-Random-99000011
T18Eval-00030	N23812957	78	0.0128	45-Topics-Random-99000011
T18Eval-00030	B99990422	79	0.0127	45-Topics-Random-99000011
T18Eval-00030	D99990137	80	0.0125	45-Topics-Random-99000011
T18Eval-00030	G99990940	81	0.0123	45-Topics-Random-99000011
T18Eval-00030	M99990131	82	0.0122	45-Topics-Random-99000011
T18Eval-00030	N23813115	83	0.0120	45-Topics-Random-99000011
T18Eval-00030	N23812900	84	0.0119	45-Topics-Random-99000011
T18Eval-00030	B99990900	85	0.0118	45-Topics-Random-99000011
T18Eval-00030	N23812879	86	0.0116	45-Topics-Random-99000011
T18Eval-00030	M99990586	87	0.0115	45-Topics-Random-99000011
T18Eval-00030	M99990450	88	0.0114	45-Topics-Random-99000011
T18Eval-00030	B99990083	89	0.0112	45-Topics-Random-99000011
T18Eval-00030	M99990127	90	0.0111	45-Topics-Random-99000011
T18Eval-00030	F99990220	91	0.0110	45-Topics-Random-99000011
T18Eval-00030	M99990157	92	0.0109	45-Topics-Random-99000011
T18Eval-00030	M99990988	93	0.0108	45-Topics-Random-99000011
T18Eval-00031	M99990906	1	1.0000	45-Topics-Random-99000011
T18Eval-00031	M99990637	2	0.5000	45-Topics-Random-99000011
T18Eval-00031	M99990399	3	0.3333	45-Topics-Random-99000011
T18Eval-00031	M99990142	4	0.2500	45-Topics-Random-99000011
T18Eval-00031	E99990813	5	0.2000	45-Topics-Random-99000011
T18Eval-00031	B99990223	6	0.1667	45-Topics-Random-99000011
T18Eval-00031	N23812979	7	0.1429	45-Topics-Random-99000011
T18Eval-00031	N23813009	8	0.1250	45-Topics-Random-99000011
T18Eval-00031	G99990940	9	0.1111	45-Topics-Random-99000011
T18Eval-00031	N23813129	10	0.1000	45-Topics-Random-99000011
T18Eval-00031	M99990554	11	0.0909	45-Topics-Random-99000011
T18Eval-00031	M99990664	12	0.0833	45-Topics-Random-99000011
T18Eval-00031	M99990127	13	0.0769	45-Topics-Random-99000011
T18Eval-00031	N23813073	14	0.0714	45-Topics-Random-99000011
T18Eval-00031	B99990934	15	0.0667	45-Topics-Random-99000011
T18Eval-00031	J99990705	16	0.0625	45-Topics-Random-99000011
T18Eval-00031	N23813039	17	0.0588	45-Topics-Random-99000011
T18Eval-00031	J99990120	18	0.0556	45-Topics-Random-99000011
T18Eval-00031	D99990137	19	0.0526	45-Topics-Random-99000011
T18Eval-00031	N23813000	20	0.0500	45-Topics-Random-99000011
T18Eval-00031	N23813123	21	0.0476	45-Topics-Random-99000011
T18Eval-00031	C99990090	22	0.0455	45-Topics-Random-99000011
T18Eval-00031	M99990506	23	0.0435	45-Topics-Random-99000011
T18Eval-00031	N23813074	24	0.0417	45-Topics-Random-99000011
T18Eval-00031	N23813114	25	0.0400	45-Topics-Random-99000011
T18Eval-00031	M99990420	26	0.0385	45-Topics-Random-99000011
T18Eval-00031	N23813068	27	0.0370	45-Topics-Random-99000011
T18Eval-00031	D99990466	28	0.0357	45-Topics-Random-99000011
T18Eval-00031	E99990194	29	0.0345	45-Topics-Random-99000011
T18Eval-00031	N23813056	30	0.0333	45-Topics-Random-99000011
T18Eval-00031	M99990305	31	0.0323	45-Topics-Random-99000011
T18Eval-00031	N23813072	32	0.0312	45-Topics-Random-99000011
T18Eval-00031	M99990515	33	0.0303	45-Topics-Random-99000011
T18Eval-00031	M99991008	34	0.0294	45-Topics-Random-99000011
T18Eval-00031	N23812981	35	0.0286	45-Topics-Random-99000011
T18Eval-00031	N23812985	36	0.0278	45-Topics-Random-99000011
T18Eval-00031	M99990889	37	0.0270	45-Topics-Random-99000011
T18Eval-00031	F99990220	38	0.0263	45-Topics-Random-99000011
T18Eval-00031	N23812898	39	0.0256	45-Topics-Random-99000011
T18Eval-00031	G99990644	40	0.0250	45-Topics-Random-99000011
T18Eval-00031	B99990708	41	0.0244	45-Topics-Random-99000011
T18Eval-00031	N23812907	42	0.0238	45-Topics-Random-99000011
T18Eval-00031	D99990201	43	0.0233	45-Topics-Random-99000011
T18Eval-00031	M99990499	44	0.0227	45-Topics-Random-99000011
T18Eval-00031	A99990353	45	0.0222	45-Topics-Random-99000011
T18Eval-00031	F99990577	46	0.0217	45-Topics-Random-99000011
T18Eval-00031	A99990274	47	0.0213	45-Topics-Random-99000011
T18Eval-00031	E99990877	48	0.0208	45-Topics-Random-99000011
T18Eval-00031	J99990303	49	0.0204	45-Topics-Random-99000011
T18Eval-00031	M99990212	50	0.0200	45-Topics-Random-99000011
T18Eval-00031	E99990250	51	0.0196	45-Topics-Random-99000011
T18Eval-00031	F99990611	52	0.0192	45-Topics-Random-99000011
T18Eval-00031	M99990131	53	0.0189	45-Topics-Random-99000011
T18Eval-00031	E99990844	54	0.0185	45-Topics-Random-99000011
T18Eval-00031	M99990132	55	0.0182	45-Topics-Random-99000011
T18Eval-00031	G99990493	56	0.0179	45-Topics-Random-99000011
T18Eval-00031	E99990947	57	0.0175	45-Topics-Random-99000011
T18Eval-00031	N23813124	58	0.0172	45-Topics-Random-99000011
T18Eval-00031	N23812997	59	0.0169	45-Topics-Random-99000011
T18Eval-00031	N23812989	60	0.0167	45-Topics-Random-99000011
T18Eval-00031	A99990884	61	0.0164	45-Topics-Random-99000011
T18Eval-00031	N23812942	62	0.0161	45-Topics-Random-99000011
T18Eval-00031	E99990102	63	0.0159	45-Topics-Random-99000011
T18Eval-00031	G99990634	64	0.0156	45-Topics-Random-99000011
T18Eval-00031	A99990753	65	0.0154	45-Topics-Random-99000011
T18Eval-00031	M99990988	66	0.0152	45-Topics-Random-99000011
T18Eval-00031	N23813028	67	0.0149	45-Topics-Random-99000011
T18Eval-00031	N23813063	68	0.0147	45-Topics-Random-99000011
T18Eval-00031	B99990422	69	0.0145	45-Topics-Random-99000011
T18Eval-00031	M99991004	70	0.0143	45-Topics-Random-99000011
T18Eval-00031	A99990465	71	0.0141	45-Topics-Random-99000011
T18Eval-00031	A99990994	72	0.0139	45-Topics-Random-99000011
T18Eval-00031	J99990514	73	0.0137	45-Topics-Random-99000011
T18Eval-00031	N23813026	74	0.0135	45-Topics-Random-99000011
T18Eval-00031	M99990112	75	0.0133	45-Topics-Random-99000011
T18Eval-00031	E99990712	76	0.0132	45-Topics-Random-99000011
T18Eval-00031	E99991011	77	0.0130	45-Topics-Random-99000011
T18Eval-00031	E99990732	78	0.0128	45-Topics-Random-99000011
T18Eval-00031	N23812901	79	0.0127	45-Topics-Random-99000011
T18Eval-00031	N23812924	80	0.0125	45-Topics-Random-99000011
T18Eval-00031	N23812872	81	0.0123	45-Topics-Random-99000011
T18Eval-00031	N23813104	82	0.0122	45-Topics-Random-99000011
T18Eval-00031	M99990242	83	0.0120	45-Topics-Random-99000011
T18Eval-00031	B99990809	84	0.0119	45-Topics-Random-99000011
T18Eval-00031	M99990307	85	0.0118	45-Topics-Random-99000011
T18Eval-00031	E99990525	86	0.0116	45-Topics-Random-99000011
T18Eval-00031	N23812984	87	0.0115	45-Topics-Random-99000011
T18Eval-00031	N23813012	88	0.0114	45-Topics-Random-99000011
T18Eval-00031	N23812956	89	0.0112	45-Topics-Random-99000011
T18Eval-00031	N23813111	90	0.0111	45-Topics-Random-99000011
T18Eval-00031	N23813075	91	0.0110	45-Topics-Random-99000011
T18Eval-00031	M99990990	92	0.0109	45-Topics-Random-99000011
T18Eval-00031	N23812970	93	0.0108	45-Topics-Random-99000011
T18Eval-00031	N23813006	94	0.0106	45-Topics-Random-99000011
T18Eval-00031	G99990550	95	0.0105	45-Topics-Random-99000011
T18Eval-00031	N23813121	96	0.0104	45-Topics-Random-99000011
T18Eval-00031	M99990225	97	0.0103	45-Topics-Random-99000011
T18Eval-00031	N23813119	98	0.0102	45-Topics-Random-99000011
T18Eval-00031	M99990004	99	0.0101	45-Topics-Random-99000011
T18Eval-00031	G99990410	100	0.0100	45-Topics-Random-99000011
T18Eval-00031	A99990803	101	0.0099	45-Topics-Random-99000011
T18Eval-00031	N23813116	102	0.0098	45-Topics-Random-99000011
T18Eval-00031	M99990002	103	0.0097	45-Topics-Random-99000011
T18Eval-00031	N23813024	104	0.0096	45-Topics-Random-99000011
T18Eval-00031	N23813049	105	0.0095	45-Topics-Random-99000011
T18Eval-00031	N23813077	106	0.0094	45-Topics-Random-99000011
T18Eval-00031	E99990486	107	0.0093	45-Topics-Random-99000011
T18Eval-00031	N23812986	108	0.0093	45-Topics-Random-99000011
T18Eval-00031	N23813120	109	0.0092	45-Topics-Random-99000011
T18Eval-00031	B99990504	110	0.0091	45-Topics-Random-99000011
T18Eval-00031	N23813061	111	0.0090	45-Topics-Random-99000011
T18Eval-00031	N23812992	112	0.0089	45-Topics-Random-99000011
T18Eval-00031	N23812844	113	0.0088	45-Topics-Random-99000011
T18Eval-00031	N23812910	114	0.0088	45-Topics-Random-99000011
T18Eval-00031	A99990449	115	0.0087	45-Topics-Random-99000011
T18Eval-00031	N23813087	116	0.0086	45-Topics-Random-99000011
T18Eval-00031	N23813067	117	0.0085	45-Topics-Random-99000011
T18Eval-00031	M99990080	118	0.0085	45-Topics-Random-99000011
T18Eval-00031	N23813131	119	0.0084	45-Topics-Random-99000011
T18Eval-00031	K99990278	120	0.0083	45-Topics-Random-99000011
T18Eval-00031	E99990175	121	0.0083	45-Topics-Random-99000011
T18Eval-00031	M99990204	122	0.0082	45-Topics-Random-99000011
T18Eval-00031	H99990503	123	0.0081	45-Topics-Random-99000011
T18Eval-00031	N23813093	124	0.0081	45-Topics-Random-99000011
T18Eval-00031	M99990558	125	0.0080	45-Topics-Random-99000011
T18Eval-00031	E99990367	126	0.0079	45-Topics-Random-99000011
T18Eval-00031	N23812902	127	0.0079	45-Topics-Random-99000011
T18Eval-00031	N23813115	128	0.0078	45-Topics-Random-99000011
T18Eval-00031	N23812928	129	0.0078	45-Topics-Random-99000011
T18Eval-00031	G99990666	130	0.0077	45-Topics-Random-99000011
T18Eval-00031	N23812867	131	0.0076	45-Topics-Random-99000011
T18Eval-00031	A99990574	132	0.0076	45-Topics-Random-99000011
T18Eval-00031	N23812856	133	0.0075	45-Topics-Random-99000011
T18Eval-00031	E99990244	134	0.0075	45-Topics-Random-99000011
T18Eval-00031	D99990620	135	0.0074	45-Topics-Random-99000011
T18Eval-00031	M99990157	136	0.0074	45-Topics-Random-99000011
T18Eval-00031	N23812983	137	0.0073	45-Topics-Random-99000011
T18Eval-00031	E99990589	138	0.0072	45-Topics-Random-99000011
T18Eval-00031	J99990389	139	0.0072	45-Topics-Random-99000011
T18Eval-00031	M99990165	140	0.0071	45-Topics-Random-99000011
T18Eval-00031	N23812876	141	0.0071	45-Topics-Random-99000011
T18Eval-00031	A99990771	142	0.0070	45-Topics-Random-99000011
T18Eval-00031	H99990071	143	0.0070	45-Topics-Random-99000011
T18Eval-00031	M99990517	144	0.0069	45-Topics-Random-99000011
T18Eval-00031	G99990372	145	0.0069	45-Topics-Random-99000011
T18Eval-00031	N23812974	146	0.0068	45-Topics-Random-99000011
T18Eval-00031	M99990450	147	0.0068	45-Topics-Random-99000011
T18Eval-00031	M99990241	148	0.0068	45-Topics-Random-99000011
T18Eval-00031	E99990479	149	0.0067	45-Topics-Random-99000011
T18Eval-00031	M99990284	150	0.0067	45-Topics-Random-99000011
T18Eval-00031	N23812893	151	0.0066	45-Topics-Random-99000011
T18Eval-00031	N23812940	152	0.0066	45-Topics-Random-99000011
T18Eval-00031	N23812834	153	0.0065	45-Topics-Random-99000011
T18Eval-00031	M99990209	154	0.0065	45-Topics-Random-99000011
T18Eval-00031	N23813050	155	0.0065	45-Topics-Random-99000011
T18Eval-00031	F99990222	156	0.0064	45-Topics-Random-99000011
T18Eval-00031	N23813086	157	0.0064	45-Topics-Random-99000011
T18Eval-00031	N23813084	158	0.0063	45-Topics-Random-99000011
T18Eval-00031	G99990184	159	0.0063	45-Topics-Random-99000011
T18Eval-00031	M99990981	160	0.0063	45-Topics-Random-99000011
T18Eval-00031	H99990807	161	0.0062	45-Topics-Random-99000011
T18Eval-00031	N23813079	162	0.0062	45-Topics-Random-99000011
T18Eval-00031	A99990321	163	0.0061	45-Topics-Random-99000011
T18Eval-00031	N23812905	164	0.0061	45-Topics-Random-99000011
T18Eval-00031	N23812874	165	0.0061	45-Topics-Random-99000011
T18Eval-00031	G99990815	166	0.0060	45-Topics-Random-99000011
T18Eval-00031	G99990991	167	0.0060	45-Topics-Random-99000011
T18Eval-00031	N23812826	168	0.0060	45-Topics-Random-99000011
T18Eval-00031	F99990986	169	0.0059	45-Topics-Random-99000011
T18Eval-00031	N23813130	170	0.0059	45-Topics-Random-99000011
T18Eval-00031	G99990463	171	0.0058	45-Topics-Random-99000011
T18Eval-00031	E99990938	172	0.0058	45-Topics-Random-99000011
T18Eval-00031	N23812935	173	0.0058	45-Topics-Random-99000011
T18Eval-00031	E99990203	174	0.0057	45-Topics-Random-99000011
T18Eval-00031	B99990015	175	0.0057	45-Topics-Random-99000011
T18Eval-00031	M99991022	176	0.0057	45-Topics-Random-99000011
T18Eval-00031	N23812878	177	0.0056	45-Topics-Random-99000011
T18Eval-00031	N23812886	178	0.0056	45-Topics-Random-99000011
T18Eval-00031	N23812822	179	0.0056	45-Topics-Random-99000011
T18Eval-00031	N23812991	180	0.0056	45-Topics-Random-99000011
T18Eval-00031	M99990189	181	0.0055	45-Topics-Random-99000011
T18Eval-00031	N23812896	182	0.0055	45-Topics-Random-99000011
T18Eval-00031	N23812944	183	0.0055	45-Topics-Random-99000011
T18Eval-00031	N23813059	184	0.0054	45-Topics-Random-99000011
T18Eval-00031	N23812887	185	0.0054	45-Topics-Random-99000011
T18Eval-00031	N23813071	186	0.0054	45-Topics-Random-99000011
T18Eval-00031	N23812993	187	0.0053	45-Topics-Random-99000011
T18Eval-00031	N23812957	188	0.0053	45-Topics-Random-99000011
T18Eval-00031	N23812870	189	0.0053	45-Topics-Random-99000011
T18Eval-00031	A99990484	190	0.0053	45-Topics-Random-99000011
T18Eval-00031	N23813096	191	0.0052	45-Topics-Random-99000011
T18Eval-00031	N23812913	192	0.0052	45-Topics-Random-99000011
T18Eval-00031	N23812877	193	0.0052	45-Topics-Random-99000011
T18Eval-00031	A99990085	194	0.0052	45-Topics-Random-99000011
T18Eval-00031	A99990607	195	0.0051	45-Topics-Random-99000011
T18Eval-00031	A99990799	196	0.0051	45-Topics-Random-99000011
T18Eval-00031	N23813102	197	0.0051	45-Topics-Random-99000011
T18Eval-00031	N23812936	198	0.0051	45-Topics-Random-99000011
T18Eval-00031	N23812827	199	0.0050	45-Topics-Random-99000011
T18Eval-00031	N23812830	200	0.0050	45-Topics-Random-99000011
T18Eval-00031	N23813078	201	0.0050	45-Topics-Random-99000011
T18Eval-00031	M99990602	202	0.0050	45-Topics-Random-99000011
T18Eval-00031	N23813002	203	0.0049	45-Topics-Random-99000011
T18Eval-00031	M99990286	204	0.0049	45-Topics-Random-99000011
T18Eval-00031	G99990322	205	0.0049	45-Topics-Random-99000011
T18Eval-00031	N23813003	206	0.0049	45-Topics-Random-99000011
T18Eval-00031	E99990603	207	0.0048	45-Topics-Random-99000011
T18Eval-00031	N23812823	208	0.0048	45-Topics-Random-99000011
T18Eval-00031	N23812828	209	0.0048	45-Topics-Random-99000011
T18Eval-00031	N23812846	210	0.0048	45-Topics-Random-99000011
T18Eval-00031	B99990976	211	0.0047	45-Topics-Random-99000011
T18Eval-00031	N23812851	212	0.0047	45-Topics-Random-99000011
T18Eval-00031	N23813008	213	0.0047	45-Topics-Random-99000011
T18Eval-00031	N23812871	214	0.0047	45-Topics-Random-99000011
T18Eval-00031	M99990715	215	0.0047	45-Topics-Random-99000011
T18Eval-00031	N23812920	216	0.0046	45-Topics-Random-99000011
T18Eval-00031	N23812880	217	0.0046	45-Topics-Random-99000011
T18Eval-00031	N23812845	218	0.0046	45-Topics-Random-99000011
T18Eval-00031	N23812904	219	0.0046	45-Topics-Random-99000011
T18Eval-00031	N23812842	220	0.0045	45-Topics-Random-99000011
T18Eval-00031	G99990743	221	0.0045	45-Topics-Random-99000011
T18Eval-00031	A99990037	222	0.0045	45-Topics-Random-99000011
T18Eval-00031	B99990910	223	0.0045	45-Topics-Random-99000011
T18Eval-00031	N23812965	224	0.0045	45-Topics-Random-99000011
T18Eval-00031	N23812850	225	0.0044	45-Topics-Random-99000011
T18Eval-00031	N23812947	226	0.0044	45-Topics-Random-99000011
T18Eval-00031	N23812881	227	0.0044	45-Topics-Random-99000011
T18Eval-00031	M99990647	228	0.0044	45-Topics-Random-99000011
T18Eval-00031	N23813033	229	0.0044	45-Topics-Random-99000011
T18Eval-00031	N23812948	230	0.0043	45-Topics-Random-99000011
T18Eval-00031	B99990667	231	0.0043	45-Topics-Random-99000011
T18Eval-00031	G99990964	232	0.0043	45-Topics-Random-99000011
T18Eval-00031	M99990325	233	0.0043	45-Topics-Random-99000011
T18Eval-00031	J99990328	234	0.0043	45-Topics-Random-99000011
T18Eval-00031	E99990329	235	0.0043	45-Topics-Random-99000011
T18Eval-00031	N23813069	236	0.0042	45-Topics-Random-99000011
T18Eval-00031	M99990579	237	0.0042	45-Topics-Random-99000011
T18Eval-00031	N23813010	238	0.0042	45-Topics-Random-99000011
T18Eval-00031	A99990820	239	0.0042	45-Topics-Random-99000011
T18Eval-00031	G99990507	240	0.0042	45-Topics-Random-99000011
T18Eval-00031	N23813011	241	0.0041	45-Topics-Random-99000011
T18Eval-00031	N23813057	242	0.0041	45-Topics-Random-99000011
T18Eval-00031	G99990982	243	0.0041	45-Topics-Random-99000011
T18Eval-00031	E99990042	244	0.0041	45-Topics-Random-99000011
T18Eval-00031	N23813103	245	0.0041	45-Topics-Random-99000011
T18Eval-00031	N23812895	246	0.0041	45-Topics-Random-99000011
T18Eval-00031	M99990384	247	0.0040	45-Topics-Random-99000011
T18Eval-00031	N23813016	248	0.0040	45-Topics-Random-99000011
T18Eval-00031	N23812859	249	0.0040	45-Topics-Random-99000011
T18Eval-00031	A99990548	250	0.0040	45-Topics-Random-99000011
T18Eval-00031	M99990490	251	0.0040	45-Topics-Random-99000011
T18Eval-00031	C99990488	252	0.0040	45-Topics-Random-99000011
T18Eval-00031	G99990758	253	0.0040	45-Topics-Random-99000011
T18Eval-00031	G99990170	254	0.0039	45-Topics-Random-99000011
T18Eval-00031	J99990598	255	0.0039	45-Topics-Random-99000011
T18Eval-00031	N23813058	256	0.0039	45-Topics-Random-99000011
T18Eval-00031	M99990895	257	0.0039	45-Topics-Random-99000011
T18Eval-00031	N23812819	258	0.0039	45-Topics-Random-99000011
T18Eval-00031	N23812906	259	0.0039	45-Topics-Random-99000011
T18Eval-00031	E99990728	260	0.0038	45-Topics-Random-99000011
T18Eval-00031	M99990586	261	0.0038	45-Topics-Random-99000011
T18Eval-00031	N23812961	262	0.0038	45-Topics-Random-99000011
T18Eval-00031	M99990261	263	0.0038	45-Topics-Random-99000011
T18Eval-00031	B99990856	264	0.0038	45-Topics-Random-99000011
T18Eval-00031	L99990459	265	0.0038	45-Topics-Random-99000011
T18Eval-00031	M99990837	266	0.0038	45-Topics-Random-99000011
T18Eval-00031	E99990593	267	0.0037	45-Topics-Random-99000011
T18Eval-00033	F99990309	1	1.0000	45-Topics-Random-99000011
T18Eval-00033	M99990490	2	0.5000	45-Topics-Random-99000011
T18Eval-00033	B99990853	3	0.3333	45-Topics-Random-99000011
T18Eval-00033	E99990102	4	0.2500	45-Topics-Random-99000011
T18Eval-00033	K99990992	5	0.2000	45-Topics-Random-99000011
T18Eval-00033	M99990325	6	0.1667	45-Topics-Random-99000011
T18Eval-00033	M99991004	7	0.1429	45-Topics-Random-99000011
T18Eval-00033	M99990742	8	0.1250	45-Topics-Random-99000011
T18Eval-00033	N23813003	9	0.1111	45-Topics-Random-99000011
T18Eval-00033	N23812926	10	0.1000	45-Topics-Random-99000011
T18Eval-00034	A99990037	1	1.0000	45-Topics-Random-99000011
T18Eval-00034	M99990497	2	0.5000	45-Topics-Random-99000011
T18Eval-00034	B99990934	3	0.3333	45-Topics-Random-99000011
T18Eval-00034	N23812997	4	0.2500	45-Topics-Random-99000011
T18Eval-00034	N23813088	5	0.2000	45-Topics-Random-99000011
T18Eval-00034	E99990877	6	0.1667	45-Topics-Random-99000011
T18Eval-00034	M99990021	7	0.1429	45-Topics-Random-99000011
T18Eval-00034	E99990904	8	0.1250	45-Topics-Random-99000011
T18Eval-00034	M99990541	9	0.1111	45-Topics-Random-99000011
T18Eval-00034	M99990499	10	0.1000	45-Topics-Random-99000011
T18Eval-00034	E99990947	11	0.0909	45-Topics-Random-99000011
T18Eval-00034	E99990857	12	0.0833	45-Topics-Random-99000011
T18Eval-00034	B99990504	13	0.0769	45-Topics-Random-99000011
T18Eval-00034	B99990853	14	0.0714	45-Topics-Random-99000011
T18Eval-00034	B99990416	15	0.0667	45-Topics-Random-99000011
T18Eval-00034	A99990117	16	0.0625	45-Topics-Random-99000011
T18Eval-00034	M99990646	17	0.0588	45-Topics-Random-99000011
T18Eval-00034	M99990918	18	0.0556	45-Topics-Random-99000011
T18Eval-00034	M99990241	19	0.0526	45-Topics-Random-99000011
T18Eval-00034	E99991011	20	0.0500	45-Topics-Random-99000011
T18Eval-00034	E99990712	21	0.0476	45-Topics-Random-99000011
T18Eval-00034	E99990525	22	0.0455	45-Topics-Random-99000011
T18Eval-00034	M99990442	23	0.0435	45-Topics-Random-99000011
T18Eval-00034	K99990992	24	0.0417	45-Topics-Random-99000011
T18Eval-00034	M99990178	25	0.0400	45-Topics-Random-99000011
T18Eval-00034	D99990620	26	0.0385	45-Topics-Random-99000011
T18Eval-00034	B99990015	27	0.0370	45-Topics-Random-99000011
T18Eval-00034	A99990085	28	0.0357	45-Topics-Random-99000011
T18Eval-00034	M99990325	29	0.0345	45-Topics-Random-99000011
T18Eval-00034	M99990399	30	0.0333	45-Topics-Random-99000011
T18Eval-00034	M99990832	31	0.0323	45-Topics-Random-99000011
T18Eval-00034	N23812985	32	0.0312	45-Topics-Random-99000011
T18Eval-00034	M99990889	33	0.0303	45-Topics-Random-99000011
T18Eval-00034	J99990337	34	0.0294	45-Topics-Random-99000011
T18Eval-00034	M99990060	35	0.0286	45-Topics-Random-99000011
T18Eval-00034	N23813131	36	0.0278	45-Topics-Random-99000011
T18Eval-00034	M99990730	37	0.0270	45-Topics-Random-99000011
T18Eval-00034	N23813016	38	0.0263	45-Topics-Random-99000011
T18Eval-00034	N23813009	39	0.0256	45-Topics-Random-99000011
T18Eval-00034	M99990123	40	0.0250	45-Topics-Random-99000011
T18Eval-00034	M99990450	41	0.0244	45-Topics-Random-99000011
T18Eval-00034	N23813046	42	0.0238	45-Topics-Random-99000011
T18Eval-00034	N23812926	43	0.0233	45-Topics-Random-99000011
T18Eval-00034	N23812945	44	0.0227	45-Topics-Random-99000011
T18Eval-00034	N23812883	45	0.0222	45-Topics-Random-99000011
T18Eval-00034	N23812827	46	0.0217	45-Topics-Random-99000011
T18Eval-00034	N23813084	47	0.0213	45-Topics-Random-99000011
T18Eval-00034	M99990558	48	0.0208	45-Topics-Random-99000011
T18Eval-00035	K99990278	1	1.0000	45-Topics-Random-99000011
T18Eval-00035	B99990504	2	0.5000	45-Topics-Random-99000011
T18Eval-00035	G99990666	3	0.3333	45-Topics-Random-99000011
T18Eval-00035	N23812856	4	0.2500	45-Topics-Random-99000011
T18Eval-00035	K99990324	5	0.2000	45-Topics-Random-99000011
T18Eval-00035	N23813130	6	0.1667	45-Topics-Random-99000011
T18Eval-00035	D99990251	7	0.1429	45-Topics-Random-99000011
T18Eval-00035	M99990490	8	0.1250	45-Topics-Random-99000011
T18Eval-00035	M99990867	9	0.1111	45-Topics-Random-99000011
T18Eval-00035	A99990574	10	0.1000	45-Topics-Random-99000011
T18Eval-00035	N23812897	11	0.0909	45-Topics-Random-99000011
T18Eval-00035	N23812979	12	0.0833	45-Topics-Random-99000011
T18Eval-00035	M99990286	13	0.0769	45-Topics-Random-99000011
T18Eval-00035	C99990535	14	0.0714	45-Topics-Random-99000011
T18Eval-00035	C99990578	15	0.0667	45-Topics-Random-99000011
T18Eval-00035	F99990528	16	0.0625	45-Topics-Random-99000011
T18Eval-00035	C99990737	17	0.0588	45-Topics-Random-99000011
T18Eval-00035	F99990983	18	0.0556	45-Topics-Random-99000011
T18Eval-00035	C99990689	19	0.0526	45-Topics-Random-99000011
T18Eval-00035	M99990517	20	0.0500	45-Topics-Random-99000011
T18Eval-00035	B99990223	21	0.0476	45-Topics-Random-99000011
T18Eval-00035	N23812961	22	0.0455	45-Topics-Random-99000011
T18Eval-00035	M99990579	23	0.0435	45-Topics-Random-99000011
T18Eval-00035	M99990433	24	0.0417	45-Topics-Random-99000011
T18Eval-00035	K99990354	25	0.0400	45-Topics-Random-99000011
T18Eval-00035	M99990506	26	0.0385	45-Topics-Random-99000011
T18Eval-00035	M99990212	27	0.0370	45-Topics-Random-99000011
T18Eval-00035	N23812924	28	0.0357	45-Topics-Random-99000011
T18Eval-00035	N23813074	29	0.0345	45-Topics-Random-99000011
T18Eval-00035	N23812866	30	0.0333	45-Topics-Random-99000011
T18Eval-00035	E99990228	31	0.0323	45-Topics-Random-99000011
T18Eval-00035	H99990759	32	0.0312	45-Topics-Random-99000011
T18Eval-00035	M99990399	33	0.0303	45-Topics-Random-99000011
T18Eval-00035	L99990866	34	0.0294	45-Topics-Random-99000011
T18Eval-00035	N23813100	35	0.0286	45-Topics-Random-99000011
T18Eval-00035	D99991024	36	0.0278	45-Topics-Random-99000011
T18Eval-00035	D99990698	37	0.0270	45-Topics-Random-99000011
T18Eval-00035	E99990486	38	0.0263	45-Topics-Random-99000011
T18Eval-00035	E99990677	39	0.0256	45-Topics-Random-99000011
T18Eval-00035	L99990459	40	0.0250	45-Topics-Random-99000011
T18Eval-00035	M99990811	41	0.0244	45-Topics-Random-99000011
T18Eval-00035	N23812863	42	0.0238	45-Topics-Random-99000011
T18Eval-00035	G99990550	43	0.0233	45-Topics-Random-99000011
T18Eval-00035	N23812870	44	0.0227	45-Topics-Random-99000011
T18Eval-00035	E99990639	45	0.0222	45-Topics-Random-99000011
T18Eval-00035	E99990599	46	0.0217	45-Topics-Random-99000011
T18Eval-00035	A99990085	47	0.0213	45-Topics-Random-99000011
T18Eval-00035	A99990014	48	0.0208	45-Topics-Random-99000011
T18Eval-00035	N23812918	49	0.0204	45-Topics-Random-99000011
T18Eval-00035	M99990990	50	0.0200	45-Topics-Random-99000011
T18Eval-00035	N23812967	51	0.0196	45-Topics-Random-99000011
T18Eval-00035	M99991022	52	0.0192	45-Topics-Random-99000011
T18Eval-00035	N23812838	53	0.0189	45-Topics-Random-99000011
T18Eval-00035	A99990353	54	0.0185	45-Topics-Random-99000011
T18Eval-00035	D99990466	55	0.0182	45-Topics-Random-99000011
T18Eval-00035	B99990421	56	0.0179	45-Topics-Random-99000011
T18Eval-00035	N23813073	57	0.0175	45-Topics-Random-99000011
T18Eval-00035	N23813028	58	0.0172	45-Topics-Random-99000011
T18Eval-00035	N23812821	59	0.0169	45-Topics-Random-99000011
T18Eval-00035	N23813012	60	0.0167	45-Topics-Random-99000011
T18Eval-00035	E99990175	61	0.0164	45-Topics-Random-99000011
T18Eval-00035	N23813087	62	0.0161	45-Topics-Random-99000011
T18Eval-00035	D99990914	63	0.0159	45-Topics-Random-99000011
T18Eval-00035	N23813049	64	0.0156	45-Topics-Random-99000011
T18Eval-00035	N23812970	65	0.0154	45-Topics-Random-99000011
T18Eval-00035	M99990499	66	0.0152	45-Topics-Random-99000011
T18Eval-00035	F99990596	67	0.0149	45-Topics-Random-99000011
T18Eval-00035	N23813050	68	0.0147	45-Topics-Random-99000011
T18Eval-00035	N23812950	69	0.0145	45-Topics-Random-99000011
T18Eval-00035	N23812906	70	0.0143	45-Topics-Random-99000011
T18Eval-00035	J99990562	71	0.0141	45-Topics-Random-99000011
T18Eval-00035	J99990494	72	0.0139	45-Topics-Random-99000011
T18Eval-00035	F99990394	73	0.0137	45-Topics-Random-99000011
T18Eval-00035	G99990743	74	0.0135	45-Topics-Random-99000011
T18Eval-00035	F99990130	75	0.0133	45-Topics-Random-99000011
T18Eval-00035	N23812920	76	0.0132	45-Topics-Random-99000011
T18Eval-00035	N23812893	77	0.0130	45-Topics-Random-99000011
T18Eval-00035	N23813022	78	0.0128	45-Topics-Random-99000011
T18Eval-00035	N23813103	79	0.0127	45-Topics-Random-99000011
T18Eval-00035	E99990969	80	0.0125	45-Topics-Random-99000011
T18Eval-00035	N23812974	81	0.0123	45-Topics-Random-99000011
T18Eval-00035	N23812969	82	0.0122	45-Topics-Random-99000011
T18Eval-00035	N23812973	83	0.0120	45-Topics-Random-99000011
T18Eval-00035	N23813056	84	0.0119	45-Topics-Random-99000011
T18Eval-00035	N23813057	85	0.0118	45-Topics-Random-99000011
T18Eval-00035	N23812975	86	0.0116	45-Topics-Random-99000011
T18Eval-00035	N23813055	87	0.0115	45-Topics-Random-99000011
T18Eval-00035	N23813104	88	0.0114	45-Topics-Random-99000011
T18Eval-00035	N23813068	89	0.0112	45-Topics-Random-99000011
T18Eval-00035	N23813006	90	0.0111	45-Topics-Random-99000011
T18Eval-00035	N23813026	91	0.0110	45-Topics-Random-99000011
T18Eval-00035	B99990910	92	0.0109	45-Topics-Random-99000011
T18Eval-00035	N23812901	93	0.0108	45-Topics-Random-99000011
T18Eval-00035	N23813054	94	0.0106	45-Topics-Random-99000011
T18Eval-00035	N23813102	95	0.0105	45-Topics-Random-99000011
T18Eval-00035	A99990746	96	0.0104	45-Topics-Random-99000011
T18Eval-00035	N23812972	97	0.0103	45-Topics-Random-99000011
T18Eval-00035	N23813051	98	0.0102	45-Topics-Random-99000011
T18Eval-00035	N23813052	99	0.0101	45-Topics-Random-99000011
T18Eval-00035	N23812971	100	0.0100	45-Topics-Random-99000011
T18Eval-00035	N23812827	101	0.0099	45-Topics-Random-99000011
T18Eval-00035	G99990644	102	0.0098	45-Topics-Random-99000011
T18Eval-00035	N23812822	103	0.0097	45-Topics-Random-99000011
T18Eval-00035	E99990732	104	0.0096	45-Topics-Random-99000011
T18Eval-00035	J99990860	105	0.0095	45-Topics-Random-99000011
T18Eval-00035	E99990361	106	0.0094	45-Topics-Random-99000011
T18Eval-00035	E99990821	107	0.0093	45-Topics-Random-99000011
T18Eval-00035	B99990667	108	0.0093	45-Topics-Random-99000011
T18Eval-00035	N23813114	109	0.0092	45-Topics-Random-99000011
T18Eval-00035	N23813072	110	0.0091	45-Topics-Random-99000011
T18Eval-00035	N23813063	111	0.0090	45-Topics-Random-99000011
T18Eval-00035	N23812957	112	0.0089	45-Topics-Random-99000011
T18Eval-00035	B99990422	113	0.0088	45-Topics-Random-99000011
T18Eval-00035	D99990137	114	0.0088	45-Topics-Random-99000011
T18Eval-00035	G99990940	115	0.0087	45-Topics-Random-99000011
T18Eval-00035	M99990131	116	0.0086	45-Topics-Random-99000011
T18Eval-00035	N23813115	117	0.0085	45-Topics-Random-99000011
T18Eval-00035	N23812900	118	0.0085	45-Topics-Random-99000011
T18Eval-00035	B99990900	119	0.0084	45-Topics-Random-99000011
T18Eval-00035	N23812879	120	0.0083	45-Topics-Random-99000011
T18Eval-00035	M99990586	121	0.0083	45-Topics-Random-99000011
T18Eval-00035	M99990450	122	0.0082	45-Topics-Random-99000011
T18Eval-00035	B99990083	123	0.0081	45-Topics-Random-99000011
T18Eval-00035	M99990127	124	0.0081	45-Topics-Random-99000011
T18Eval-00035	F99990220	125	0.0080	45-Topics-Random-99000011
T18Eval-00035	M99990157	126	0.0079	45-Topics-Random-99000011
T18Eval-00035	M99990988	127	0.0079	45-Topics-Random-99000011
T18Eval-00036	N23813130	1	1.0000	45-Topics-Random-99000011
T18Eval-00036	N23813114	2	0.5000	45-Topics-Random-99000011
T18Eval-00036	N23813131	3	0.3333	45-Topics-Random-99000011
T18Eval-00036	N23813115	4	0.2500	45-Topics-Random-99000011
T18Eval-00036	N23813117	5	0.2000	45-Topics-Random-99000011
T18Eval-00036	B99990934	6	0.1667	45-Topics-Random-99000011
T18Eval-00036	N23813127	7	0.1429	45-Topics-Random-99000011
T18Eval-00036	N23813129	8	0.1250	45-Topics-Random-99000011
T18Eval-00036	E99990712	9	0.1111	45-Topics-Random-99000011
T18Eval-00036	C99990488	10	0.1000	45-Topics-Random-99000011
T18Eval-00036	A99990096	11	0.0909	45-Topics-Random-99000011
T18Eval-00036	N23813126	12	0.0833	45-Topics-Random-99000011
T18Eval-00036	E99990821	13	0.0769	45-Topics-Random-99000011
T18Eval-00036	M99990832	14	0.0714	45-Topics-Random-99000011
T18Eval-00036	G99990493	15	0.0667	45-Topics-Random-99000011
T18Eval-00036	N23812870	16	0.0625	45-Topics-Random-99000011
T18Eval-00036	M99990637	17	0.0588	45-Topics-Random-99000011
T18Eval-00036	N23812998	18	0.0556	45-Topics-Random-99000011
T18Eval-00036	D99990914	19	0.0526	45-Topics-Random-99000011
T18Eval-00036	N23812936	20	0.0500	45-Topics-Random-99000011
T18Eval-00036	N23813016	21	0.0476	45-Topics-Random-99000011
T18Eval-00036	A99990085	22	0.0455	45-Topics-Random-99000011
T18Eval-00036	M99990123	23	0.0435	45-Topics-Random-99000011
T18Eval-00036	A99990574	24	0.0417	45-Topics-Random-99000011
T18Eval-00036	N23812892	25	0.0400	45-Topics-Random-99000011
T18Eval-00036	N23812821	26	0.0385	45-Topics-Random-99000011
T18Eval-00036	N23812838	27	0.0370	45-Topics-Random-99000011
T18Eval-00036	M99990742	28	0.0357	45-Topics-Random-99000011
T18Eval-00036	F99990220	29	0.0345	45-Topics-Random-99000011
T18Eval-00036	N23813072	30	0.0333	45-Topics-Random-99000011
T18Eval-00036	B99990691	31	0.0323	45-Topics-Random-99000011
T18Eval-00036	N23813029	32	0.0312	45-Topics-Random-99000011
T18Eval-00036	G99990964	33	0.0303	45-Topics-Random-99000011
T18Eval-00036	N23812908	34	0.0294	45-Topics-Random-99000011
T18Eval-00036	G99990184	35	0.0286	45-Topics-Random-99000011
T18Eval-00036	H99990573	36	0.0278	45-Topics-Random-99000011
T18Eval-00036	G99990644	37	0.0270	45-Topics-Random-99000011
T18Eval-00036	M99990420	38	0.0263	45-Topics-Random-99000011
T18Eval-00036	N23813020	39	0.0256	45-Topics-Random-99000011
T18Eval-00036	M99990002	40	0.0250	45-Topics-Random-99000011
T18Eval-00036	M99990131	41	0.0244	45-Topics-Random-99000011
T18Eval-00036	J99990514	42	0.0238	45-Topics-Random-99000011
T18Eval-00036	N23813075	43	0.0233	45-Topics-Random-99000011
T18Eval-00036	M99990837	44	0.0227	45-Topics-Random-99000011
T18Eval-00036	M99990515	45	0.0222	45-Topics-Random-99000011
T18Eval-00036	H99990807	46	0.0217	45-Topics-Random-99000011
T18Eval-00036	M99990450	47	0.0213	45-Topics-Random-99000011
T18Eval-00036	N23813007	48	0.0208	45-Topics-Random-99000011
T18Eval-00036	L99990459	49	0.0204	45-Topics-Random-99000011
T18Eval-00036	N23813028	50	0.0200	45-Topics-Random-99000011
T18Eval-00036	N23813120	51	0.0196	45-Topics-Random-99000011
T18Eval-00036	E99990479	52	0.0192	45-Topics-Random-99000011
T18Eval-00036	N23813123	53	0.0189	45-Topics-Random-99000011
T18Eval-00036	G99990098	54	0.0185	45-Topics-Random-99000011
T18Eval-00036	N23813074	55	0.0182	45-Topics-Random-99000011
T18Eval-00036	N23813121	56	0.0179	45-Topics-Random-99000011
T18Eval-00036	M99990990	57	0.0175	45-Topics-Random-99000011
T18Eval-00036	M99991000	58	0.0172	45-Topics-Random-99000011
T18Eval-00036	N23812819	59	0.0169	45-Topics-Random-99000011
T18Eval-00036	H99990374	60	0.0167	45-Topics-Random-99000011
T18Eval-00036	M99990981	61	0.0164	45-Topics-Random-99000011
T18Eval-00036	N23813071	62	0.0161	45-Topics-Random-99000011
T18Eval-00036	E99990969	63	0.0159	45-Topics-Random-99000011
T18Eval-00036	M99990483	64	0.0156	45-Topics-Random-99000011
T18Eval-00036	N23812868	65	0.0154	45-Topics-Random-99000011
T18Eval-00036	N23812925	66	0.0152	45-Topics-Random-99000011
T18Eval-00036	N23813061	67	0.0149	45-Topics-Random-99000011
T18Eval-00036	M99990715	68	0.0147	45-Topics-Random-99000011
T18Eval-00036	N23813039	69	0.0145	45-Topics-Random-99000011
T18Eval-00036	F99990528	70	0.0143	45-Topics-Random-99000011
T18Eval-00036	N23812904	71	0.0141	45-Topics-Random-99000011
T18Eval-00036	G99990266	72	0.0139	45-Topics-Random-99000011
T18Eval-00036	N23813059	73	0.0137	45-Topics-Random-99000011
T18Eval-00036	M99991022	74	0.0135	45-Topics-Random-99000011
T18Eval-00036	B99990706	75	0.0133	45-Topics-Random-99000011
T18Eval-00036	N23812997	76	0.0132	45-Topics-Random-99000011
T18Eval-00036	N23812921	77	0.0130	45-Topics-Random-99000011
T18Eval-00036	M99991008	78	0.0128	45-Topics-Random-99000011
T18Eval-00036	N23812926	79	0.0127	45-Topics-Random-99000011
T18Eval-00036	M99990080	80	0.0125	45-Topics-Random-99000011
T18Eval-00036	M99990325	81	0.0123	45-Topics-Random-99000011
T18Eval-00036	N23813073	82	0.0122	45-Topics-Random-99000011
T18Eval-00037	B99990291	1	1.0000	45-Topics-Random-99000011
T18Eval-00037	M99990112	2	0.5000	45-Topics-Random-99000011
T18Eval-00037	G99990266	3	0.3333	45-Topics-Random-99000011
T18Eval-00037	N23813027	4	0.2500	45-Topics-Random-99000011
T18Eval-00037	M99990261	5	0.2000	45-Topics-Random-99000011
T18Eval-00037	A99990321	6	0.1667	45-Topics-Random-99000011
T18Eval-00037	E99990203	7	0.1429	45-Topics-Random-99000011
T18Eval-00037	E99990844	8	0.1250	45-Topics-Random-99000011
T18Eval-00037	A99990455	9	0.1111	45-Topics-Random-99000011
T18Eval-00037	F99990577	10	0.1000	45-Topics-Random-99000011
T18Eval-00037	M99990131	11	0.0909	45-Topics-Random-99000011
T18Eval-00037	M99990490	12	0.0833	45-Topics-Random-99000011
T18Eval-00037	J99990343	13	0.0769	45-Topics-Random-99000011
T18Eval-00037	N23812834	14	0.0714	45-Topics-Random-99000011
T18Eval-00037	K99990354	15	0.0667	45-Topics-Random-99000011
T18Eval-00037	G99990743	16	0.0625	45-Topics-Random-99000011
T18Eval-00037	M99990906	17	0.0588	45-Topics-Random-99000011
T18Eval-00037	A99990724	18	0.0556	45-Topics-Random-99000011
T18Eval-00037	C99990737	19	0.0526	45-Topics-Random-99000011
T18Eval-00037	N23812872	20	0.0500	45-Topics-Random-99000011
T18Eval-00037	G99990507	21	0.0476	45-Topics-Random-99000011
T18Eval-00037	N23812823	22	0.0455	45-Topics-Random-99000011
T18Eval-00037	J99990514	23	0.0435	45-Topics-Random-99000011
T18Eval-00037	B99990706	24	0.0417	45-Topics-Random-99000011
T18Eval-00037	N23813056	25	0.0400	45-Topics-Random-99000011
T18Eval-00037	M99990227	26	0.0385	45-Topics-Random-99000011
T18Eval-00037	B99990668	27	0.0370	45-Topics-Random-99000011
T18Eval-00037	M99990837	28	0.0357	45-Topics-Random-99000011
T18Eval-00037	M99990499	29	0.0345	45-Topics-Random-99000011
T18Eval-00037	A99990836	30	0.0333	45-Topics-Random-99000011
T18Eval-00037	M99990325	31	0.0323	45-Topics-Random-99000011
T18Eval-00037	N23812830	32	0.0312	45-Topics-Random-99000011
T18Eval-00037	N23812877	33	0.0303	45-Topics-Random-99000011
T18Eval-00037	N23812936	34	0.0294	45-Topics-Random-99000011
T18Eval-00037	N23813038	35	0.0286	45-Topics-Random-99000011
T18Eval-00037	F99990309	36	0.0278	45-Topics-Random-99000011
T18Eval-00037	N23813072	37	0.0270	45-Topics-Random-99000011
T18Eval-00037	N23813104	38	0.0263	45-Topics-Random-99000011
T18Eval-00037	E99990969	39	0.0256	45-Topics-Random-99000011
T18Eval-00037	N23812919	40	0.0250	45-Topics-Random-99000011
T18Eval-00037	A99990003	41	0.0244	45-Topics-Random-99000011
T18Eval-00037	A99990290	42	0.0238	45-Topics-Random-99000011
T18Eval-00037	A99990653	43	0.0233	45-Topics-Random-99000011
T18Eval-00037	F99990064	44	0.0227	45-Topics-Random-99000011
T18Eval-00037	M99990107	45	0.0222	45-Topics-Random-99000011
T18Eval-00037	B99990491	46	0.0217	45-Topics-Random-99000011
T18Eval-00037	G99990510	47	0.0213	45-Topics-Random-99000011
T18Eval-00037	M99990867	48	0.0208	45-Topics-Random-99000011
T18Eval-00037	B99990809	49	0.0204	45-Topics-Random-99000011
T18Eval-00037	N23812934	50	0.0200	45-Topics-Random-99000011
T18Eval-00037	G99990410	51	0.0196	45-Topics-Random-99000011
T18Eval-00037	A99990014	52	0.0192	45-Topics-Random-99000011
T18Eval-00037	N23812856	53	0.0189	45-Topics-Random-99000011
T18Eval-00037	B99990665	54	0.0185	45-Topics-Random-99000011
T18Eval-00037	H99990807	55	0.0182	45-Topics-Random-99000011
T18Eval-00037	N23813015	56	0.0179	45-Topics-Random-99000011
T18Eval-00037	A99990884	57	0.0175	45-Topics-Random-99000011
T18Eval-00037	E99990677	58	0.0172	45-Topics-Random-99000011
T18Eval-00037	B99990727	59	0.0169	45-Topics-Random-99000011
T18Eval-00037	D99990338	60	0.0167	45-Topics-Random-99000011
T18Eval-00037	G99990982	61	0.0164	45-Topics-Random-99000011
T18Eval-00037	A99990803	62	0.0161	45-Topics-Random-99000011
T18Eval-00037	E99990821	63	0.0159	45-Topics-Random-99000011
T18Eval-00037	B99990223	64	0.0156	45-Topics-Random-99000011
T18Eval-00037	A99990753	65	0.0154	45-Topics-Random-99000011
T18Eval-00037	G99990666	66	0.0152	45-Topics-Random-99000011
T18Eval-00037	N23812982	67	0.0149	45-Topics-Random-99000011
T18Eval-00037	N23812993	68	0.0147	45-Topics-Random-99000011
T18Eval-00037	N23812974	69	0.0145	45-Topics-Random-99000011
T18Eval-00037	G99990964	70	0.0143	45-Topics-Random-99000011
T18Eval-00037	J99990562	71	0.0141	45-Topics-Random-99000011
T18Eval-00037	G99990322	72	0.0139	45-Topics-Random-99000011
T18Eval-00037	G99990890	73	0.0137	45-Topics-Random-99000011
T18Eval-00037	G99990089	74	0.0135	45-Topics-Random-99000011
T18Eval-00037	G99990391	75	0.0133	45-Topics-Random-99000011
T18Eval-00037	J99990705	76	0.0132	45-Topics-Random-99000011
T18Eval-00037	M99990066	77	0.0130	45-Topics-Random-99000011
T18Eval-00037	N23812960	78	0.0128	45-Topics-Random-99000011
T18Eval-00037	B99990422	79	0.0127	45-Topics-Random-99000011
T18Eval-00037	N23812950	80	0.0125	45-Topics-Random-99000011
T18Eval-00037	A99990650	81	0.0123	45-Topics-Random-99000011
T18Eval-00037	G99990940	82	0.0122	45-Topics-Random-99000011
T18Eval-00037	A99991016	83	0.0120	45-Topics-Random-99000011
T18Eval-00037	N23812884	84	0.0119	45-Topics-Random-99000011
T18Eval-00037	G99990758	85	0.0118	45-Topics-Random-99000011
T18Eval-00037	G99990815	86	0.0116	45-Topics-Random-99000011
T18Eval-00037	G99990170	87	0.0115	45-Topics-Random-99000011
T18Eval-00037	K99990324	88	0.0114	45-Topics-Random-99000011
T18Eval-00037	N23812931	89	0.0112	45-Topics-Random-99000011
T18Eval-00037	N23813009	90	0.0111	45-Topics-Random-99000011
T18Eval-00037	A99990574	91	0.0110	45-Topics-Random-99000011
T18Eval-00037	N23812858	92	0.0109	45-Topics-Random-99000011
T18Eval-00037	D99990620	93	0.0108	45-Topics-Random-99000011
T18Eval-00037	N23812844	94	0.0106	45-Topics-Random-99000011
T18Eval-00037	N23812824	95	0.0105	45-Topics-Random-99000011
T18Eval-00037	G99990372	96	0.0104	45-Topics-Random-99000011
T18Eval-00037	J99990120	97	0.0103	45-Topics-Random-99000011
T18Eval-00037	G99990861	98	0.0102	45-Topics-Random-99000011
T18Eval-00037	B99990853	99	0.0101	45-Topics-Random-99000011
T18Eval-00037	G99990991	100	0.0100	45-Topics-Random-99000011
T18Eval-00037	M99990715	101	0.0099	45-Topics-Random-99000011
T18Eval-00037	A99990746	102	0.0098	45-Topics-Random-99000011
T18Eval-00037	N23812861	103	0.0097	45-Topics-Random-99000011
T18Eval-00037	G99990550	104	0.0096	45-Topics-Random-99000011
T18Eval-00037	G99990644	105	0.0095	45-Topics-Random-99000011
T18Eval-00037	H99990759	106	0.0094	45-Topics-Random-99000011
T18Eval-00037	B99990976	107	0.0093	45-Topics-Random-99000011
T18Eval-00037	L99990317	108	0.0093	45-Topics-Random-99000011
T18Eval-00038	M99990664	1	1.0000	45-Topics-Random-99000011
T18Eval-00038	A99990803	2	0.5000	45-Topics-Random-99000011
T18Eval-00038	N23812819	3	0.3333	45-Topics-Random-99000011
T18Eval-00038	G99990991	4	0.2500	45-Topics-Random-99000011
T18Eval-00038	E99991011	5	0.2000	45-Topics-Random-99000011
T18Eval-00038	J99990337	6	0.1667	45-Topics-Random-99000011
T18Eval-00038	H99990759	7	0.1429	45-Topics-Random-99000011
T18Eval-00039	B99990555	1	1.0000	45-Topics-Random-99000011
T18Eval-00039	F99990064	2	0.5000	45-Topics-Random-99000011
T18Eval-00039	G99990644	3	0.3333	45-Topics-Random-99000011
T18Eval-00039	E99990821	4	0.2500	45-Topics-Random-99000011
T18Eval-00039	N23813115	5	0.2000	45-Topics-Random-99000011
T18Eval-00039	M99990499	6	0.1667	45-Topics-Random-99000011
T18Eval-00039	N23812840	7	0.1429	45-Topics-Random-99000011
T18Eval-00039	M99990284	8	0.1250	45-Topics-Random-99000011
T18Eval-00039	N23812842	9	0.1111	45-Topics-Random-99000011
T18Eval-00039	N23813007	10	0.1000	45-Topics-Random-99000011
T18Eval-00039	A99990653	11	0.0909	45-Topics-Random-99000011
T18Eval-00039	A99990096	12	0.0833	45-Topics-Random-99000011
T18Eval-00039	N23813029	13	0.0769	45-Topics-Random-99000011
T18Eval-00039	B99990856	14	0.0714	45-Topics-Random-99000011
T18Eval-00039	G99990815	15	0.0667	45-Topics-Random-99000011
T18Eval-00039	M99990399	16	0.0625	45-Topics-Random-99000011
T18Eval-00039	M99990305	17	0.0588	45-Topics-Random-99000011
T18Eval-00039	N23812819	18	0.0556	45-Topics-Random-99000011
T18Eval-00039	N23812855	19	0.0526	45-Topics-Random-99000011
T18Eval-00039	D99990137	20	0.0500	45-Topics-Random-99000011
T18Eval-00039	D99990149	21	0.0476	45-Topics-Random-99000011
T18Eval-00039	E99990593	22	0.0455	45-Topics-Random-99000011
T18Eval-00039	N23812974	23	0.0435	45-Topics-Random-99000011
T18Eval-00039	A99990838	24	0.0417	45-Topics-Random-99000011
T18Eval-00039	N23812913	25	0.0400	45-Topics-Random-99000011
T18Eval-00039	C99990660	26	0.0385	45-Topics-Random-99000011
T18Eval-00039	N23812901	27	0.0370	45-Topics-Random-99000011
T18Eval-00039	N23813056	28	0.0357	45-Topics-Random-99000011
T18Eval-00039	A99990836	29	0.0345	45-Topics-Random-99000011
T18Eval-00039	A99990085	30	0.0333	45-Topics-Random-99000011
T18Eval-00039	N23813127	31	0.0323	45-Topics-Random-99000011
T18Eval-00039	N23812867	32	0.0312	45-Topics-Random-99000011
T18Eval-00039	M99990212	33	0.0303	45-Topics-Random-99000011
T18Eval-00039	G99990890	34	0.0294	45-Topics-Random-99000011
T18Eval-00039	M99990384	35	0.0286	45-Topics-Random-99000011
T18Eval-00039	N23813016	36	0.0278	45-Topics-Random-99000011
T18Eval-00039	N23813102	37	0.0270	45-Topics-Random-99000011
T18Eval-00039	M99990490	38	0.0263	45-Topics-Random-99000011
T18Eval-00039	N23813055	39	0.0256	45-Topics-Random-99000011
T18Eval-00039	N23813054	40	0.0250	45-Topics-Random-99000011
T18Eval-00039	M99990131	41	0.0244	45-Topics-Random-99000011
T18Eval-00039	N23813020	42	0.0238	45-Topics-Random-99000011
T18Eval-00039	N23813068	43	0.0233	45-Topics-Random-99000011
T18Eval-00039	B99990421	44	0.0227	45-Topics-Random-99000011
T18Eval-00039	N23813075	45	0.0222	45-Topics-Random-99000011
T18Eval-00039	N23812870	46	0.0217	45-Topics-Random-99000011
T18Eval-00039	C99990304	47	0.0213	45-Topics-Random-99000011
T18Eval-00039	M99990554	48	0.0208	45-Topics-Random-99000011
T18Eval-00039	M99990123	49	0.0204	45-Topics-Random-99000011
T18Eval-00039	B99990083	50	0.0200	45-Topics-Random-99000011
T18Eval-00039	A99990771	51	0.0196	45-Topics-Random-99000011
T18Eval-00039	N23812945	52	0.0192	45-Topics-Random-99000011
T18Eval-00039	N23812888	53	0.0189	45-Topics-Random-99000011
T18Eval-00039	N23812893	54	0.0185	45-Topics-Random-99000011
T18Eval-00039	G99990991	55	0.0182	45-Topics-Random-99000011
T18Eval-00039	M99990261	56	0.0179	45-Topics-Random-99000011
T18Eval-00039	G99990098	57	0.0175	45-Topics-Random-99000011
T18Eval-00039	M99990241	58	0.0172	45-Topics-Random-99000011
T18Eval-00039	M99990558	59	0.0169	45-Topics-Random-99000011
T18Eval-00040	A99990003	1	1.0000	45-Topics-Random-99000011
T18Eval-00040	N23812900	2	0.5000	45-Topics-Random-99000011
T18Eval-00040	C99990578	3	0.3333	45-Topics-Random-99000011
T18Eval-00040	M99990490	4	0.2500	45-Topics-Random-99000011
T18Eval-00040	N23813050	5	0.2000	45-Topics-Random-99000011
T18Eval-00040	E99990728	6	0.1667	45-Topics-Random-99000011
T18Eval-00040	D99990201	7	0.1429	45-Topics-Random-99000011
T18Eval-00040	G99990507	8	0.1250	45-Topics-Random-99000011
T18Eval-00040	N23813034	9	0.1111	45-Topics-Random-99000011
T18Eval-00040	N23813086	10	0.1000	45-Topics-Random-99000011
T18Eval-00040	G99990322	11	0.0909	45-Topics-Random-99000011
T18Eval-00040	N23813069	12	0.0833	45-Topics-Random-99000011
T18Eval-00040	N23813025	13	0.0769	45-Topics-Random-99000011
T18Eval-00040	N23813120	14	0.0714	45-Topics-Random-99000011
T18Eval-00040	M99990637	15	0.0667	45-Topics-Random-99000011
T18Eval-00040	M99990779	16	0.0625	45-Topics-Random-99000011
T18Eval-00040	J99990675	17	0.0588	45-Topics-Random-99000011
T18Eval-00040	M99990541	18	0.0556	45-Topics-Random-99000011
T18Eval-00040	A99990884	19	0.0526	45-Topics-Random-99000011
T18Eval-00040	M99990305	20	0.0500	45-Topics-Random-99000011
T18Eval-00040	N23813070	21	0.0476	45-Topics-Random-99000011
T18Eval-00040	A99990753	22	0.0455	45-Topics-Random-99000011
T18Eval-00040	M99990483	23	0.0435	45-Topics-Random-99000011
T18Eval-00040	M99990729	24	0.0417	45-Topics-Random-99000011
T18Eval-00040	E99990091	25	0.0400	45-Topics-Random-99000011
T18Eval-00040	A99990607	26	0.0385	45-Topics-Random-99000011
T18Eval-00040	M99990327	27	0.0370	45-Topics-Random-99000011
T18Eval-00040	N23812851	28	0.0357	45-Topics-Random-99000011
T18Eval-00040	M99990286	29	0.0345	45-Topics-Random-99000011
T18Eval-00040	G99990081	30	0.0333	45-Topics-Random-99000011
T18Eval-00040	A99990037	31	0.0323	45-Topics-Random-99000011
T18Eval-00040	N23812934	32	0.0312	45-Topics-Random-99000011
T18Eval-00040	F99990064	33	0.0303	45-Topics-Random-99000011
T18Eval-00040	F99990531	34	0.0294	45-Topics-Random-99000011
T18Eval-00040	N23812910	35	0.0286	45-Topics-Random-99000011
T18Eval-00040	N23813091	36	0.0278	45-Topics-Random-99000011
T18Eval-00040	N23813129	37	0.0270	45-Topics-Random-99000011
T18Eval-00040	N23812887	38	0.0263	45-Topics-Random-99000011
T18Eval-00040	N23813072	39	0.0256	45-Topics-Random-99000011
T18Eval-00040	A99990176	40	0.0250	45-Topics-Random-99000011
T18Eval-00040	N23812823	41	0.0244	45-Topics-Random-99000011
T18Eval-00040	J99990705	42	0.0238	45-Topics-Random-99000011
T18Eval-00040	N23813063	43	0.0233	45-Topics-Random-99000011
T18Eval-00040	N23812907	44	0.0227	45-Topics-Random-99000011
T18Eval-00040	N23812822	45	0.0222	45-Topics-Random-99000011
T18Eval-00040	D99990149	46	0.0217	45-Topics-Random-99000011
T18Eval-00040	N23813093	47	0.0213	45-Topics-Random-99000011
T18Eval-00040	N23813038	48	0.0208	45-Topics-Random-99000011
T18Eval-00040	N23813028	49	0.0204	45-Topics-Random-99000011
T18Eval-00040	N23813096	50	0.0200	45-Topics-Random-99000011
T18Eval-00040	N23812942	51	0.0196	45-Topics-Random-99000011
T18Eval-00040	E99990228	52	0.0192	45-Topics-Random-99000011
T18Eval-00040	M99990558	53	0.0189	45-Topics-Random-99000011
T18Eval-00040	N23813121	54	0.0185	45-Topics-Random-99000011
T18Eval-00040	J99990343	55	0.0182	45-Topics-Random-99000011
T18Eval-00040	M99990867	56	0.0179	45-Topics-Random-99000011
T18Eval-00040	N23812868	57	0.0175	45-Topics-Random-99000011
T18Eval-00040	N23813124	58	0.0172	45-Topics-Random-99000011
T18Eval-00040	N23812951	59	0.0169	45-Topics-Random-99000011
T18Eval-00040	M99990579	60	0.0167	45-Topics-Random-99000011
T18Eval-00040	M99990107	61	0.0164	45-Topics-Random-99000011
T18Eval-00040	N23812932	62	0.0161	45-Topics-Random-99000011
T18Eval-00040	F99990606	63	0.0159	45-Topics-Random-99000011
T18Eval-00040	N23813080	64	0.0156	45-Topics-Random-99000011
T18Eval-00040	M99990004	65	0.0154	45-Topics-Random-99000011
T18Eval-00040	B99990555	66	0.0152	45-Topics-Random-99000011
T18Eval-00040	N23813060	67	0.0149	45-Topics-Random-99000011
T18Eval-00040	N23813039	68	0.0147	45-Topics-Random-99000011
T18Eval-00040	E99990479	69	0.0145	45-Topics-Random-99000011
T18Eval-00040	N23812819	70	0.0143	45-Topics-Random-99000011
T18Eval-00040	N23813130	71	0.0141	45-Topics-Random-99000011
T18Eval-00040	N23812838	72	0.0139	45-Topics-Random-99000011
T18Eval-00040	N23813088	73	0.0137	45-Topics-Random-99000011
T18Eval-00040	M99990497	74	0.0135	45-Topics-Random-99000011
T18Eval-00040	A99990085	75	0.0133	45-Topics-Random-99000011
T18Eval-00040	N23813029	76	0.0132	45-Topics-Random-99000011
T18Eval-00040	N23813062	77	0.0130	45-Topics-Random-99000011
T18Eval-00040	M99990499	78	0.0128	45-Topics-Random-99000011
T18Eval-00040	N23813057	79	0.0127	45-Topics-Random-99000011
T18Eval-00040	G99990982	80	0.0125	45-Topics-Random-99000011
T18Eval-00040	N23813103	81	0.0123	45-Topics-Random-99000011
T18Eval-00040	N23812991	82	0.0122	45-Topics-Random-99000011
T18Eval-00040	M99990112	83	0.0120	45-Topics-Random-99000011
T18Eval-00040	N23813126	84	0.0119	45-Topics-Random-99000011
T18Eval-00040	M99990664	85	0.0118	45-Topics-Random-99000011
T18Eval-00040	N23812863	86	0.0116	45-Topics-Random-99000011
T18Eval-00040	E99990408	87	0.0115	45-Topics-Random-99000011
T18Eval-00040	N23812997	88	0.0114	45-Topics-Random-99000011
T18Eval-00040	M99991022	89	0.0112	45-Topics-Random-99000011
T18Eval-00040	N23813094	90	0.0111	45-Topics-Random-99000011
T18Eval-00040	M99990730	91	0.0110	45-Topics-Random-99000011
T18Eval-00040	A99990484	92	0.0109	45-Topics-Random-99000011
T18Eval-00040	N23812895	93	0.0108	45-Topics-Random-99000011
T18Eval-00040	M99990384	94	0.0106	45-Topics-Random-99000011
T18Eval-00040	M99990906	95	0.0105	45-Topics-Random-99000011
T18Eval-00040	N23813081	96	0.0104	45-Topics-Random-99000011
T18Eval-00040	N23812872	97	0.0103	45-Topics-Random-99000011
T18Eval-00040	N23813044	98	0.0102	45-Topics-Random-99000011
T18Eval-00040	F99990130	99	0.0101	45-Topics-Random-99000011
T18Eval-00040	N23812957	100	0.0100	45-Topics-Random-99000011
T18Eval-00040	N23813043	101	0.0099	45-Topics-Random-99000011
T18Eval-00040	E99990397	102	0.0098	45-Topics-Random-99000011
T18Eval-00040	M99990131	103	0.0097	45-Topics-Random-99000011
T18Eval-00040	N23812902	104	0.0096	45-Topics-Random-99000011
T18Eval-00040	N23813059	105	0.0095	45-Topics-Random-99000011
T18Eval-00040	N23813006	106	0.0094	45-Topics-Random-99000011
T18Eval-00040	A99990650	107	0.0093	45-Topics-Random-99000011
T18Eval-00040	G99990940	108	0.0093	45-Topics-Random-99000011
T18Eval-00040	A99991016	109	0.0092	45-Topics-Random-99000011
T18Eval-00040	N23813115	110	0.0091	45-Topics-Random-99000011
T18Eval-00040	C99990488	111	0.0090	45-Topics-Random-99000011
T18Eval-00040	N23812841	112	0.0089	45-Topics-Random-99000011
T18Eval-00040	N23813055	113	0.0088	45-Topics-Random-99000011
T18Eval-00040	M99990647	114	0.0088	45-Topics-Random-99000011
T18Eval-00040	N23813054	115	0.0087	45-Topics-Random-99000011
T18Eval-00040	N23813037	116	0.0086	45-Topics-Random-99000011
T18Eval-00040	N23812983	117	0.0085	45-Topics-Random-99000011
T18Eval-00040	M99990150	118	0.0085	45-Topics-Random-99000011
T18Eval-00040	K99990324	119	0.0084	45-Topics-Random-99000011
T18Eval-00040	M99990895	120	0.0083	45-Topics-Random-99000011
T18Eval-00040	N23813111	121	0.0083	45-Topics-Random-99000011
T18Eval-00040	M99990142	122	0.0082	45-Topics-Random-99000011
T18Eval-00040	N23812820	123	0.0081	45-Topics-Random-99000011
T18Eval-00040	N23813003	124	0.0081	45-Topics-Random-99000011
T18Eval-00040	N23813009	125	0.0080	45-Topics-Random-99000011
T18Eval-00040	B99990706	126	0.0079	45-Topics-Random-99000011
T18Eval-00040	G99990134	127	0.0079	45-Topics-Random-99000011
T18Eval-00040	N23812873	128	0.0078	45-Topics-Random-99000011
T18Eval-00040	N23812878	129	0.0078	45-Topics-Random-99000011
T18Eval-00040	N23812896	130	0.0077	45-Topics-Random-99000011
T18Eval-00040	N23812906	131	0.0076	45-Topics-Random-99000011
T18Eval-00040	G99990551	132	0.0076	45-Topics-Random-99000011
T18Eval-00040	N23812825	133	0.0075	45-Topics-Random-99000011
T18Eval-00040	N23812949	134	0.0075	45-Topics-Random-99000011
T18Eval-00040	C99990660	135	0.0074	45-Topics-Random-99000011
T18Eval-00040	E99990250	136	0.0074	45-Topics-Random-99000011
T18Eval-00040	N23812925	137	0.0073	45-Topics-Random-99000011
T18Eval-00040	N23812905	138	0.0072	45-Topics-Random-99000011
T18Eval-00040	D99990620	139	0.0072	45-Topics-Random-99000011
T18Eval-00040	N23813014	140	0.0071	45-Topics-Random-99000011
T18Eval-00040	M99990586	141	0.0071	45-Topics-Random-99000011
T18Eval-00040	M99990554	142	0.0070	45-Topics-Random-99000011
T18Eval-00040	B99990291	143	0.0070	45-Topics-Random-99000011
T18Eval-00040	M99990123	144	0.0069	45-Topics-Random-99000011
T18Eval-00040	N23812824	145	0.0069	45-Topics-Random-99000011
T18Eval-00040	B99990083	146	0.0068	45-Topics-Random-99000011
T18Eval-00040	M99990127	147	0.0068	45-Topics-Random-99000011
T18Eval-00040	N23813042	148	0.0068	45-Topics-Random-99000011
T18Eval-00040	N23812944	149	0.0067	45-Topics-Random-99000011
T18Eval-00040	N23812926	150	0.0067	45-Topics-Random-99000011
T18Eval-00040	N23812976	151	0.0066	45-Topics-Random-99000011
T18Eval-00040	A99990833	152	0.0066	45-Topics-Random-99000011
T18Eval-00040	N23813007	153	0.0065	45-Topics-Random-99000011
T18Eval-00040	J99990120	154	0.0065	45-Topics-Random-99000011
T18Eval-00040	B99990671	155	0.0065	45-Topics-Random-99000011
T18Eval-00040	N23812938	156	0.0064	45-Topics-Random-99000011
T18Eval-00040	N23812893	157	0.0064	45-Topics-Random-99000011
T18Eval-00040	G99990861	158	0.0063	45-Topics-Random-99000011
T18Eval-00040	N23812948	159	0.0063	45-Topics-Random-99000011
T18Eval-00040	M99990715	160	0.0063	45-Topics-Random-99000011
T18Eval-00040	M99990261	161	0.0062	45-Topics-Random-99000011
T18Eval-00040	G99990098	162	0.0062	45-Topics-Random-99000011
T18Eval-00040	B99990856	163	0.0061	45-Topics-Random-99000011
T18Eval-00040	N23813049	164	0.0061	45-Topics-Random-99000011
T18Eval-00040	M99990241	165	0.0061	45-Topics-Random-99000011
T18Eval-00040	E99990175	166	0.0060	45-Topics-Random-99000011
T18Eval-00040	M99990517	167	0.0060	45-Topics-Random-99000011
T18Eval-00040	N23813061	168	0.0060	45-Topics-Random-99000011
T18Eval-00040	N23813073	169	0.0059	45-Topics-Random-99000011
T18Eval-00040	N23813078	170	0.0059	45-Topics-Random-99000011
T18Eval-00040	B99990976	171	0.0058	45-Topics-Random-99000011
T18Eval-00041	M99990004	1	1.0000	45-Topics-Random-99000011
T18Eval-00041	M99990637	2	0.5000	45-Topics-Random-99000011
T18Eval-00041	M99990906	3	0.3333	45-Topics-Random-99000011
T18Eval-00041	M99990399	4	0.2500	45-Topics-Random-99000011
T18Eval-00041	M99990779	5	0.2000	45-Topics-Random-99000011
T18Eval-00041	J99990337	6	0.1667	45-Topics-Random-99000011
T18Eval-00041	M99990541	7	0.1429	45-Topics-Random-99000011
T18Eval-00041	N23812950	8	0.1250	45-Topics-Random-99000011
T18Eval-00041	J99990120	9	0.1111	45-Topics-Random-99000011
T18Eval-00041	E99991011	10	0.1000	45-Topics-Random-99000011
T18Eval-00041	E99990947	11	0.0909	45-Topics-Random-99000011
T18Eval-00041	B99990223	12	0.0833	45-Topics-Random-99000011
T18Eval-00041	A99990753	13	0.0769	45-Topics-Random-99000011
T18Eval-00041	N23813024	14	0.0714	45-Topics-Random-99000011
T18Eval-00041	B99990015	15	0.0667	45-Topics-Random-99000011
T18Eval-00041	A99990548	16	0.0625	45-Topics-Random-99000011
T18Eval-00041	M99990981	17	0.0588	45-Topics-Random-99000011
T18Eval-00041	N23812901	18	0.0556	45-Topics-Random-99000011
T18Eval-00041	A99990833	19	0.0526	45-Topics-Random-99000011
T18Eval-00041	M99990889	20	0.0500	45-Topics-Random-99000011
T18Eval-00041	M99990157	21	0.0476	45-Topics-Random-99000011
T18Eval-00041	H99990759	22	0.0455	45-Topics-Random-99000011
T18Eval-00042	A99990833	1	1.0000	45-Topics-Random-99000011
T18Eval-00042	E99990228	2	0.5000	45-Topics-Random-99000011
T18Eval-00042	A99990548	3	0.3333	45-Topics-Random-99000011
T18Eval-00042	M99990157	4	0.2500	45-Topics-Random-99000011
T18Eval-00042	N23812924	5	0.2000	45-Topics-Random-99000011
T18Eval-00042	M99990490	6	0.1667	45-Topics-Random-99000011
T18Eval-00042	N23812902	7	0.1429	45-Topics-Random-99000011
T18Eval-00042	G99990410	8	0.1250	45-Topics-Random-99000011
T18Eval-00042	N23812926	9	0.1111	45-Topics-Random-99000011
T18Eval-00042	N23813084	10	0.1000	45-Topics-Random-99000011
T18Eval-00042	E99990723	11	0.0909	45-Topics-Random-99000011
T18Eval-00042	N23812949	12	0.0833	45-Topics-Random-99000011
T18Eval-00042	B99990727	13	0.0769	45-Topics-Random-99000011
T18Eval-00042	G99990098	14	0.0714	45-Topics-Random-99000011
T18Eval-00042	J99990494	15	0.0667	45-Topics-Random-99000011
T18Eval-00042	M99990990	16	0.0625	45-Topics-Random-99000011
T18Eval-00042	D99990149	17	0.0588	45-Topics-Random-99000011
T18Eval-00042	E99990947	18	0.0556	45-Topics-Random-99000011
T18Eval-00042	A99990803	19	0.0526	45-Topics-Random-99000011
T18Eval-00042	M99990142	20	0.0500	45-Topics-Random-99000011
T18Eval-00042	A99990117	21	0.0476	45-Topics-Random-99000011
T18Eval-00042	A99990096	22	0.0455	45-Topics-Random-99000011
T18Eval-00042	A99990872	23	0.0435	45-Topics-Random-99000011
T18Eval-00042	M99990541	24	0.0417	45-Topics-Random-99000011
T18Eval-00042	A99990085	25	0.0400	45-Topics-Random-99000011
T18Eval-00042	E99990593	26	0.0385	45-Topics-Random-99000011
T18Eval-00042	B99990668	27	0.0370	45-Topics-Random-99000011
T18Eval-00042	D99990251	28	0.0357	45-Topics-Random-99000011
T18Eval-00042	A99990974	29	0.0345	45-Topics-Random-99000011
T18Eval-00042	N23812974	30	0.0333	45-Topics-Random-99000011
T18Eval-00042	N23812870	31	0.0323	45-Topics-Random-99000011
T18Eval-00042	A99990838	32	0.0312	45-Topics-Random-99000011
T18Eval-00042	M99990209	33	0.0303	45-Topics-Random-99000011
T18Eval-00042	E99991011	34	0.0294	45-Topics-Random-99000011
T18Eval-00042	E99990091	35	0.0286	45-Topics-Random-99000011
T18Eval-00042	B99990706	36	0.0278	45-Topics-Random-99000011
T18Eval-00042	B99990913	37	0.0270	45-Topics-Random-99000011
T18Eval-00042	B99990421	38	0.0263	45-Topics-Random-99000011
T18Eval-00042	M99990889	39	0.0256	45-Topics-Random-99000011
T18Eval-00042	B99990491	40	0.0250	45-Topics-Random-99000011
T18Eval-00042	C99990505	41	0.0244	45-Topics-Random-99000011
T18Eval-00042	N23813056	42	0.0238	45-Topics-Random-99000011
T18Eval-00042	D99990914	43	0.0233	45-Topics-Random-99000011
T18Eval-00042	E99990938	44	0.0227	45-Topics-Random-99000011
T18Eval-00042	E99990102	45	0.0222	45-Topics-Random-99000011
T18Eval-00042	M99990664	46	0.0217	45-Topics-Random-99000011
T18Eval-00042	N23812863	47	0.0213	45-Topics-Random-99000011
T18Eval-00042	B99990667	48	0.0208	45-Topics-Random-99000011
T18Eval-00042	E99990525	49	0.0204	45-Topics-Random-99000011
T18Eval-00042	N23812982	50	0.0200	45-Topics-Random-99000011
T18Eval-00042	N23813024	51	0.0196	45-Topics-Random-99000011
T18Eval-00042	M99990499	52	0.0192	45-Topics-Random-99000011
T18Eval-00042	N23813000	53	0.0189	45-Topics-Random-99000011
T18Eval-00042	G99990322	54	0.0185	45-Topics-Random-99000011
T18Eval-00042	G99990890	55	0.0182	45-Topics-Random-99000011
T18Eval-00042	M99990906	56	0.0179	45-Topics-Random-99000011
T18Eval-00042	G99990743	57	0.0175	45-Topics-Random-99000011
T18Eval-00042	N23812823	58	0.0172	45-Topics-Random-99000011
T18Eval-00042	N23813063	59	0.0169	45-Topics-Random-99000011
T18Eval-00042	G99990815	60	0.0167	45-Topics-Random-99000011
T18Eval-00042	N23812931	61	0.0164	45-Topics-Random-99000011
T18Eval-00042	C99990304	62	0.0161	45-Topics-Random-99000011
T18Eval-00042	A99990574	63	0.0159	45-Topics-Random-99000011
T18Eval-00042	N23812973	64	0.0156	45-Topics-Random-99000011
T18Eval-00042	N23813007	65	0.0154	45-Topics-Random-99000011
T18Eval-00042	N23812888	66	0.0152	45-Topics-Random-99000011
T18Eval-00042	N23812827	67	0.0149	45-Topics-Random-99000011
T18Eval-00042	N23812948	68	0.0147	45-Topics-Random-99000011
T18Eval-00042	M99990325	69	0.0145	45-Topics-Random-99000011
T18Eval-00042	G99990644	70	0.0143	45-Topics-Random-99000011
T18Eval-00042	J99990389	71	0.0141	45-Topics-Random-99000011
T18Eval-00042	M99990483	72	0.0139	45-Topics-Random-99000011
T18Eval-00043	C99990737	1	1.0000	45-Topics-Random-99000011
T18Eval-00043	D99990185	2	0.5000	45-Topics-Random-99000011
T18Eval-00043	B99990291	3	0.3333	45-Topics-Random-99000011
T18Eval-00043	M99990112	4	0.2500	45-Topics-Random-99000011
T18Eval-00043	M99990490	5	0.2000	45-Topics-Random-99000011
T18Eval-00043	J99990343	6	0.1667	45-Topics-Random-99000011
T18Eval-00043	K99990354	7	0.1429	45-Topics-Random-99000011
T18Eval-00043	G99990743	8	0.1250	45-Topics-Random-99000011
T18Eval-00043	M99990906	9	0.1111	45-Topics-Random-99000011
T18Eval-00043	A99990724	10	0.1000	45-Topics-Random-99000011
T18Eval-00043	N23812872	11	0.0909	45-Topics-Random-99000011
T18Eval-00043	G99990507	12	0.0833	45-Topics-Random-99000011
T18Eval-00043	N23812823	13	0.0769	45-Topics-Random-99000011
T18Eval-00043	J99990514	14	0.0714	45-Topics-Random-99000011
T18Eval-00043	B99990706	15	0.0667	45-Topics-Random-99000011
T18Eval-00043	N23813056	16	0.0625	45-Topics-Random-99000011
T18Eval-00043	M99990227	17	0.0588	45-Topics-Random-99000011
T18Eval-00043	M99990499	18	0.0556	45-Topics-Random-99000011
T18Eval-00043	B99990668	19	0.0526	45-Topics-Random-99000011
T18Eval-00043	M99990837	20	0.0500	45-Topics-Random-99000011
T18Eval-00043	A99990836	21	0.0476	45-Topics-Random-99000011
T18Eval-00043	M99990325	22	0.0455	45-Topics-Random-99000011
T18Eval-00043	N23812830	23	0.0435	45-Topics-Random-99000011
T18Eval-00043	N23812877	24	0.0417	45-Topics-Random-99000011
T18Eval-00043	N23812936	25	0.0400	45-Topics-Random-99000011
T18Eval-00043	N23813038	26	0.0385	45-Topics-Random-99000011
T18Eval-00043	F99990309	27	0.0370	45-Topics-Random-99000011
T18Eval-00043	N23813072	28	0.0357	45-Topics-Random-99000011
T18Eval-00043	N23813104	29	0.0345	45-Topics-Random-99000011
T18Eval-00043	E99990969	30	0.0333	45-Topics-Random-99000011
T18Eval-00043	A99990003	31	0.0323	45-Topics-Random-99000011
T18Eval-00043	N23812919	32	0.0312	45-Topics-Random-99000011
T18Eval-00043	A99990290	33	0.0303	45-Topics-Random-99000011
T18Eval-00043	A99990653	34	0.0294	45-Topics-Random-99000011
T18Eval-00043	F99990064	35	0.0286	45-Topics-Random-99000011
T18Eval-00043	M99990107	36	0.0278	45-Topics-Random-99000011
T18Eval-00043	B99990491	37	0.0270	45-Topics-Random-99000011
T18Eval-00043	M99990867	38	0.0263	45-Topics-Random-99000011
T18Eval-00043	G99990510	39	0.0256	45-Topics-Random-99000011
T18Eval-00043	B99990809	40	0.0250	45-Topics-Random-99000011
T18Eval-00043	N23812934	41	0.0244	45-Topics-Random-99000011
T18Eval-00043	G99990410	42	0.0238	45-Topics-Random-99000011
T18Eval-00043	A99990014	43	0.0233	45-Topics-Random-99000011
T18Eval-00043	N23812856	44	0.0227	45-Topics-Random-99000011
T18Eval-00043	B99990665	45	0.0222	45-Topics-Random-99000011
T18Eval-00043	H99990807	46	0.0217	45-Topics-Random-99000011
T18Eval-00043	N23813015	47	0.0213	45-Topics-Random-99000011
T18Eval-00043	A99990884	48	0.0208	45-Topics-Random-99000011
T18Eval-00043	D99990338	49	0.0204	45-Topics-Random-99000011
T18Eval-00043	B99990727	50	0.0200	45-Topics-Random-99000011
T18Eval-00043	E99990677	51	0.0196	45-Topics-Random-99000011
T18Eval-00043	G99990982	52	0.0192	45-Topics-Random-99000011
T18Eval-00043	A99990803	53	0.0189	45-Topics-Random-99000011
T18Eval-00043	E99990821	54	0.0185	45-Topics-Random-99000011
T18Eval-00043	B99990223	55	0.0182	45-Topics-Random-99000011
T18Eval-00043	A99990753	56	0.0179	45-Topics-Random-99000011
T18Eval-00043	G99990666	57	0.0175	45-Topics-Random-99000011
T18Eval-00043	N23812982	58	0.0172	45-Topics-Random-99000011
T18Eval-00043	N23812993	59	0.0169	45-Topics-Random-99000011
T18Eval-00043	N23812974	60	0.0167	45-Topics-Random-99000011
T18Eval-00043	G99990964	61	0.0164	45-Topics-Random-99000011
T18Eval-00043	J99990562	62	0.0161	45-Topics-Random-99000011
T18Eval-00043	G99990322	63	0.0159	45-Topics-Random-99000011
T18Eval-00043	G99990890	64	0.0156	45-Topics-Random-99000011
T18Eval-00043	G99990266	65	0.0154	45-Topics-Random-99000011
T18Eval-00043	G99990089	66	0.0152	45-Topics-Random-99000011
T18Eval-00043	G99990391	67	0.0149	45-Topics-Random-99000011
T18Eval-00043	J99990705	68	0.0147	45-Topics-Random-99000011
T18Eval-00043	N23812960	69	0.0145	45-Topics-Random-99000011
T18Eval-00043	M99990066	70	0.0143	45-Topics-Random-99000011
T18Eval-00043	B99990422	71	0.0141	45-Topics-Random-99000011
T18Eval-00043	A99990650	72	0.0139	45-Topics-Random-99000011
T18Eval-00043	N23812950	73	0.0137	45-Topics-Random-99000011
T18Eval-00043	G99990940	74	0.0135	45-Topics-Random-99000011
T18Eval-00043	A99991016	75	0.0133	45-Topics-Random-99000011
T18Eval-00043	N23812884	76	0.0132	45-Topics-Random-99000011
T18Eval-00043	G99990758	77	0.0130	45-Topics-Random-99000011
T18Eval-00043	G99990815	78	0.0128	45-Topics-Random-99000011
T18Eval-00043	G99990170	79	0.0127	45-Topics-Random-99000011
T18Eval-00043	K99990324	80	0.0125	45-Topics-Random-99000011
T18Eval-00043	N23812931	81	0.0123	45-Topics-Random-99000011
T18Eval-00043	A99990574	82	0.0122	45-Topics-Random-99000011
T18Eval-00043	N23813009	83	0.0120	45-Topics-Random-99000011
T18Eval-00043	N23812858	84	0.0119	45-Topics-Random-99000011
T18Eval-00043	D99990620	85	0.0118	45-Topics-Random-99000011
T18Eval-00043	N23812844	86	0.0116	45-Topics-Random-99000011
T18Eval-00043	N23812824	87	0.0115	45-Topics-Random-99000011
T18Eval-00043	G99990372	88	0.0114	45-Topics-Random-99000011
T18Eval-00043	J99990120	89	0.0112	45-Topics-Random-99000011
T18Eval-00043	G99990861	90	0.0111	45-Topics-Random-99000011
T18Eval-00043	B99990853	91	0.0110	45-Topics-Random-99000011
T18Eval-00043	G99990991	92	0.0109	45-Topics-Random-99000011
T18Eval-00043	M99990715	93	0.0108	45-Topics-Random-99000011
T18Eval-00043	A99990746	94	0.0106	45-Topics-Random-99000011
T18Eval-00043	N23812861	95	0.0105	45-Topics-Random-99000011
T18Eval-00043	A99990455	96	0.0104	45-Topics-Random-99000011
T18Eval-00043	G99990550	97	0.0103	45-Topics-Random-99000011
T18Eval-00043	G99990644	98	0.0102	45-Topics-Random-99000011
T18Eval-00043	H99990759	99	0.0101	45-Topics-Random-99000011
T18Eval-00043	B99990976	100	0.0100	45-Topics-Random-99000011
T18Eval-00043	L99990317	101	0.0099	45-Topics-Random-99000011
T18Eval-00044	C99990689	1	1.0000	45-Topics-Random-99000011
T18Eval-00044	N23812851	2	0.5000	45-Topics-Random-99000011
T18Eval-00044	C99990737	3	0.3333	45-Topics-Random-99000011
T18Eval-00044	C99990505	4	0.2500	45-Topics-Random-99000011
T18Eval-00044	D99990201	5	0.2000	45-Topics-Random-99000011
T18Eval-00044	A99990109	6	0.1667	45-Topics-Random-99000011
T18Eval-00044	F99990528	7	0.1429	45-Topics-Random-99000011
T18Eval-00044	F99990986	8	0.1250	45-Topics-Random-99000011
T18Eval-00044	C99990090	9	0.1111	45-Topics-Random-99000011
T18Eval-00044	C99990488	10	0.1000	45-Topics-Random-99000011
T18Eval-00044	F99990575	11	0.0909	45-Topics-Random-99000011
T18Eval-00044	D99990149	12	0.0833	45-Topics-Random-99000011
T18Eval-00044	E99990958	13	0.0769	45-Topics-Random-99000011
T18Eval-00044	N23812881	14	0.0714	45-Topics-Random-99000011
T18Eval-00044	N23812841	15	0.0667	45-Topics-Random-99000011
T18Eval-00044	F99990130	16	0.0625	45-Topics-Random-99000011
T18Eval-00044	N23812830	17	0.0588	45-Topics-Random-99000011
T18Eval-00044	F99990772	18	0.0556	45-Topics-Random-99000011
T18Eval-00044	F99990630	19	0.0526	45-Topics-Random-99000011
T18Eval-00044	D99990859	20	0.0500	45-Topics-Random-99000011
T18Eval-00044	A99990650	21	0.0476	45-Topics-Random-99000011
T18Eval-00044	C99990304	22	0.0455	45-Topics-Random-99000011
T18Eval-00044	F99990222	23	0.0435	45-Topics-Random-99000011
T18Eval-00044	E99990525	24	0.0417	45-Topics-Random-99000011
T18Eval-00044	C99990535	25	0.0400	45-Topics-Random-99000011
T18Eval-00044	F99990220	26	0.0385	45-Topics-Random-99000011
T18Eval-00044	F99990606	27	0.0370	45-Topics-Random-99000011
T18Eval-00044	F99990983	28	0.0357	45-Topics-Random-99000011
T18Eval-00044	A99991016	29	0.0345	45-Topics-Random-99000011
T18Eval-00044	F99990596	30	0.0333	45-Topics-Random-99000011
T18Eval-00044	B99990711	31	0.0323	45-Topics-Random-99000011
T18Eval-00044	A99990085	32	0.0312	45-Topics-Random-99000011
T18Eval-00044	M99990730	33	0.0303	45-Topics-Random-99000011
T18Eval-00044	D99990620	34	0.0294	45-Topics-Random-99000011
T18Eval-00044	B99990416	35	0.0286	45-Topics-Random-99000011
T18Eval-00044	N23813056	36	0.0278	45-Topics-Random-99000011
T18Eval-00044	N23812924	37	0.0270	45-Topics-Random-99000011
T18Eval-00044	N23812939	38	0.0263	45-Topics-Random-99000011
T18Eval-00044	E99990175	39	0.0256	45-Topics-Random-99000011
T18Eval-00044	F99990531	40	0.0250	45-Topics-Random-99000011
T18Eval-00044	M99991008	41	0.0244	45-Topics-Random-99000011
T18Eval-00044	G99990743	42	0.0238	45-Topics-Random-99000011
T18Eval-00044	N23812822	43	0.0233	45-Topics-Random-99000011
T18Eval-00044	M99990150	44	0.0227	45-Topics-Random-99000011
T18Eval-00044	N23812973	45	0.0222	45-Topics-Random-99000011
T18Eval-00044	F99990611	46	0.0217	45-Topics-Random-99000011
T18Eval-00044	M99990664	47	0.0213	45-Topics-Random-99000011
T18Eval-00044	E99990821	48	0.0208	45-Topics-Random-99000011
T18Eval-00044	N23812820	49	0.0204	45-Topics-Random-99000011
T18Eval-00044	N23812823	50	0.0200	45-Topics-Random-99000011
T18Eval-00044	N23812907	51	0.0196	45-Topics-Random-99000011
T18Eval-00044	M99990647	52	0.0192	45-Topics-Random-99000011
T18Eval-00044	N23812896	53	0.0189	45-Topics-Random-99000011
T18Eval-00044	M99990127	54	0.0185	45-Topics-Random-99000011
T18Eval-00044	A99990771	55	0.0182	45-Topics-Random-99000011
T18Eval-00044	M99990889	56	0.0179	45-Topics-Random-99000011
T18Eval-00045	B99990708	1	1.0000	45-Topics-Random-99000011
T18Eval-00045	M99990541	2	0.5000	45-Topics-Random-99000011
T18Eval-00045	J99990337	3	0.3333	45-Topics-Random-99000011
T18Eval-00045	B99990667	4	0.2500	45-Topics-Random-99000011
T18Eval-00045	E99990947	5	0.2000	45-Topics-Random-99000011
T18Eval-00045	A99990548	6	0.1667	45-Topics-Random-99000011
T18Eval-00045	B99990995	7	0.1429	45-Topics-Random-99000011
T18Eval-00045	M99990241	8	0.1250	45-Topics-Random-99000011
T18Eval-00045	A99990392	9	0.1111	45-Topics-Random-99000011
T18Eval-00045	F99990528	10	0.1000	45-Topics-Random-99000011
T18Eval-00045	M99990165	11	0.0909	45-Topics-Random-99000011
T18Eval-00045	A99990799	12	0.0833	45-Topics-Random-99000011
T18Eval-00045	K99990354	13	0.0769	45-Topics-Random-99000011
T18Eval-00045	M99990715	14	0.0714	45-Topics-Random-99000011
T18Eval-00045	E99991011	15	0.0667	45-Topics-Random-99000011
T18Eval-00045	M99990082	16	0.0625	45-Topics-Random-99000011
T18Eval-00045	N23812920	17	0.0588	45-Topics-Random-99000011
T18Eval-00045	N23813033	18	0.0556	45-Topics-Random-99000011
T18Eval-00045	B99990691	19	0.0526	45-Topics-Random-99000011
T18Eval-00045	M99991004	20	0.0500	45-Topics-Random-99000011
T18Eval-00045	B99990661	21	0.0476	45-Topics-Random-99000011
T18Eval-00045	M99990490	22	0.0455	45-Topics-Random-99000011
T18Eval-00045	J99990675	23	0.0435	45-Topics-Random-99000011
T18Eval-00045	N23813087	24	0.0417	45-Topics-Random-99000011
T18Eval-00045	N23812933	25	0.0400	45-Topics-Random-99000011
T18Eval-00045	N23812932	26	0.0385	45-Topics-Random-99000011
T18Eval-00045	E99990877	27	0.0370	45-Topics-Random-99000011
T18Eval-00045	F99990577	28	0.0357	45-Topics-Random-99000011
T18Eval-00045	E99990901	29	0.0345	45-Topics-Random-99000011
T18Eval-00045	N23813044	30	0.0333	45-Topics-Random-99000011
T18Eval-00045	N23812940	31	0.0323	45-Topics-Random-99000011
T18Eval-00045	G99990413	32	0.0312	45-Topics-Random-99000011
T18Eval-00045	H99990573	33	0.0303	45-Topics-Random-99000011
T18Eval-00045	G99990134	34	0.0294	45-Topics-Random-99000011
T18Eval-00045	D99990251	35	0.0286	45-Topics-Random-99000011
T18Eval-00045	N23813003	36	0.0278	45-Topics-Random-99000011
T18Eval-00045	N23812974	37	0.0270	45-Topics-Random-99000011
T18Eval-00045	H99990503	38	0.0263	45-Topics-Random-99000011
T18Eval-00045	N23813056	39	0.0256	45-Topics-Random-99000011
T18Eval-00045	N23812991	40	0.0250	45-Topics-Random-99000011
T18Eval-00045	B99990711	41	0.0244	45-Topics-Random-99000011
T18Eval-00045	N23812903	42	0.0238	45-Topics-Random-99000011
T18Eval-00045	N23812870	43	0.0233	45-Topics-Random-99000011
T18Eval-00045	N23812867	44	0.0227	45-Topics-Random-99000011
T18Eval-00045	A99990085	45	0.0222	45-Topics-Random-99000011
T18Eval-00045	E99990844	46	0.0217	45-Topics-Random-99000011
T18Eval-00045	M99990142	47	0.0213	45-Topics-Random-99000011
T18Eval-00045	M99990225	48	0.0208	45-Topics-Random-99000011
T18Eval-00045	N23812892	49	0.0204	45-Topics-Random-99000011
T18Eval-00045	N23812874	50	0.0200	45-Topics-Random-99000011
T18Eval-00045	N23813093	51	0.0196	45-Topics-Random-99000011
T18Eval-00045	A99990833	52	0.0192	45-Topics-Random-99000011
T18Eval-00045	H99990518	53	0.0189	45-Topics-Random-99000011
T18Eval-00045	N23813028	54	0.0185	45-Topics-Random-99000011
T18Eval-00045	K99990278	55	0.0182	45-Topics-Random-99000011
T18Eval-00045	N23812822	56	0.0179	45-Topics-Random-99000011
T18Eval-00045	N23812908	57	0.0175	45-Topics-Random-99000011
T18Eval-00045	J99990860	58	0.0172	45-Topics-Random-99000011
T18Eval-00045	N23813130	59	0.0169	45-Topics-Random-99000011
T18Eval-00045	G99990666	60	0.0167	45-Topics-Random-99000011
T18Eval-00045	N23813000	61	0.0164	45-Topics-Random-99000011
T18Eval-00045	A99990353	62	0.0161	45-Topics-Random-99000011
T18Eval-00045	N23812902	63	0.0159	45-Topics-Random-99000011
T18Eval-00045	N23812851	64	0.0156	45-Topics-Random-99000011
T18Eval-00045	F99990394	65	0.0154	45-Topics-Random-99000011
T18Eval-00045	N23813038	66	0.0152	45-Topics-Random-99000011
T18Eval-00045	M99990420	67	0.0149	45-Topics-Random-99000011
T18Eval-00045	N23812878	68	0.0147	45-Topics-Random-99000011
T18Eval-00045	N23812946	69	0.0145	45-Topics-Random-99000011
T18Eval-00045	N23813048	70	0.0143	45-Topics-Random-99000011
T18Eval-00045	D99990620	71	0.0141	45-Topics-Random-99000011
T18Eval-00045	M99990450	72	0.0139	45-Topics-Random-99000011
T18Eval-00045	N23812898	73	0.0137	45-Topics-Random-99000011
T18Eval-00045	N23813002	74	0.0135	45-Topics-Random-99000011
T18Eval-00045	N23812913	75	0.0133	45-Topics-Random-99000011
T18Eval-00045	D99990466	76	0.0132	45-Topics-Random-99000011
T18Eval-00045	F99990220	77	0.0130	45-Topics-Random-99000011
T18Eval-00045	M99990261	78	0.0128	45-Topics-Random-99000011
T18Eval-00045	N23813096	79	0.0127	45-Topics-Random-99000011
T18Eval-00045	H99990591	80	0.0125	45-Topics-Random-99000011
T18Eval-00045	E99990228	81	0.0123	45-Topics-Random-99000011
T18Eval-00045	M99990242	82	0.0122	45-Topics-Random-99000011
