{
    "model_global_ndcg": {
        "mean": 0.11982904389485254,
        "margin": 0.030006611794216945,
        "interval": [
            0.08982243210063559,
            0.11982904389485254,
            0.14983565568906948
        ]
    }
}