{
    "T1": [
        0.12520106850536608,
        0.18443554654510927,
        0.24367002458485246
    ],
    "T2": [
        0.1975013892133609,
        0.28490180891301337,
        0.3723022286126658
    ],
    "T3": [
        0.001288501528440289,
        0.06862188988761261,
        0.13595527824678494
    ],
    "T4": [
        0.042511492705715526,
        0.09174017381082608,
        0.14096885491593664
    ],
    "T5": [
        0.0880342446589028,
        0.15387704750043446,
        0.21971985034196612
    ],
    "T6": [
        0.007511643004492648,
        0.023399827266890005,
        0.03928801152928736
    ],
    "T7": [
        0.0032782242844038093,
        0.02575526190365303,
        0.04823229952290225
    ],
    "T8": [
        0.04938974867993795,
        0.13618689582378954,
        0.22298404296764113
    ],
    "T9": [
        0.0,
        0.03220446679852552,
        0.07796838602458783
    ],
    "T10": [
        0.0,
        0.0,
        0.0
    ],
    "T11": [
        0.06269242844175418,
        0.12747962534633128,
        0.19226682225090838
    ],
    "T12": [
        0.0016595085436983403,
        0.07060637748883256,
        0.13955324643396677
    ],
    "T13": [
        0.04079189269959932,
        0.08464260273678409,
        0.12849331277396886
    ],
    "T14": [
        0.0,
        0.027541155237618666,
        0.0838691423081747
    ],
    "T15": [
        0.02212416964386138,
        0.06550213697014702,
        0.10888010429643266
    ],
    "T16": [
        0.2082548022134364,
        0.3797596420238124,
        0.5512644818341884
    ],
    "T17": [
        0.0,
        0.01741541176000328,
        0.035916994948355194
    ],
    "T18": [
        0.0,
        0.03371108385281327,
        0.07439443399476424
    ],
    "T19": [
        0.36219184038820107,
        0.4370042490425085,
        0.511816657696816
    ],
    "T20": [
        0.010694479835536605,
        0.04674824559647122,
        0.08280201135740584
    ],
    "T21": [
        0.09192792397277927,
        0.20634315007060028,
        0.3207583761684213
    ],
    "T22": [
        0.13095804217313736,
        0.16043734553273456,
        0.18991664889233176
    ],
    "T23": [
        0.008668464389044145,
        0.05800690628219332,
        0.1073453481753425
    ],
    "T24": [
        0.06740966659173278,
        0.13470683373612719,
        0.2020040008805216
    ],
    "T25": [
        0.04409907775511407,
        0.16213072702505774,
        0.2801623762950014
    ],
    "T26": [
        0.0,
        0.1,
        0.21393688301366892
    ],
    "T27": [
        0.02732024761437768,
        0.05234999931708131,
        0.07737975101978493
    ],
    "T28": [
        0.025127435798330655,
        0.16666666666666666,
        0.30820589753500266
    ],
    "T29": [
        0.07903308063736447,
        0.15867683825923773,
        0.23832059588111099
    ],
    "T30": [
        0.0027371808500865347,
        0.061159704157947595,
        0.11958222746580865
    ],
    "T31": [
        0.0,
        0.004302521642222333,
        0.010434734231442375
    ],
    "T32": [
        0.0,
        0.01412128164969082,
        0.0305586652839928
    ],
    "T33": [
        0.018510066240590206,
        0.09590383013636752,
        0.17329759403214484
    ],
    "T34": [
        0.035442193300385616,
        0.08327969651047393,
        0.13111719972056224
    ],
    "T35": [
        0.23171961881915443,
        0.3285947057529733,
        0.42546979268679214
    ],
    "T36": [
        0.08811056458861816,
        0.15085762263566316,
        0.21360468068270816
    ],
    "T37": [
        0.1528850800014901,
        0.2304582327813429,
        0.3080313855611957
    ],
    "T38": [
        0.011088796995438105,
        0.05487200590964646,
        0.09865521482385481
    ],
    "T39": [
        0.036832817187068906,
        0.0766846239929195,
        0.1165364307987701
    ],
    "T40": [
        0.05285229656929663,
        0.15077410520755946,
        0.2486959138458223
    ],
    "T41": [
        0.19646361196169437,
        0.2921504142249898,
        0.3878372164882852
    ],
    "T42": [
        0.06920068309809801,
        0.1409410675539365,
        0.212681452009775
    ],
    "T43": [
        0.0,
        0.042061983571430504,
        0.10183385406049689
    ],
    "T44": [
        0.05283629717558769,
        0.10012730970134362,
        0.14741832222709955
    ],
    "T45": [
        0.025432092045857807,
        0.07516595444498257,
        0.12489981684410734
    ]
}