{
    "model_global_ndcg": {
        "mean": 0.15996429776829743,
        "margin": 0.04114912899517967,
        "interval": [
            0.11881516877311776,
            0.15996429776829743,
            0.2011134267634771
        ]
    }
}