{
    "T1": [
        0.10963215845372357,
        0.16915186721214912,
        0.22867157597057466
    ],
    "T2": [
        0.24190577336863794,
        0.3203629084179727,
        0.3988200434673075
    ],
    "T3": [
        0.04717738511838329,
        0.12489109080375353,
        0.20260479648912377
    ],
    "T4": [
        0.02053089597328933,
        0.06476007209535972,
        0.10898924821743011
    ],
    "T5": [
        0.1216352971392497,
        0.19491639434882654,
        0.2681974915584034
    ],
    "T6": [
        0.09430905339318085,
        0.17554553921340008,
        0.2567820250336193
    ],
    "T7": [
        0.00478527481364175,
        0.028560724273260483,
        0.052336173732879215
    ],
    "T8": [
        0.17881509952090857,
        0.2877716450374291,
        0.3967281905539496
    ],
    "T9": [
        0.04390355770407278,
        0.1094564841126673,
        0.17500941052126182
    ],
    "T10": [
        0.0,
        0.0,
        0.0
    ],
    "T11": [
        0.0756697758130001,
        0.13429766982228142,
        0.19292556383156273
    ],
    "T12": [
        0.03143028077483803,
        0.10331690642155507,
        0.1752035320682721
    ],
    "T13": [
        0.012642421390131775,
        0.0555156848999228,
        0.09838894840971382
    ],
    "T14": [
        0.0,
        0.027541155237618666,
        0.0838691423081747
    ],
    "T15": [
        0.030432305525182418,
        0.0854948935694997,
        0.14055748161381698
    ],
    "T16": [
        0.5391620858267442,
        0.6964263086904791,
        0.8536905315542139
    ],
    "T17": [
        0.02019444788105612,
        0.09889749210461149,
        0.17760053632816686
    ],
    "T18": [
        0.0,
        0.03706624249987846,
        0.07419347024196744
    ],
    "T19": [
        0.504298304827286,
        0.5607378039606965,
        0.617177303094107
    ],
    "T20": [
        0.04353073475584768,
        0.09168405377629672,
        0.13983737279674577
    ],
    "T21": [
        0.018248266586915224,
        0.12103812696590094,
        0.22382798734488665
    ],
    "T22": [
        0.1327943502862414,
        0.15934016495229072,
        0.18588597961834005
    ],
    "T23": [
        0.012945407272031334,
        0.07566139685599473,
        0.13837738643995812
    ],
    "T24": [
        0.04725232737740695,
        0.11237540614361381,
        0.17749848490982068
    ],
    "T25": [
        0.076331294758479,
        0.21016462095047467,
        0.34399794714247034
    ],
    "T26": [
        0.004229691154525261,
        0.13333333333333333,
        0.2624369755121414
    ],
    "T27": [
        0.03880994949366731,
        0.07150607599290953,
        0.10420220249215176
    ],
    "T28": [
        0.025127435798330655,
        0.16666666666666666,
        0.30820589753500266
    ],
    "T29": [
        0.09931955401104448,
        0.17202220717229866,
        0.24472486033355284
    ],
    "T30": [
        0.06282043282845814,
        0.1471649006167198,
        0.23150936840498146
    ],
    "T31": [
        0.005690894664143721,
        0.026940995250890266,
        0.04819109583763681
    ],
    "T32": [
        0.0,
        0.0033864593835156486,
        0.010312546496560292
    ],
    "T33": [
        0.022564871461006747,
        0.0938557452045513,
        0.16514661894809585
    ],
    "T34": [
        0.024657891464564638,
        0.052824971282656376,
        0.08099205110074811
    ],
    "T35": [
        0.2275985610454868,
        0.32262176790867414,
        0.41764497477186147
    ],
    "T36": [
        0.17541990494676635,
        0.24871487957379548,
        0.3220098542008246
    ],
    "T37": [
        0.2642479550680867,
        0.3365170624315278,
        0.4087861697949689
    ],
    "T38": [
        0.07552423391908206,
        0.1365149131959453,
        0.19750559247280855
    ],
    "T39": [
        0.04540697752316278,
        0.09076511599184413,
        0.13612325446052548
    ],
    "T40": [
        0.03480311089593463,
        0.11854327976961465,
        0.20228344864329467
    ],
    "T41": [
        0.25424822937934455,
        0.3444526319109072,
        0.43465703444246984
    ],
    "T42": [
        0.20531064264698556,
        0.29758088744129807,
        0.3898511322356106
    ],
    "T43": [
        0.0,
        0.06666666666666667,
        0.16140283998979837
    ],
    "T44": [
        0.10730774948481564,
        0.191239334461721,
        0.27517091943862637
    ],
    "T45": [
        0.06619238858480636,
        0.13210085295191462,
        0.19800931731902288
    ]
}