{
    "model_global_ndcg": {
        "mean": 0.06621311104831028,
        "margin": 0.032045564265561516,
        "interval": [
            0.03416754678274876,
            0.06621311104831028,
            0.0982586753138718
        ]
    }
}