{
    "model_global_ndcg": {
        "mean": 0.07066199426787594,
        "margin": 0.042750896825147974,
        "interval": [
            0.02791109744272796,
            0.07066199426787594,
            0.11341289109302391
        ]
    }
}