{
    "model_global_ndcg": {
        "mean": 0.06621311104831026,
        "margin": 0.032045564265561516,
        "interval": [
            0.03416754678274875,
            0.06621311104831026,
            0.09825867531387178
        ]
    }
}