{
    "T22": [
        0.026013424973872837,
        0.053605798352441954,
        0.08119817173101107
    ],
    "T3": [
        0.0,
        0.0,
        0.0
    ],
    "T37": [
        0.0,
        0.0,
        0.0
    ],
    "T17": [
        0.07007053138443564,
        0.1668895179265319,
        0.26370850446862815
    ],
    "T32": [
        0.0,
        0.0,
        0.0
    ],
    "T28": [
        0.0,
        0.0,
        0.0
    ],
    "T29": [
        0.10071040874400183,
        0.1540354718640004,
        0.20736053498399898
    ],
    "T4": [
        0.03348100750717406,
        0.09044272140629762,
        0.1474044353054212
    ],
    "T35": [
        0.0,
        0.0,
        0.0
    ],
    "T27": [
        0.06485210783923513,
        0.08800034745544191,
        0.1111485870716487
    ],
    "T1": [
        0.2999195903652796,
        0.36813862644677925,
        0.4363576625282789
    ],
    "T16": [
        0.0,
        0.0,
        0.0
    ],
    "T18": [
        0.0,
        0.0,
        0.0
    ],
    "T45": [
        0.09272792429402571,
        0.13739811909899136,
        0.182068313903957
    ],
    "T30": [
        0.0,
        0.0,
        0.0
    ],
    "T33": [
        0.10359853694302423,
        0.1975808874412981,
        0.29156323793957195
    ],
    "T5": [
        0.0,
        0.0029156683891631507,
        0.007058957377191198
    ],
    "T12": [
        0.014333518325184494,
        0.03428923178946796,
        0.054244945253751425
    ],
    "T21": [
        0.0,
        0.0,
        0.0
    ],
    "T26": [
        0.018203659400698236,
        0.1420619835714305,
        0.26592030774216274
    ],
    "T20": [
        0.07619852775508473,
        0.1543704493015202,
        0.23254237084795565
    ],
    "T9": [
        0.0,
        0.0,
        0.0
    ],
    "T39": [
        0.2506812575526501,
        0.3395313491198832,
        0.4283814406871163
    ],
    "T25": [
        0.0,
        0.0,
        0.0
    ],
    "T42": [
        0.0,
        0.0,
        0.0
    ],
    "T36": [
        0.15983796994291632,
        0.20290139264469217,
        0.24596481534646802
    ],
    "T10": [
        0.0,
        0.0,
        0.0
    ],
    "T7": [
        0.0,
        0.0,
        0.0
    ],
    "T40": [
        0.0,
        0.0,
        0.0
    ],
    "T43": [
        0.0,
        0.0,
        0.0
    ],
    "T19": [
        0.34503381367981617,
        0.3925992835953517,
        0.4401647535108872
    ],
    "T31": [
        0.0,
        0.0,
        0.0
    ],
    "T14": [
        0.0,
        0.010654373218155079,
        0.03244501314227064
    ],
    "T24": [
        0.0,
        0.0,
        0.0
    ],
    "T34": [
        0.0,
        0.0017884221548747998,
        0.005446156158671585
    ],
    "T38": [
        0.04272012305489151,
        0.10174806158208484,
        0.16077600010927817
    ],
    "T44": [
        0.03776828103073006,
        0.05563289029186123,
        0.0734974995529924
    ],
    "T8": [
        0.0,
        0.0,
        0.0
    ],
    "T2": [
        0.0,
        0.0,
        0.0
    ],
    "T23": [
        0.0001575610023752394,
        0.032703966649239954,
        0.06525037229610467
    ],
    "T41": [
        0.0,
        0.0,
        0.0
    ],
    "T15": [
        0.0,
        0.0,
        0.0
    ],
    "T11": [
        0.2059776113827208,
        0.2523014348744555,
        0.2986252583661902
    ],
    "T13": [
        0.0,
        0.0,
        0.0
    ],
    "T6": [
        0.0,
        0.0,
        0.0
    ]
}