{
    "model_global_ndcg": {
        "mean": 0.10030184065188147,
        "margin": 0.048531082041779,
        "interval": [
            0.05177075861010247,
            0.10030184065188147,
            0.14883292269366047
        ]
    }
}