{
    "T16": [
        0.0,
        0.0,
        0.0,
        0.0,
        0.0,
        0.0,
        0.0,
        0.0,
        0.0,
        0.0
    ],
    "T35": [
        0.0,
        0.0,
        0.0,
        0.0,
        0.0,
        0.0,
        0.0,
        0.0,
        0.0,
        0.0
    ],
    "T45": [
        0.13120507751234178,
        0.13120507751234178,
        0.13120507751234178,
        0.13120507751234178,
        0.13120507751234178,
        0.13120507751234178,
        0.13120507751234178,
        0.13120507751234178,
        0.13120507751234178,
        0.13120507751234178
    ],
    "T37": [
        0.21398626473452753,
        0.21398626473452753,
        0.21398626473452753,
        0.21398626473452753,
        0.21398626473452753,
        0.21398626473452753,
        0.21398626473452753,
        0.21398626473452753,
        0.21398626473452753,
        0.21398626473452753
    ],
    "T11": [
        0.0,
        0.0,
        0.0,
        0.0,
        0.0,
        0.0,
        0.0,
        0.0,
        0.0,
        0.0
    ],
    "T43": [
        0.0,
        0.0,
        0.0,
        0.0,
        0.0,
        0.0,
        0.0,
        0.0,
        0.0,
        0.0
    ],
    "T32": [
        0.0,
        0.0,
        0.0,
        0.0,
        0.0,
        0.0,
        0.0,
        0.0,
        0.0,
        0.0
    ],
    "T38": [
        0.3391602052736161,
        0.3391602052736161,
        0.3391602052736161,
        0.3391602052736161,
        0.3391602052736161,
        0.3391602052736161,
        0.3391602052736161,
        0.3391602052736161,
        0.3391602052736161,
        0.3391602052736161
    ],
    "T34": [
        0.06934506308715421,
        0.06934506308715421,
        0.06934506308715421,
        0.06934506308715421,
        0.06934506308715421,
        0.06934506308715421,
        0.06934506308715421,
        0.06934506308715421,
        0.06934506308715421,
        0.06934506308715421
    ],
    "T18": [
        0.20803518926146267,
        0.0,
        0.0,
        0.0,
        0.0,
        0.0,
        0.0,
        0.0,
        0.0,
        0.0
    ],
    "T2": [
        0.0,
        0.0,
        0.11305340175787203,
        0.0,
        0.0,
        0.0,
        0.0,
        0.0,
        0.0,
        0.33916020527361607
    ],
    "T26": [
        0.0,
        0.0,
        0.0,
        0.0,
        0.0,
        0.0,
        0.0,
        0.0,
        0.0,
        0.0
    ],
    "T28": [
        0.5,
        0.5,
        0.5,
        0.5,
        0.5,
        0.5,
        0.5,
        0.5,
        0.5,
        0.5
    ],
    "T13": [
        0.33916020527361607,
        0.33916020527361607,
        0.33916020527361607,
        0.33916020527361607,
        0.33916020527361607,
        0.33916020527361607,
        0.33916020527361607,
        0.33916020527361607,
        0.33916020527361607,
        0.33916020527361607
    ],
    "T23": [
        0.16958010263680803,
        0.16958010263680803,
        0.16958010263680803,
        0.16958010263680803,
        0.16958010263680803,
        0.16958010263680803,
        0.16958010263680803,
        0.16958010263680803,
        0.16958010263680803,
        0.16958010263680803
    ],
    "T19": [
        0.3156484524795145,
        0.3835663673713356,
        0.3156484524795145,
        0.3156484524795145,
        0.360054614577234,
        0.3156484524795145,
        0.3835663673713356,
        0.3156484524795145,
        0.3156484524795145,
        0.3156484524795145
    ],
    "T4": [
        0.3835663673713356,
        0.3835663673713356,
        0.3835663673713356,
        0.3835663673713356,
        0.3835663673713356,
        0.3835663673713356,
        0.3835663673713356,
        0.3835663673713356,
        0.3835663673713356,
        0.3835663673713356
    ],
    "T24": [
        0.0,
        0.0,
        0.0,
        0.0,
        0.0,
        0.0,
        0.0,
        0.0,
        0.0,
        0.0
    ],
    "T39": [
        0.0,
        0.0,
        0.0,
        0.0,
        0.0,
        0.0,
        0.0,
        0.0,
        0.0,
        0.0
    ],
    "T44": [
        0.0,
        0.0,
        0.0,
        0.0,
        0.0,
        0.0,
        0.0,
        0.0,
        0.0,
        0.0
    ],
    "T41": [
        0.0,
        0.4692787260227565,
        0.0,
        0.0,
        0.0,
        0.0,
        0.4692787260227565,
        0.0,
        0.0,
        0.0
    ],
    "T20": [
        0.0,
        0.0,
        0.0,
        0.0,
        0.0,
        0.0,
        0.0,
        0.0,
        0.0,
        0.0
    ],
    "T1": [
        0.49125969208957576,
        0.4468535299918563,
        0.4468535299918563,
        0.4468535299918563,
        0.49125969208957576,
        0.49125969208957576,
        0.49125969208957576,
        0.4468535299918563,
        0.4468535299918563,
        0.49125969208957576
    ],
    "T40": [
        0.0,
        0.0,
        0.0,
        0.0,
        0.0,
        0.0,
        0.0,
        0.0,
        0.0,
        0.0
    ],
    "T8": [
        0.0,
        0.0,
        0.0,
        0.0,
        0.0,
        0.0,
        0.0,
        0.0,
        0.0,
        0.0
    ],
    "T30": [
        0.0,
        0.0,
        0.0,
        0.0,
        0.0,
        0.0,
        0.0,
        0.0,
        0.0,
        0.0
    ],
    "T31": [
        0.0,
        0.0,
        0.0,
        0.0,
        0.0,
        0.0,
        0.0,
        0.0,
        0.0,
        0.0
    ],
    "T10": [
        0.0,
        0.0,
        0.0,
        0.0,
        0.0,
        0.0,
        0.0,
        0.0,
        0.0,
        0.0
    ],
    "T33": [
        0.3836491390379004,
        0.3836491390379004,
        0.3836491390379004,
        0.3836491390379004,
        0.3836491390379004,
        0.3836491390379004,
        0.3836491390379004,
        0.3836491390379004,
        0.3836491390379004,
        0.3836491390379004
    ],
    "T3": [
        0.1815417925373527,
        0.1815417925373527,
        0.1815417925373527,
        0.1815417925373527,
        0.1815417925373527,
        0.1815417925373527,
        0.1815417925373527,
        0.1815417925373527,
        0.1815417925373527,
        0.1815417925373527
    ],
    "T29": [
        0.0,
        0.0,
        0.0,
        0.0,
        0.0,
        0.0,
        0.0,
        0.0,
        0.0,
        0.0
    ],
    "T27": [
        0.0,
        0.0,
        0.0,
        0.0,
        0.0,
        0.0,
        0.0,
        0.0,
        0.0,
        0.0
    ],
    "T15": [
        0.0,
        0.0,
        0.0,
        0.0,
        0.0,
        0.0,
        0.0,
        0.0,
        0.0,
        0.0
    ],
    "T9": [
        0.0,
        0.0,
        0.0,
        0.0,
        0.0,
        0.0,
        0.0,
        0.0,
        0.0,
        0.0
    ],
    "T14": [
        0.0,
        0.0,
        0.0,
        0.0,
        0.0,
        0.0,
        0.0,
        0.0,
        0.0,
        0.0
    ],
    "T12": [
        0.5562983930884396,
        0.5562983930884396,
        0.5562983930884396,
        0.5562983930884396,
        0.5562983930884396,
        0.5562983930884396,
        0.5562983930884396,
        0.5562983930884396,
        0.5562983930884396,
        0.5562983930884396
    ],
    "T21": [
        0.12103812696590094,
        0.0,
        0.0,
        0.0,
        0.0,
        0.0,
        0.0,
        0.0,
        0.0,
        0.15273311123869335
    ],
    "T6": [
        0.0,
        0.0,
        0.0,
        0.0,
        0.0,
        0.0,
        0.0,
        0.0,
        0.0,
        0.1791917585385473
    ],
    "T5": [
        0.3451913422468693,
        0.16958010263680803,
        0.3451913422468693,
        0.16958010263680803,
        0.13120507751234178,
        0.13120507751234178,
        0.13120507751234178,
        0.3451913422468693,
        0.13120507751234178,
        0.16958010263680803
    ],