{
    "model_global_ndcg": {
        "mean": 0.16528048007429974,
        "margin": 0.030633209494884878,
        "interval": [
            0.13464727057941486,
            0.16528048007429974,
            0.19591368956918462
        ]
    }
}