{
    "model_global_ndcg": {
        "mean": 0.16528048007429977,
        "margin": 0.030633209494884878,
        "interval": [
            0.1346472705794149,
            0.16528048007429977,
            0.19591368956918465
        ]
    }
}