{
    "T1": [
        0.0004672517364918277,
        0.04102652480983678,
        0.08158579788318174
    ],
    "T6": [
        0.08465466637076158,
        0.15858458255659996,
        0.23251449874243835
    ],
    "T28": [
        0.004229691154525261,
        0.13333333333333333,
        0.2624369755121414
    ],
    "T12": [
        0.05491396615048877,
        0.14063781235694142,
        0.22636165856339407
    ],
    "T24": [
        0.06424136449156509,
        0.1519793583049309,
        0.2397173521182967
    ],
    "T22": [
        0.11781793709973076,
        0.17595684800361722,
        0.23409575890750367
    ],
    "T32": [
        0.0,
        0.02683705566543793,
        0.06243770028890197
    ],
    "T31": [
        0.012311224179334487,
        0.058945865802224946,
        0.1055805074251154
    ],
    "T41": [
        0.12258877574374483,
        0.2230929086742522,
        0.32359704160475955
    ],
    "T35": [
        0.21107643186503772,
        0.2940292031866443,
        0.37698197450825083
    ],
    "T13": [
        0.09007944731819528,
        0.1568232444495355,
        0.2235670415808757
    ],
    "T34": [
        0.16703664514665167,
        0.25308221873976966,
        0.33912779233288765
    ],
    "T10": [
        0.00039650700542995243,
        0.044260079373440224,
        0.0881236517414505
    ],
    "T18": [
        0.050398123916256865,
        0.12625099736533282,
        0.20210387081440878
    ],
    "T42": [
        0.10526436774875747,
        0.18975957534091886,
        0.27425478293308025
    ],
    "T8": [
        0.052954532730113774,
        0.14444728170719578,
        0.2359400306842778
    ],
    "T16": [
        0.342592042254532,
        0.5130929753571457,
        0.6835939084597594
    ],
    "T27": [
        0.04785048162679026,
        0.08675949769600723,
        0.1256685137652242
    ],
    "T30": [
        0.0,
        0.06352601440512674,
        0.12743999030814188
    ],
    "T38": [
        0.07404924655164632,
        0.1348803570163097,
        0.1957114674809731
    ],
    "T15": [
        0.05748423731244026,
        0.1087243596542105,
        0.15996448199598073
    ],
    "T33": [
        0.022564871461006747,
        0.0938557452045513,
        0.16514661894809585
    ],
    "T21": [
        0.05724430257579799,
        0.15542795977499402,
        0.25361161697419005
    ],
    "T5": [
        0.19237026464223583,
        0.27067662322366254,
        0.34898298180508924
    ],
    "T11": [
        0.08862250237328745,
        0.1521531982951913,
        0.21568389421709516
    ],
    "T9": [
        0.0,
        0.03022351504895358,
        0.06612837184111894
    ],
    "T17": [
        0.08114327015170503,
        0.1712800635958319,
        0.26141685703995876
    ],
    "T43": [
        0.0,
        0.1,
        0.21393688301366892
    ],
    "T4": [
        0.12576629424020142,
        0.20352744226597352,
        0.28128859029174563
    ],
    "T23": [
        0.048528844728291304,
        0.103141022202326,
        0.1577531996763607
    ],
    "T36": [
        0.2365334470180196,
        0.3051057541337563,
        0.373678061249493
    ],
    "T37": [
        0.1920353255660196,
        0.2795530848744788,
        0.36707084418293795
    ],
    "T29": [
        0.0687542284708994,
        0.11725514239016409,
        0.16575605630942877
    ],
    "T44": [
        0.11593845719286694,
        0.182740083347805,
        0.24954170950274307
    ],
    "T2": [
        0.22356577191681126,
        0.2936893819176756,
        0.3638129919185399
    ],
    "T40": [
        0.03710217202061414,
        0.12229650597551063,
        0.20749083993040712
    ],
    "T7": [
        0.053265641330548646,
        0.12230741349246195,
        0.19134918565437525
    ],
    "T14": [
        0.0,
        0.05027957925255544,
        0.10915754046574314
    ],
    "T25": [
        0.0,
        0.078251022858096,
        0.1627083161694718
    ],
    "T3": [
        0.15760757734522352,
        0.2506530148390225,
        0.34369845233282154
    ],
    "T19": [
        0.3820683301416834,
        0.44780674178430224,
        0.5135451534269211
    ],
    "T45": [
        0.12363438317851855,
        0.1877525027348451,
        0.25187062229117163
    ],
    "T39": [
        0.1014190483650147,
        0.19726976720891834,
        0.293120486052822
    ],
    "T26": [
        0.0,
        0.06666666666666667,
        0.16140283998979837
    ],
    "T20": [
        0.14069610209664246,
        0.22967927845693384,
        0.3186624548172252
    ]
}