{
    "model_global_ndcg": {
        "mean": 0.0971887269982939,
        "margin": 0.06927225268418563,
        "interval": [
            0.027916474314108264,
            0.0971887269982939,
            0.16646097968247953
        ]
    }
}