{
    "model_global_ndcg": {
        "mean": 0.2127289452967026,
        "margin": 0.04887528293034693,
        "interval": [
            0.16385366236635568,
            0.2127289452967026,
            0.26160422822704954
        ]
    }
}