{
    "T1": [
        0.46411547919895757,
        0.5193869061907144,
        0.5746583331824712
    ],
    "T2": [
        0.23206095277260652,
        0.31179018828631155,
        0.3915194238000166
    ],
    "T3": [
        0.017567200834162716,
        0.09208582618875046,
        0.1666044515433382
    ],
    "T4": [
        0.2505847839636848,
        0.29834982589189085,
        0.3461148678200969
    ],
    "T5": [
        0.15942420151591202,
        0.22500630270202784,
        0.29058840388814366
    ],
    "T6": [
        0.14206256585515592,
        0.2105658736751516,
        0.27906918149514726
    ],
    "T7": [
        0.011180733887803829,
        0.04562838284093998,
        0.08007603179407613
    ],
    "T8": [
        0.11513518812651002,
        0.19798695377802866,
        0.2808387194295473
    ],
    "T9": [
        0.00025843720394755354,
        0.026837055665437932,
        0.05341567412692831
    ],
    "T10": [
        0.0,
        0.012362186513076438,
        0.0299293801754118
    ],
    "T11": [
        0.26473889751934215,
        0.3213779046238475,
        0.3780169117283529
    ],
    "T12": [
        0.2624360917296383,
        0.3222521360366798,
        0.3820681803437213
    ],
    "T13": [
        0.034679693951700036,
        0.08788438639799986,
        0.1410890788442997
    ],
    "T14": [
        0.0,
        0.027541155237618666,
        0.0838691423081747
    ],
    "T15": [
        0.09777950423463391,
        0.16724935932141646,
        0.236719214408199
    ],
    "T16": [
        0.6511066496540732,
        0.796228426907818,
        0.9413502041615629
    ],
    "T17": [
        0.01497362021060128,
        0.07446617230593253,
        0.13395872440126377
    ],
    "T18": [
        0.051090137151064946,
        0.11810578955894595,
        0.18512144196682695
    ],
    "T19": [
        0.5461613107542261,
        0.5905929052351621,
        0.635024499716098
    ],
    "T20": [
        0.2702647450626372,
        0.32179489105352876,
        0.3733250370444203
    ],
    "T21": [
        0.1398899626997827,
        0.26628387932498204,
        0.3926777959501814
    ],
    "T22": [
        0.1572254897877668,
        0.1889302680231071,
        0.22063504625844743
    ],
    "T23": [
        0.033244937651109835,
        0.09452794130791779,
        0.15581094496472575
    ],
    "T24": [
        0.013002485561270788,
        0.06466340915508711,
        0.11632433274890344
    ],
    "T25": [
        0.06528894360008392,
        0.19737827920293374,
        0.32946761480578357
    ],
    "T26": [
        0.018894631595123113,
        0.15,
        0.2811053684048769
    ],
    "T27": [
        0.16268364024462184,
        0.19645547554290604,
        0.23022731084119025
    ],
    "T28": [
        0.05283867610330423,
        0.19537843720489287,
        0.3379181983064815
    ],
    "T29": [
        0.22040101271950874,
        0.27987265098904385,
        0.33934428925857896
    ],
    "T30": [
        0.051080874882903915,
        0.1293868736994608,
        0.2076928725160177
    ],
    "T31": [
        0.0,
        0.016922776979150105,
        0.034265763920897176
    ],
    "T32": [
        0.0,
        0.007443809197504451,
        0.022668108418620603
    ],
    "T33": [
        0.546336006534504,
        0.5896368142022219,
        0.6329376218699398
    ],
    "T34": [
        0.14286120324683582,
        0.2250426784459096,
        0.3072241536449834
    ],
    "T35": [
        0.20265849362312593,
        0.2884421271645171,
        0.3742257607059083
    ],
    "T36": [
        0.167025432709432,
        0.2156773054717993,
        0.26432917823416663
    ],
    "T37": [
        0.2665202073134538,
        0.3309157466978793,
        0.3953112860823048
    ],
    "T38": [
        0.07943311013006457,
        0.1444110872769359,
        0.20938906442380725
    ],
    "T39": [
        0.0693332066982609,
        0.12393519856928399,
        0.17853719044030708
    ],
    "T40": [
        0.06236925773229296,
        0.15891787708275545,
        0.25546649643321795
    ],
    "T41": [
        0.16462695129076987,
        0.2457138662019101,
        0.32680078111305033
    ],
    "T42": [
        0.13589101705104295,
        0.22401984891657314,
        0.31214868078210334
    ],
    "T43": [
        0.0,
        0.06666666666666667,
        0.16140283998979837
    ],
    "T44": [
        0.10021001973997229,
        0.18431389740761536,
        0.26841777507525844
    ],
    "T45": [
        0.15536286253075415,
        0.22037299520928333,
        0.2853831278878125
    ]
}