{
    "model_global_ndcg": {
        "mean": 0.11256858299026726,
        "margin": 0.0320731669720474,
        "interval": [
            0.08049541601821986,
            0.11256858299026726,
            0.14464174996231466
        ]
    }
}