{
    "T1": [
        0.1039205915702398,
        0.18322543482814463,
        0.26253027808604945
    ],
    "T2": [
        0.13745119752871865,
        0.20673139079303945,
        0.27601158405736026
    ],
    "T3": [
        0.019990397335769627,
        0.07809240483488694,
        0.13619441233400426
    ],
    "T4": [
        0.020666107410143214,
        0.07097315916159694,
        0.12128021091305066
    ],
    "T5": [
        0.04147446769780744,
        0.08192330247099282,
        0.1223721372441782
    ],
    "T6": [
        0.0010862898093132595,
        0.01351285372809355,
        0.025939417646873842
    ],
    "T7": [
        0.015631380861765687,
        0.07088886164001822,
        0.12614634241827075
    ],
    "T8": [
        0.04624381861987792,
        0.14910375862858732,
        0.25196369863729673
    ],
    "T9": [
        0.004315287516250849,
        0.03419511639349634,
        0.06407494527074183
    ],
    "T10": [
        0.0,
        0.0,
        0.0
    ],
    "T11": [
        0.014449284051831213,
        0.05713593640604049,
        0.09982258876024977
    ],
    "T12": [
        0.0578431023491624,
        0.1373095722770373,
        0.2167760422049122
    ],
    "T13": [
        0.02873679990685711,
        0.07569057689910283,
        0.12264435389134855
    ],
    "T14": [
        0.0,
        0.0,
        0.0
    ],
    "T15": [
        0.0034079717399180393,
        0.03834636664305776,
        0.07328476154619748
    ],
    "T16": [
        0.2478974162005474,
        0.4295617602411514,
        0.6112261042817554
    ],
    "T17": [
        0.0,
        0.009835571803067454,
        0.025307693153311155
    ],
    "T18": [
        0.0,
        0.04391853995519767,
        0.0912673678894637
    ],
    "T19": [
        0.4220225463238634,
        0.4845099743780136,
        0.5469974024321638
    ],
    "T20": [
        0.035234420687000056,
        0.08102374365183737,
        0.12681306661667469
    ],
    "T21": [
        0.14296245891087644,
        0.2671637808380513,
        0.3913651027652262
    ],
    "T22": [
        0.1706928096329977,
        0.21427054342850652,
        0.2578482772240153
    ],
    "T23": [
        0.0,
        0.03391602052736161,
        0.07255887715851354
    ],
    "T24": [
        0.033479690677851504,
        0.0836432874189578,
        0.1338068841600641
    ],
    "T25": [
        0.0,
        0.0944847956559586,
        0.19023376258135916
    ],
    "T26": [
        0.0,
        0.05,
        0.12516252917972914
    ],
    "T27": [
        0.06006932030952203,
        0.08968094744673197,
        0.11929257458394191
    ],
    "T28": [
        0.0,
        0.1,
        0.21393688301366892
    ],
    "T29": [
        0.03267019464697618,
        0.08537283696120168,
        0.13807547927542718
    ],
    "T30": [
        0.0,
        0.009637185527208303,
        0.024448326380386583
    ],
    "T31": [
        0.0,
        0.0053652664646244,
        0.016338468476014757
    ],
    "T32": [
        0.0,
        0.008305592257667459,
        0.021595221495523967
    ],
    "T33": [
        0.0117917710596592,
        0.07821312100379275,
        0.1446344709479263
    ],
    "T34": [
        0.014358295906078303,
        0.040807504516420484,
        0.06725671312676267
    ],
    "T35": [
        0.09618315284720241,
        0.17179341787379457,
        0.24740368290038672
    ],
    "T36": [
        0.19829358211653714,
        0.2646558728054017,
        0.33101816349426627
    ],
    "T37": [
        0.1148967935407415,
        0.19331588742979613,
        0.27173498131885077
    ],
    "T38": [
        0.0289184281920946,
        0.07032355778330189,
        0.11172868737450918
    ],
    "T39": [
        0.027811635970594634,
        0.07176792994152945,
        0.11572422391246426
    ],
    "T40": [
        0.02404605626500167,
        0.10441590578352283,
        0.184785755302044
    ],
    "T41": [
        0.22563887679804623,
        0.3226378984566644,
        0.4196369201152826
    ],
    "T42": [
        0.10889098942938247,
        0.1852281984698264,
        0.26156540751027035
    ],
    "T43": [
        0.0,
        0.1,
        0.21393688301366892
    ],
    "T44": [
        0.042223306466613375,
        0.0884477185083747,
        0.13467213055013602
    ],
    "T45": [
        0.03437153146825825,
        0.08616064072996947,
        0.1379497499916807
    ]
}