{
    "model_global_ndcg": {
        "mean": 0.06269835672723935,
        "margin": 0.02755188534626822,
        "interval": [
            0.03514647138097113,
            0.06269835672723935,
            0.09025024207350757
        ]
    }
}