{
    "T1": [
        0.2145711589192339,
        0.2980425513584492,
        0.3815139437976645
    ],
    "T2": [
        0.02136909272071795,
        0.05006325962504996,
        0.07875742652938197
    ],
    "T3": [
        0.009990638042667088,
        0.07243989383522971,
        0.13488914962779233
    ],
    "T4": [
        0.08837667894453152,
        0.1445987069489401,
        0.20082073495334865
    ],
    "T5": [
        0.1034732174023367,
        0.1530711506403825,
        0.20266908387842827
    ],
    "T6": [
        0.0,
        0.0210501454863349,
        0.045546327771891104
    ],
    "T7": [
        0.0,
        0.0,
        0.0
    ],
    "T8": [
        0.00032122369532925493,
        0.013399392072030631,
        0.026477560448732007
    ],
    "T9": [
        0.0,
        0.0,
        0.0
    ],
    "T10": [
        0.0,
        0.0,
        0.0
    ],
    "T11": [
        0.0,
        0.0,
        0.0
    ],
    "T12": [
        0.02294426827230797,
        0.08145672023038533,
        0.1399691721884627
    ],
    "T13": [
        0.11109641337877488,
        0.1772492811782303,
        0.24340214897768572
    ],
    "T14": [
        0.0,
        0.03196311965446524,
        0.0683809019026923
    ],
    "T15": [
        0.0,
        0.02391916593915604,
        0.05342989698429185
    ],
    "T16": [
        0.0,
        0.0,
        0.0
    ],
    "T17": [
        0.0,
        0.0,
        0.0
    ],
    "T18": [
        0.0,
        0.008750372712995077,
        0.02664689436532177
    ],
    "T19": [
        0.3983816798557185,
        0.43838145293518915,
        0.4783812260146598
    ],
    "T20": [
        0.09453117732534749,
        0.1521065188051262,
        0.20968186028490493
    ],
    "T21": [
        0.029734030688336216,
        0.1035751716573698,
        0.1774163126264034
    ],
    "T22": [
        0.0,
        0.0,
        0.0
    ],
    "T23": [
        0.008522226283361412,
        0.056526700878936006,
        0.1045311754745106
    ],
    "T24": [
        0.0,
        0.0,
        0.0
    ],
    "T25": [
        0.0,
        0.0,
        0.0
    ],
    "T26": [
        0.0,
        0.0,
        0.0
    ],
    "T27": [
        0.0487707558302906,
        0.06734677391560114,
        0.08592279200091167
    ],
    "T28": [
        0.0,
        0.027250978843597826,
        0.06603534700757141
    ],
    "T29": [
        0.030612413215075518,
        0.08490384443449633,
        0.13919527565391715
    ],
    "T30": [
        0.004160889516371745,
        0.0258350585099742,
        0.047509227503576654
    ],
    "T31": [
        0.0,
        0.0,
        0.0
    ],
    "T32": [
        0.0,
        0.0,
        0.0
    ],
    "T33": [
        0.06113573203257944,
        0.15065301483902246,
        0.2401702976454655
    ],
    "T34": [
        0.04341548709512516,
        0.06723627914234388,
        0.0910570711895626
    ],
    "T35": [
        0.0,
        0.0,
        0.0
    ],
    "T36": [
        0.0,
        0.0,
        0.0
    ],
    "T37": [
        0.1938663968467424,
        0.2666042202721543,
        0.3393420436975662
    ],
    "T38": [
        0.008522226283361425,
        0.05652670087893601,
        0.1045311754745106
    ],
    "T39": [
        0.0,
        0.0,
        0.0
    ],
    "T40": [
        0.06122888874745741,
        0.11947682969184553,
        0.17772477063623365
    ],
    "T41": [
        0.01867733869005586,
        0.056519093157525305,
        0.09436084762499475
    ],
    "T42": [
        0.0,
        0.0,
        0.0
    ],
    "T43": [
        0.0,
        0.0,
        0.0
    ],
    "T44": [
        0.0,
        0.00707172178352363,
        0.015179222520891718
    ],
    "T45": [
        0.022863919573878844,
        0.06540793329847991,
        0.10795194702308097
    ]
}