{
    "model_global_ndcg": {
        "mean": 0.1808252867053328,
        "margin": 0.04294822520262759,
        "interval": [
            0.1378770615027052,
            0.1808252867053328,
            0.22377351190796038
        ]
    }
}