{
    "T1": [
        0.23634231957364027,
        0.31424591557911025,
        0.3921495115845802
    ],
    "T2": [
        0.3643899584803768,
        0.4434914023892349,
        0.522592846298093
    ],
    "T3": [
        0.03144413483375591,
        0.1086921347709642,
        0.1859401347081725
    ],
    "T4": [
        0.07002452437364914,
        0.1316141615364918,
        0.19320379869933446
    ],
    "T5": [
        0.18833979530868689,
        0.24919756334584772,
        0.31005533138300856
    ],
    "T6": [
        0.1557950704620602,
        0.23008758624176445,
        0.3043801020214687
    ],
    "T7": [
        0.004762201744357222,
        0.03793052623922397,
        0.07109885073409072
    ],
    "T8": [
        0.08347316321085207,
        0.15018336024458254,
        0.216893557278313
    ],
    "T9": [
        0.0,
        0.02086233703022342,
        0.042900825845451906
    ],
    "T10": [
        0.0,
        0.012362186513076438,
        0.0299293801754118
    ],
    "T11": [
        0.2871282052363783,
        0.37256093994661976,
        0.45799367465686125
    ],
    "T12": [
        0.06027410581752224,
        0.14287903331337098,
        0.22548396080921973
    ],
    "T13": [
        0.031644636843333074,
        0.0825932319038155,
        0.13354182696429792
    ],
    "T14": [
        0.0,
        0.027541155237618666,
        0.0838691423081747
    ],
    "T15": [
        0.11303845670735682,
        0.178979893760943,
        0.2449213308145292
    ],
    "T16": [
        0.5793639031233916,
        0.7230845355072103,
        0.866805167891029
    ],
    "T17": [
        0.0,
        0.04098639518437917,
        0.0938952869602107
    ],
    "T18": [
        0.018787516636435297,
        0.08150786240310648,
        0.14422820816977766
    ],
    "T19": [
        0.47952478402667764,
        0.5380561307492242,
        0.5965874774717708
    ],
    "T20": [
        0.08490173071777618,
        0.15706270858289917,
        0.22922368644802216
    ],
    "T21": [
        0.1528581058255437,
        0.2852238030475153,
        0.41758950026948694
    ],
    "T22": [
        0.13448718549848127,
        0.1632829769931645,
        0.19207876848784772
    ],
    "T23": [
        0.02656099290963032,
        0.09113920171641823,
        0.15571741052320615
    ],
    "T24": [
        0.01353366155726718,
        0.06891179544341694,
        0.1242899293295667
    ],
    "T25": [
        0.08742954443729917,
        0.21311259722837236,
        0.33879565001944556
    ],
    "T26": [
        0.09254156423606374,
        0.2397512021738769,
        0.3869608401116901
    ],
    "T27": [
        0.1451779038713844,
        0.18106711557064453,
        0.21695632726990466
    ],
    "T28": [
        0.025127435798330655,
        0.16666666666666666,
        0.30820589753500266
    ],
    "T29": [
        0.0631684742466723,
        0.12827016181812204,
        0.19337184938957178
    ],
    "T30": [
        0.04847702883304908,
        0.13763532491300606,
        0.22679362099296305
    ],
    "T31": [
        0.0,
        0.020483036362558316,
        0.05395590273790936
    ],
    "T32": [
        0.0,
        0.0,
        0.0
    ],
    "T33": [
        0.10738189801147285,
        0.20745028447349365,
        0.30751867093551444
    ],
    "T34": [
        0.15848292902739436,
        0.23899999720446966,
        0.31951706538154495
    ],
    "T35": [
        0.20700575222711648,
        0.2958450695909239,
        0.3846843869547313
    ],
    "T36": [
        0.2210561147951488,
        0.28519602623169327,
        0.34933593766823773
    ],
    "T37": [
        0.23768405713802587,
        0.3237740217623697,
        0.4098639863867135
    ],
    "T38": [
        0.038595130442097336,
        0.09531166640105451,
        0.1520282023600117
    ],
    "T39": [
        0.0,
        0.0,
        0.0
    ],
    "T40": [
        0.052742146673953494,
        0.15320197225820173,
        0.25366179784244997
    ],
    "T41": [
        0.047791780430858966,
        0.1318779051560867,
        0.2159640298813144
    ],
    "T42": [
        0.07487876196513821,
        0.166295639039781,
        0.2577125161144238
    ],
    "T43": [
        0.028407997139604235,
        0.15,
        0.27159200286039575
    ],
    "T44": [
        0.1393826137270327,
        0.23301208433392562,
        0.32664155494081853
    ],
    "T45": [
        0.053329214246853635,
        0.11671029287450725,
        0.18009137150216087
    ]
}