{
    "model_global_ndcg": {
        "mean": 0.1708607520934876,
        "margin": 0.03729896996939669,
        "interval": [
            0.13356178212409092,
            0.1708607520934876,
            0.2081597220628843
        ]
    }
}