{
    "model_global_ndcg": {
        "mean": 0.15457456278816553,
        "margin": 0.04123558549927636,
        "interval": [
            0.11333897728888917,
            0.15457456278816553,
            0.1958101482874419
        ]
    }
}