{
    "T1": [
        0.0011087016625099672,
        0.016958007719459108,
        0.03280731377640825
    ],
    "T2": [
        0.24982335220223584,
        0.34279298246217904,
        0.43576261272212224
    ],
    "T3": [
        0.0117917710596592,
        0.07821312100379275,
        0.1446344709479263
    ],
    "T4": [
        0.08730827570906366,
        0.1474181801177373,
        0.20752808452641094
    ],
    "T5": [
        0.18967208800383162,
        0.2578572252815516,
        0.32604236255927155
    ],
    "T6": [
        0.15255041384807355,
        0.2277760841388593,
        0.30300175442964505
    ],
    "T7": [
        0.013005357631362041,
        0.050680550810798794,
        0.08835574399023555
    ],
    "T8": [
        0.10194443637483297,
        0.18112692768232827,
        0.26030941898982357
    ],
    "T9": [
        0.0003431401553127926,
        0.012843083717090737,
        0.025343027278868682
    ],
    "T10": [
        0.0,
        0.010080928901688076,
        0.02479410696608971
    ],
    "T11": [
        0.14801143680691342,
        0.22938204533745948,
        0.31075265386800555
    ],
    "T12": [
        0.03914871038559767,
        0.11502423848193298,
        0.1908997665782683
    ],
    "T13": [
        0.022313832664946867,
        0.05437656349863429,
        0.08643929433232171
    ],
    "T14": [
        0.0,
        0.027541155237618666,
        0.0838691423081747
    ],
    "T15": [
        0.05562041446586971,
        0.11744872767271096,
        0.1792770408795522
    ],
    "T16": [
        0.623182144717218,
        0.7584714125620386,
        0.8937606804068593
    ],
    "T17": [
        0.0,
        0.05805770635948621,
        0.11682792344437778
    ],
    "T18": [
        0.029838345521952497,
        0.08286877301714529,
        0.1358992005123381
    ],
    "T19": [
        0.44218544681594263,
        0.49497273163466826,
        0.5477600164533939
    ],
    "T20": [
        0.0936801236380371,
        0.16149174264528945,
        0.2293033616525418
    ],
    "T21": [
        0.06507108190569222,
        0.1730720878702573,
        0.2810730938348224
    ],
    "T22": [
        0.0672586355016854,
        0.10283345611188875,
        0.1384082767220921
    ],
    "T23": [
        0.04738948495306247,
        0.11695801026368079,
        0.1865265355742991
    ],
    "T24": [
        0.0,
        0.0,
        0.0
    ],
    "T25": [
        0.08302538451626917,
        0.2138248305168035,
        0.34462427651733785
    ],
    "T26": [
        0.05899650868074885,
        0.2043643251190486,
        0.34973214155734833
    ],
    "T27": [
        0.11212813275892214,
        0.16176928410575633,
        0.21141043545259053
    ],
    "T28": [
        0.025127435798330655,
        0.16666666666666666,
        0.30820589753500266
    ],
    "T29": [
        0.07195256054945331,
        0.13642961057408615,
        0.20090666059871898
    ],
    "T30": [
        0.03217571076621384,
        0.11126549473274251,
        0.19035527869927119
    ],
    "T31": [
        0.0,
        0.018492016823241125,
        0.04808076134825788
    ],
    "T32": [
        0.0,
        0.011065488669166207,
        0.029424574144418437
    ],
    "T33": [
        0.0117917710596592,
        0.07821312100379275,
        0.1446344709479263
    ],
    "T34": [
        0.15411056903218467,
        0.2451016764298119,
        0.3360927838274391
    ],
    "T35": [
        0.17340065836720142,
        0.25762063463510143,
        0.34184061090300144
    ],
    "T36": [
        0.18717371575740022,
        0.2462423406718019,
        0.3053109655862036
    ],
    "T37": [
        0.20777441690660908,
        0.2783494815571949,
        0.34892454620778074
    ],
    "T38": [
        0.06484905254643142,
        0.12745307701325512,
        0.19005710148007882
    ],
    "T39": [
        0.0,
        0.0,
        0.0
    ],
    "T40": [
        0.032049791269756545,
        0.11169950693544956,
        0.19134922260114257
    ],
    "T41": [
        0.08903961860318454,
        0.18193826324053958,
        0.2748369078778946
    ],
    "T42": [
        0.05796362560289353,
        0.1400702448833516,
        0.22217686416380966
    ],
    "T43": [
        0.0,
        0.06666666666666667,
        0.16140283998979837
    ],
    "T44": [
        0.17274572098738894,
        0.2553216304508982,
        0.3378975399144074
    ],
    "T45": [
        0.05909657120995751,
        0.12505522224377982,
        0.19101387327760214
    ]
}