{
    "model_global_ndcg": {
        "mean": 0.17284736155120545,
        "margin": 0.043383979238132,
        "interval": [
            0.12946338231307344,
            0.17284736155120545,
            0.21623134078933745
        ]
    }
}