{
    "T1": [
        0.04495644570995444,
        0.08526604703285878,
        0.12557564835576313
    ],
    "T2": [
        0.28897120039456037,
        0.3776153731873501,
        0.46625954598013986
    ],
    "T3": [
        0.024393018874189903,
        0.09773833718840769,
        0.17108365550262547
    ],
    "T4": [
        0.08619534234910534,
        0.14070702147467776,
        0.19521870060025018
    ],
    "T5": [
        0.1864069482256155,
        0.2656534208128534,
        0.34489989340009136
    ],
    "T6": [
        0.15155791151452475,
        0.22676560056854797,
        0.3019732896225712
    ],
    "T7": [
        0.011724108943698117,
        0.048034681653833684,
        0.08434525436396925
    ],
    "T8": [
        0.17608869202044025,
        0.26687700926170255,
        0.35766532650296484
    ],
    "T9": [
        0.01844620624546582,
        0.0623616326925742,
        0.10627705913968258
    ],
    "T10": [
        0.0,
        0.00927163988480733,
        0.023209237952522752
    ],
    "T11": [
        0.16656068206435526,
        0.24068738551324664,
        0.31481408896213803
    ],
    "T12": [
        0.03810351480672833,
        0.11302486609070332,
        0.18794621737467831
    ],
    "T13": [
        0.024296060103825706,
        0.05979444177312247,
        0.09529282344241924
    ],
    "T14": [
        0.0,
        0.027541155237618666,
        0.0838691423081747
    ],
    "T15": [
        0.054873391837072294,
        0.1179181136756264,
        0.1809628355141805
    ],
    "T16": [
        0.6689453928593971,
        0.7905418359834046,
        0.912138279107412
    ],
    "T17": [
        0.01421028253199269,
        0.08292868882489296,
        0.15164709511779323
    ],
    "T18": [
        0.017107894175474994,
        0.06852894482494079,
        0.11994999547440659
    ],
    "T19": [
        0.51504319328971,
        0.570379695627383,
        0.625716197965056
    ],
    "T20": [
        0.08389440601040032,
        0.14862829437892364,
        0.21336218274744695
    ],
    "T21": [
        0.05632369357597655,
        0.16541877352006462,
        0.2745138534641527
    ],
    "T22": [
        0.10596739466376759,
        0.13939941820942403,
        0.17283144175508047
    ],
    "T23": [
        0.038469880790211214,
        0.11345547755608891,
        0.1884410743219666
    ],
    "T24": [
        0.0063996768118980835,
        0.04686670679543837,
        0.08733373677897865
    ],
    "T25": [
        0.08364440461091271,
        0.21510263346944397,
        0.3465608623279752
    ],
    "T26": [
        0.05452227916633834,
        0.19768921860244643,
        0.3408561580385545
    ],
    "T27": [
        0.0967085921396463,
        0.14297292918544152,
        0.18923726623123674
    ],
    "T28": [
        0.025127435798330655,
        0.16666666666666666,
        0.30820589753500266
    ],
    "T29": [
        0.0726788745764469,
        0.14506312560445653,
        0.21744737663246616
    ],
    "T30": [
        0.06780809490515324,
        0.14981076977368488,
        0.2318134446422165
    ],
    "T31": [
        0.0,
        0.01629016782313705,
        0.036841299963118586
    ],
    "T32": [
        0.0,
        0.00805111669963138,
        0.024517499225987095
    ],
    "T33": [
        0.02028462204836451,
        0.08808251803598827,
        0.15588041402361202
    ],
    "T34": [
        0.13954211458426086,
        0.22898904119879465,
        0.31843596781332845
    ],
    "T35": [
        0.19637394327389945,
        0.28698766790068075,
        0.37760139252746205
    ],
    "T36": [
        0.22819992585163745,
        0.27458343950615954,
        0.32096695316068163
    ],
    "T37": [
        0.23864705857466834,
        0.3123753149737872,
        0.386103571372906
    ],
    "T38": [
        0.08747749474506172,
        0.15082735130097732,
        0.21417720785689293
    ],
    "T39": [
        0.01715365971214647,
        0.04633742476571734,
        0.07552118981928821
    ],
    "T40": [
        0.032049791269756545,
        0.11169950693544956,
        0.19134922260114257
    ],
    "T41": [
        0.1883615735766263,
        0.2729962256672605,
        0.3576308777578947
    ],
    "T42": [
        0.16224871822819054,
        0.23994105824994255,
        0.31763339827169457
    ],
    "T43": [
        0.0,
        0.06666666666666667,
        0.16140283998979837
    ],
    "T44": [
        0.15453026701246875,
        0.24563545870320208,
        0.3367406503939354
    ],
    "T45": [
        0.07799243539649531,
        0.14595840630622042,
        0.21392437721594554
    ]
}