{
    "model_global_ndcg": {
        "mean": 0.21406811446025983,
        "margin": 0.04863470345252949,
        "interval": [
            0.16543341100773035,
            0.21406811446025983,
            0.2627028179127893
        ]
    }
}