{
    "T1": [
        0.5018085989887547,
        0.5553311942702408,
        0.6088537895517269
    ],
    "T2": [
        0.2343422476948469,
        0.3150931376930593,
        0.3958440276912717
    ],
    "T3": [
        0.0318321609955102,
        0.10664404983914798,
        0.18145593868278576
    ],
    "T4": [
        0.2505847839636848,
        0.29834982589189085,
        0.3461148678200969
    ],
    "T5": [
        0.16712719563290723,
        0.2303706901077969,
        0.29361418458268657
    ],
    "T6": [
        0.14206256585515592,
        0.2105658736751516,
        0.27906918149514726
    ],
    "T7": [
        0.010412776834109752,
        0.0463905540545593,
        0.08236833127500885
    ],
    "T8": [
        0.10405166087085249,
        0.18756129699456375,
        0.271070933118275
    ],
    "T9": [
        0.003089049041162459,
        0.032204466798525525,
        0.06131988455588859
    ],
    "T10": [
        0.0,
        0.012362186513076438,
        0.0299293801754118
    ],
    "T11": [
        0.261482669220774,
        0.32207438493396806,
        0.3826661006471621
    ],
    "T12": [
        0.25079050062744235,
        0.31704237567556853,
        0.3832942507236947
    ],
    "T13": [
        0.03553574304096435,
        0.08887527122002419,
        0.14221479939908402
    ],
    "T14": [
        0.0,
        0.027541155237618666,
        0.0838691423081747
    ],
    "T15": [
        0.08966881000335447,
        0.15851018178167595,
        0.22735155355999742
    ],
    "T16": [
        0.6531321658926064,
        0.7976892186024465,
        0.9422462713122866
    ],
    "T17": [
        0.012365999929500882,
        0.07207499902786221,
        0.13178399812622354
    ],
    "T18": [
        0.05029113043977179,
        0.11832497186972973,
        0.18635881329968768
    ],
    "T19": [
        0.5224473275771819,
        0.5627042942631906,
        0.6029612609491992
    ],
    "T20": [
        0.26271494848561716,
        0.31143842344121564,
        0.3601618983968141
    ],
    "T21": [
        0.1398899626997827,
        0.26628387932498204,
        0.3926777959501814
    ],
    "T22": [
        0.1678697031486403,
        0.21154852071041927,
        0.25522733827219823
    ],
    "T23": [
        0.045113496598534725,
        0.11061498169544574,
        0.17611646679235676
    ],
    "T24": [
        0.013682855934346927,
        0.06560428950767155,
        0.11752572308099618
    ],
    "T25": [
        0.06528894360008392,
        0.19737827920293374,
        0.32946761480578357
    ],
    "T26": [
        0.018894631595123113,
        0.15,
        0.2811053684048769
    ],
    "T27": [
        0.16562300514370457,
        0.20445304644442377,
        0.24328308774514298
    ],
    "T28": [
        0.025127435798330655,
        0.16666666666666666,
        0.30820589753500266
    ],
    "T29": [
        0.19825207179153498,
        0.25808819809627076,
        0.31792432440100654
    ],
    "T30": [
        0.051821737939702406,
        0.13056767900433253,
        0.20931362006896265
    ],
    "T31": [
        0.0,
        0.013548530053842897,
        0.030614351846014576
    ],
    "T32": [
        0.0,
        0.007679029285650559,
        0.02338440760346819
    ],
    "T33": [
        0.5369281958366786,
        0.5811215131718995,
        0.6253148305071204
    ],
    "T34": [
        0.14842349726434012,
        0.2306105422949764,
        0.3127975873256127
    ],
    "T35": [
        0.20736252402216238,
        0.29356076706895284,
        0.3797590101157433
    ],
    "T36": [
        0.17825876847692596,
        0.22737521785980136,
        0.27649166724267676
    ],
    "T37": [
        0.26749002518146836,
        0.33143414887345096,
        0.39537827256543356
    ],
    "T38": [
        0.08024466065987956,
        0.14618569719209693,
        0.2121267337243143
    ],
    "T39": [
        0.0693332066982609,
        0.12393519856928399,
        0.17853719044030708
    ],
    "T40": [
        0.08251964377561599,
        0.17854466744242395,
        0.2745696911092319
    ],
    "T41": [
        0.1688633611877841,
        0.24982697699454906,
        0.330790592801314
    ],
    "T42": [
        0.1495758140393058,
        0.24834369435926693,
        0.34711157467922804
    ],
    "T43": [
        0.0,
        0.06666666666666667,
        0.16140283998979837
    ],
    "T44": [
        0.10336941900235624,
        0.18699760297415915,
        0.27062578694596207
    ],
    "T45": [
        0.15903267297065526,
        0.2148808053602122,
        0.27072893774976914
    ]
}