{
    "model_global_ndcg": {
        "mean": 0.5760899328851007,
        "margin": 0.09840677323684999,
        "interval": [
            0.4776831596482507,
            0.5760899328851007,
            0.6744967061219507
        ]
    }
}