{
    "model_global_ndcg": {
        "mean": 0.13724149508660302,
        "margin": 0.035494768868545246,
        "interval": [
            0.10174672621805778,
            0.13724149508660302,
            0.17273626395514827
        ]
    }
}