{
    "model_global_ndcg": {
        "mean": 0.13724149508660305,
        "margin": 0.035494768868545246,
        "interval": [
            0.1017467262180578,
            0.13724149508660305,
            0.1727362639551483
        ]
    }
}