{
    "T22": [
        0.18509430879836125,
        0.2431339401912906,
        0.3011735715842199
    ],
    "T3": [
        0.05587153946936363,
        0.1350103906382639,
        0.21414924180716416
    ],
    "T37": [
        0.1566445635132695,
        0.24500078783560036,
        0.33335701215793123
    ],
    "T17": [
        0.003947743335229466,
        0.02862420867130273,
        0.053300674007375995
    ],
    "T32": [
        0.0,
        0.0,
        0.0
    ],
    "T28": [
        0.004229691154525261,
        0.13333333333333333,
        0.2624369755121414
    ],
    "T29": [
        0.08659733762262434,
        0.15390612400632978,
        0.2212149103900352
    ],
    "T4": [
        0.02795212556491268,
        0.07580213250772999,
        0.1236521394505473
    ],
    "T35": [
        0.2102436827394487,
        0.29658721107608554,
        0.3829307394127224
    ],
    "T27": [
        0.020033159852089824,
        0.04800002194739981,
        0.07596688404270979
    ],
    "T1": [
        0.04687582115506414,
        0.09497077929662447,
        0.1430657374381848
    ],
    "T16": [
        0.3342780543133145,
        0.5210309917857152,
        0.707783929258116
    ],
    "T18": [
        0.04414118915367432,
        0.12349850027297521,
        0.2028558113922761
    ],
    "T45": [
        0.1150963986683167,
        0.1744512851390301,
        0.2338061716097435
    ],
    "T30": [
        0.0,
        0.0026058805912505733,
        0.007935504820334541
    ],
    "T33": [
        0.029894382641113992,
        0.10732956830458781,
        0.18476475396806163
    ],
    "T5": [
        0.08178873331852554,
        0.14784262966885162,
        0.2138965260191777
    ],
    "T12": [
        0.06437006014397734,
        0.158906870553383,
        0.2534436809627887
    ],
    "T21": [
        0.16776657707525927,
        0.2959174932871354,
        0.42406840949901153
    ],
    "T26": [
        0.0,
        0.054364325119048575,
        0.13370939377573202
    ],
    "T20": [
        0.06183967600163923,
        0.13218809773493073,
        0.20253651946822224
    ],
    "T9": [
        0.0,
        0.0,
        0.0
    ],
    "T39": [
        0.036340386943197134,
        0.10145764084020556,
        0.16657489473721399
    ],
    "T25": [
        0.0,
        0.017376534287144,
        0.05291553728874618
    ],
    "T42": [
        0.02424676083649735,
        0.08836068395200365,
        0.15247460706750995
    ],
    "T36": [
        0.2827504466367128,
        0.34731321164028406,
        0.41187597664385533
    ],
    "T10": [
        0.0,
        0.0,
        0.0
    ],
    "T7": [
        0.010660817419714336,
        0.08259715608818775,
        0.15453349475666117
    ],
    "T40": [
        0.05466206565271475,
        0.14768355857929036,
        0.24070505150586596
    ],
    "T43": [
        0.057111696750620666,
        0.1964263086904791,
        0.33574092063033756
    ],
    "T19": [
        0.40051375690814495,
        0.4693759836783601,
        0.5382382104485752
    ],
    "T31": [
        0.0,
        0.0,
        0.0
    ],
    "T14": [
        0.0,
        0.0705495970866746,
        0.14335252958710665
    ],
    "T24": [
        0.0,
        0.00805111669963138,
        0.024517499225987095
    ],
    "T34": [
        0.03011835648095107,
        0.0833071407598788,
        0.13649592503880653
    ],
    "T38": [
        0.07113847903722359,
        0.13925385960005443,
        0.20736924016288527
    ],
    "T44": [
        0.06902991909836459,
        0.13742240268916966,
        0.20581488627997474
    ],
    "T8": [
        0.05767945561378368,
        0.15768444991668787,
        0.25768944421959206
    ],
    "T2": [
        0.22964087460631705,
        0.31048632338665,
        0.39133177216698295
    ],
    "T23": [
        0.0031722638026704386,
        0.03878496552211849,
        0.07439766724156655
    ],
    "T41": [
        0.04042041920053174,
        0.11554976248988827,
        0.1906791057792448
    ],
    "T15": [
        0.14167513961318107,
        0.2060164128113128,
        0.27035768600944454
    ],
    "T11": [
        0.02960333062706659,
        0.06821398569595119,
        0.10682464076483579
    ],
    "T13": [
        0.00634569933184663,
        0.03945509439670166,
        0.07256448946155669
    ],
    "T6": [
        0.11184234402943094,
        0.1779965181255934,
        0.24415069222175584
    ]
}