{
    "model_global_ndcg": {
        "mean": 0.0946776534958966,
        "margin": 0.05529278826158601,
        "interval": [
            0.03938486523431059,
            0.0946776534958966,
            0.14997044175748261
        ]
    }
}