{
    "T1": [
        0.7664615984823986,
        0.7664615984823987,
        0.7664615984823988
    ],
    "T2": [
        0.0,
        0.0,
        0.0
    ],
    "T3": [
        0.08220957681242433,
        0.11566198707242988,
        0.14911439733243542
    ],
    "T4": [
        0.3391602052736161,
        0.3391602052736162,
        0.33916020527361623
    ],
    "T5": [
        0.0,
        0.0,
        0.0
    ],
    "T6": [
        0.0,
        0.0,
        0.0
    ],
    "T7": [
        0.0,
        0.0,
        0.0
    ],
    "T8": [
        0.0,
        0.0,
        0.0
    ],
    "T9": [
        0.0,
        0.0,
        0.0
    ],
    "T10": [
        0.0,
        0.0,
        0.0
    ],
    "T11": [
        0.1312050775123418,
        0.1312050775123418,
        0.1312050775123418
    ],
    "T12": [
        0.16578419070063732,
        0.22872230140434302,
        0.2916604121080487
    ],
    "T13": [
        0.0,
        0.0,
        0.0
    ],
    "T14": [
        0.0,
        0.0,
        0.0
    ],
    "T15": [
        0.0,
        0.0,
        0.0
    ],
    "T16": [
        0.0,
        0.0,
        0.0
    ],
    "T17": [
        0.0,
        0.0,
        0.0
    ],
    "T18": [
        0.0,
        0.0,
        0.0
    ],
    "T19": [
        0.19945611772178373,
        0.20719447324534548,
        0.21493282876890724
    ],
    "T20": [
        0.3391602052736161,
        0.3391602052736162,
        0.33916020527361623
    ],
    "T21": [
        0.0,
        0.0,
        0.0
    ],
    "T22": [
        0.0,
        0.0,
        0.0
    ],
    "T23": [
        0.017309313623059513,
        0.04134329289775116,
        0.06537727217244281
    ],
    "T24": [
        0.0,
        0.0,
        0.0
    ],
    "T25": [
        0.0,
        0.0,
        0.0
    ],
    "T26": [
        0.0,
        0.025790187148969444,
        0.06243914174568105
    ],
    "T27": [
        0.11535400293785034,
        0.11807850543726142,
        0.12080300793667251
    ],
    "T28": [
        0.25182168388068504,
        0.3109430374822617,
        0.3700643910838384
    ],
    "T29": [
        0.09559966585427379,
        0.13464080720554475,
        0.1736819485568157
    ],
    "T30": [
        0.0,
        0.0,
        0.0
    ],
    "T31": [
        0.0,
        0.0,
        0.0
    ],
    "T32": [
        0.0,
        0.0,
        0.0
    ],
    "T33": [
        0.7653606369886217,
        0.7653606369886217,
        0.7653606369886217
    ],
    "T34": [
        0.0,
        0.0,
        0.0
    ],
    "T35": [
        0.0,
        0.0,
        0.0
    ],
    "T36": [
        0.0,
        0.0,
        0.0
    ],
    "T37": [
        0.05322343274322987,
        0.0584516813436136,
        0.06367992994399733
    ],
    "T38": [
        0.3391602052736162,
        0.33916020527361623,
        0.3391602052736163
    ],
    "T39": [
        0.0,
        0.0,
        0.0
    ],
    "T40": [
        0.0,
        0.0,
        0.0
    ],
    "T41": [
        0.0,
        0.0,
        0.0
    ],
    "T42": [
        0.0,
        0.0,
        0.0
    ],
    "T43": [
        0.0,
        0.0,
        0.0
    ],
    "T44": [
        0.0,
        0.0,
        0.0
    ],
    "T45": [
        0.3391602052736161,
        0.3391602052736162,
        0.33916020527361623
    ]
}