{
    "model_global_ndcg": {
        "mean": 0.18127742528228302,
        "margin": 0.042730807728936254,
        "interval": [
            0.13854661755334677,
            0.18127742528228302,
            0.22400823301121928
        ]
    }
}