{
    "T1": [
        0.08975926854462613,
        0.1506818423362927,
        0.21160441612795927
    ],
    "T2": [
        0.2613861425414227,
        0.359523603391214,
        0.4576610642410053
    ],
    "T3": [
        0.030865540610839015,
        0.10800661630552438,
        0.18514769200020975
    ],
    "T4": [
        0.10436962828850307,
        0.17089923924535905,
        0.23742885020221502
    ],
    "T5": [
        0.21201581699517985,
        0.28500257800456813,
        0.3579893390139564
    ],
    "T6": [
        0.15157260822772944,
        0.22875662010786516,
        0.30594063198800087
    ],
    "T7": [
        0.015909405220565206,
        0.05565274164922852,
        0.09539607807789183
    ],
    "T8": [
        0.09551439969919512,
        0.16201477001714626,
        0.2285151403350974
    ],
    "T9": [
        0.0,
        0.0172946828624168,
        0.03524392472538839
    ],
    "T10": [
        0.0,
        0.00927163988480733,
        0.023209237952522752
    ],
    "T11": [
        0.27548385647996015,
        0.3553753434507543,
        0.4352668304215484
    ],
    "T12": [
        0.05702630680767454,
        0.1402136342890365,
        0.22340096177039845
    ],
    "T13": [
        0.008936859558468443,
        0.04015818409949414,
        0.07137950864051984
    ],
    "T14": [
        0.0,
        0.027541155237618666,
        0.0838691423081747
    ],
    "T15": [
        0.08088145533982141,
        0.14606277206343524,
        0.21124408878704906
    ],
    "T16": [
        0.6368300174117933,
        0.7695108441976893,
        0.9021916709835853
    ],
    "T17": [
        0.0023529703925228296,
        0.07417311907845862,
        0.14599326776439442
    ],
    "T18": [
        0.05177812831747447,
        0.12052706865947052,
        0.18927600900146657
    ],
    "T19": [
        0.5232119290008008,
        0.5780938062585197,
        0.6329756835162386
    ],
    "T20": [
        0.09692062175149604,
        0.1671200034588026,
        0.23731938516610915
    ],
    "T21": [
        0.14890344506288322,
        0.2828050835954535,
        0.41670672212802373
    ],
    "T22": [
        0.12628962574104,
        0.15610424964530595,
        0.1859188735495719
    ],
    "T23": [
        0.04471363929882127,
        0.1159671254416565,
        0.18722061158449171
    ],
    "T24": [
        0.0,
        0.02993440987786013,
        0.061263802444062015
    ],
    "T25": [
        0.06984876752365399,
        0.20133205585063463,
        0.33281534417761527
    ],
    "T26": [
        0.05169474762663118,
        0.1939176455102645,
        0.3361405433938978
    ],
    "T27": [
        0.13081897410990073,
        0.17741952482690498,
        0.22402007554390924
    ],
    "T28": [
        0.025127435798330655,
        0.16666666666666666,
        0.30820589753500266
    ],
    "T29": [
        0.08402668848538086,
        0.15073806590803482,
        0.21744944333068877
    ],
    "T30": [
        0.03251611833384477,
        0.1128576389428691,
        0.19319915955189343
    ],
    "T31": [
        0.0,
        0.026691865338801007,
        0.05738738865733169
    ],
    "T32": [
        0.0,
        0.008753870516603235,
        0.02665754598055168
    ],
    "T33": [
        0.098894687471827,
        0.19590383013636756,
        0.2929129728009081
    ],
    "T34": [
        0.16128790368480306,
        0.25097093456422465,
        0.34065396544364623
    ],
    "T35": [
        0.2182204407911708,
        0.3096842585018676,
        0.4011480762125644
    ],
    "T36": [
        0.23123189580331666,
        0.2810812801203032,
        0.33093066443728975
    ],
    "T37": [
        0.22485487643541802,
        0.305622146616399,
        0.38638941679738004
    ],
    "T38": [
        0.0743821286085761,
        0.1402386225922996,
        0.2060951165760231
    ],
    "T39": [
        0.06683392764550428,
        0.13808726249271375,
        0.20934059733992322
    ],
    "T40": [
        0.048361005003730195,
        0.14217647855872811,
        0.23599195211372603
    ],
    "T41": [
        0.11012958612835055,
        0.2016770573049306,
        0.29322452848151065
    ],
    "T42": [
        0.08137814884584832,
        0.1675374893372516,
        0.2536968298286549
    ],
    "T43": [
        0.0,
        0.06666666666666667,
        0.16140283998979837
    ],
    "T44": [
        0.15543113063126712,
        0.24203317854608145,
        0.32863522646089577
    ],
    "T45": [
        0.0663637984447708,
        0.12673646554614557,
        0.18710913264752033
    ]
}