{
    "model_global_ndcg": {
        "mean": 0.05130002021928425,
        "margin": 0.027272400618880886,
        "interval": [
            0.024027619600403366,
            0.05130002021928425,
            0.07857242083816514
        ]
    }
}