{
    "model_global_ndcg": {
        "mean": 0.05130002021928426,
        "margin": 0.027272400618880893,
        "interval": [
            0.024027619600403366,
            0.05130002021928426,
            0.07857242083816515
        ]
    }
}