{
    "T1": [
        0.29991959036527954,
        0.3681386264467792,
        0.43635766252827884
    ],
    "T6": [
        0.0,
        0.0,
        0.0
    ],
    "T28": [
        0.0,
        0.0,
        0.0
    ],
    "T12": [
        0.014333518325184494,
        0.03428923178946796,
        0.054244945253751425
    ],
    "T24": [
        0.0,
        0.0,
        0.0
    ],
    "T22": [
        0.0,
        0.0,
        0.0
    ],
    "T32": [
        0.0,
        0.0,
        0.0
    ],
    "T31": [
        0.0,
        0.0,
        0.0
    ],
    "T41": [
        0.0,
        0.0,
        0.0
    ],
    "T35": [
        0.0,
        0.0,
        0.0
    ],
    "T13": [
        0.0,
        0.0,
        0.0
    ],
    "T34": [
        0.0,
        0.003779441694191992,
        0.009158450608444314
    ],
    "T10": [
        0.0,
        0.0,
        0.0
    ],
    "T18": [
        0.0,
        0.0,
        0.0
    ],
    "T42": [
        0.0,
        0.0,
        0.0
    ],
    "T8": [
        0.0,
        0.0,
        0.0
    ],
    "T16": [
        0.0,
        0.0,
        0.0
    ],
    "T27": [
        0.07306150635746078,
        0.10008825397730887,
        0.12711500159715697
    ],
    "T30": [
        0.0,
        0.0,
        0.0
    ],
    "T38": [
        0.04272012305489151,
        0.10174806158208484,
        0.16077600010927817
    ],
    "T15": [
        0.0,
        0.0,
        0.0
    ],
    "T33": [
        0.1193822091803941,
        0.23187790515608667,
        0.34437360113177923
    ],
    "T21": [
        0.0,
        0.0,
        0.0
    ],
    "T5": [
        0.009376627835147582,
        0.02774086449982183,
        0.04610510116449608
    ],
    "T11": [
        0.2788050197481154,
        0.32918919028208976,
        0.37957336081606413
    ],
    "T9": [
        0.0,
        0.0,
        0.0
    ],
    "T17": [
        0.0662319553447584,
        0.1600457450923668,
        0.2538595348399752
    ],
    "T43": [
        0.0,
        0.0,
        0.0
    ],
    "T4": [
        0.03348100750717406,
        0.09044272140629762,
        0.1474044353054212
    ],
    "T23": [
        0.0,
        0.0,
        0.0
    ],
    "T36": [
        0.0,
        0.0,
        0.0
    ],
    "T37": [
        0.0032968471616063727,
        0.02186751291872363,
        0.04043817867584089
    ],
    "T29": [
        0.12585996422564483,
        0.1820105396213439,
        0.23816111501704296
    ],
    "T44": [
        0.06383939989711888,
        0.08219620768188635,
        0.10055301546665381
    ],
    "T2": [
        0.0,
        0.0,
        0.0
    ],
    "T40": [
        0.0,
        0.0,
        0.0
    ],
    "T7": [
        0.0,
        0.0,
        0.0
    ],
    "T14": [
        0.0,
        0.0,
        0.0
    ],
    "T25": [
        0.0,
        0.0,
        0.0
    ],
    "T3": [
        0.0,
        0.0,
        0.0
    ],
    "T19": [
        0.16557456073433924,
        0.19259927596268664,
        0.21962399119103404
    ],
    "T45": [
        0.09395608986236476,
        0.13867728660314022,
        0.18339848334391567
    ],
    "T39": [
        0.0,
        0.0,
        0.0
    ],
    "T26": [
        0.018203659400698236,
        0.1420619835714305,
        0.26592030774216274
    ],
    "T20": [
        0.04272012305489151,
        0.10174806158208481,
        0.16077600010927812
    ]
}