{
    "model_global_ndcg": {
        "mean": 0.19733649163136768,
        "margin": 0.044585459941044875,
        "interval": [
            0.1527510316903228,
            0.19733649163136768,
            0.24192195157241256
        ]
    }
}