{
    "T1": [
        0.2604282065945822,
        0.33198512276310865,
        0.4035420389316351
    ],
    "T2": [
        0.3368986527138511,
        0.4203270179892015,
        0.5037553832645519
    ],
    "T3": [
        0.04521821465292025,
        0.12610467798752362,
        0.20699114132212698
    ],
    "T4": [
        0.06255897241035399,
        0.11700275522525398,
        0.17144653804015397
    ],
    "T5": [
        0.1855081759063355,
        0.243399975393375,
        0.3012917748804145
    ],
    "T6": [
        0.14333811281157505,
        0.21847280777134676,
        0.29360750273111846
    ],
    "T7": [
        0.007611155314201146,
        0.04083160815669247,
        0.0740520609991838
    ],
    "T8": [
        0.13373673240351852,
        0.22960444415384948,
        0.32547215590418044
    ],
    "T9": [
        0.002810467187624288,
        0.03530182101094771,
        0.06779317483427114
    ],
    "T10": [
        0.0,
        0.012362186513076438,
        0.0299293801754118
    ],
    "T11": [
        0.36587647611241536,
        0.440801178629339,
        0.5157258811462626
    ],
    "T12": [
        0.04985790422647657,
        0.1328458047136273,
        0.21583370520077805
    ],
    "T13": [
        0.021910061816096782,
        0.07391109776644475,
        0.12591213371679272
    ],
    "T14": [
        0.0,
        0.027541155237618666,
        0.0838691423081747
    ],
    "T15": [
        0.11144215188424822,
        0.1785593175877226,
        0.24567648329119696
    ],
    "T16": [
        0.6368300174117936,
        0.7695108441976894,
        0.9021916709835853
    ],
    "T17": [
        0.02906627588099081,
        0.09022647373754511,
        0.1513866715940994
    ],
    "T18": [
        0.03328791266682926,
        0.09912064038897998,
        0.1649533681111307
    ],
    "T19": [
        0.5373117044541562,
        0.5863739681348864,
        0.6354362318156166
    ],
    "T20": [
        0.09313228163647666,
        0.16196287423069053,
        0.2307934668249044
    ],
    "T21": [
        0.15453603285687556,
        0.2947175026212013,
        0.434898972385527
    ],
    "T22": [
        0.17254907123594082,
        0.19427763731918385,
        0.21600620340242688
    ],
    "T23": [
        0.033900712166562375,
        0.10194909948119327,
        0.16999748679582416
    ],
    "T24": [
        0.07540111008353295,
        0.14645596459702645,
        0.21751081911051995
    ],
    "T25": [
        0.06261924190950457,
        0.18819789412372753,
        0.3137765463379505
    ],
    "T26": [
        0.08170648393012603,
        0.21931296241502832,
        0.3569194408999306
    ],
    "T27": [
        0.10120475671265358,
        0.1399001376163394,
        0.17859551852002523
    ],
    "T28": [
        0.025127435798330655,
        0.16666666666666666,
        0.30820589753500266
    ],
    "T29": [
        0.1035698882346936,
        0.1787090524455255,
        0.25384821665635743
    ],
    "T30": [
        0.05720119729901063,
        0.1453453568632632,
        0.23348951642751575
    ],
    "T31": [
        0.0,
        0.026371382775213056,
        0.05624546013842394
    ],
    "T32": [
        0.0,
        0.0,
        0.0
    ],
    "T33": [
        0.10738189801147285,
        0.20745028447349365,
        0.30751867093551444
    ],
    "T34": [
        0.14872361786718957,
        0.22998390653187797,
        0.3112441951965664
    ],
    "T35": [
        0.2310445452787795,
        0.32382972138597416,
        0.4166148974931688
    ],
    "T36": [
        0.27495328914593975,
        0.33579786250540294,
        0.39664243586486614
    ],
    "T37": [
        0.256009743622114,
        0.33574949081273997,
        0.41548923800336596
    ],
    "T38": [
        0.0416110747123061,
        0.10470847238859946,
        0.1678058700648928
    ],
    "T39": [
        0.06345840935687572,
        0.10797839952309467,
        0.15249838968931362
    ],
    "T40": [
        0.06902721247961222,
        0.15897674539201506,
        0.2489262783044179
    ],
    "T41": [
        0.17292565745870875,
        0.24711317680742076,
        0.32130069615613277
    ],
    "T42": [
        0.19381011725054298,
        0.28085386269017854,
        0.3678976081298141
    ],
    "T43": [
        0.0,
        0.11666666666666667,
        0.23355442198181367
    ],
    "T44": [
        0.09435740254819308,
        0.1576016729062647,
        0.22084594326433632
    ],
    "T45": [
        0.0723953466301773,
        0.13528243281452657,
        0.19816951899887583
    ]
}