{
    "model_global_ndcg": {
        "mean": 0.0507931098253484,
        "margin": 0.031764646548215515,
        "interval": [
            0.01902846327713288,
            0.0507931098253484,
            0.08255775637356391
        ]
    }
}