{
    "T18Eval-00001": {
        "map": 0.15384615384615385,
        "recip_rank": 1.0,
        "ndcg_cut_5": 0.5531464700081437,
        "ndcg_cut_10": 0.43870139535303726,
        "ndcg_cut_15": 0.40893461807257164,
        "ndcg_cut_20": 0.40893461807257164,
        "ndcg_cut_30": 0.40893461807257164,
        "ndcg_cut_100": 0.40893461807257164,
        "ndcg_cut_200": 0.40893461807257164,
        "ndcg_cut_500": 0.40893461807257164,
        "ndcg_cut_1000": 0.40893461807257164,
        "success_1": 1.0,
        "success_5": 1.0,
        "success_10": 1.0,
        "count_relevant_top5": 2
    },
    "T18Eval-00002": {
        "map": 0.0,
        "recip_rank": 0.0,
        "ndcg_cut_5": 0.0,
        "ndcg_cut_10": 0.0,
        "ndcg_cut_15": 0.0,
        "ndcg_cut_20": 0.0,
        "ndcg_cut_30": 0.0,
        "ndcg_cut_100": 0.0,
        "ndcg_cut_200": 0.0,
        "ndcg_cut_500": 0.0,
        "ndcg_cut_1000": 0.0,
        "success_1": 0.0,
        "success_5": 0.0,
        "success_10": 0.0,
        "count_relevant_top5": 0
    },
    "T18Eval-00003": {
        "map": 0.0,
        "recip_rank": 0.0,
        "ndcg_cut_5": 0.0,
        "ndcg_cut_10": 0.0,
        "ndcg_cut_15": 0.0,
        "ndcg_cut_20": 0.0,
        "ndcg_cut_30": 0.0,
        "ndcg_cut_100": 0.0,
        "ndcg_cut_200": 0.0,
        "ndcg_cut_500": 0.0,
        "ndcg_cut_1000": 0.0,
        "success_1": 0.0,
        "success_5": 0.0,
        "success_10": 0.0,
        "count_relevant_top5": 0
    },
    "T18Eval-00004": {
        "map": 0.1,
        "recip_rank": 1.0,
        "ndcg_cut_5": 0.33916020527361607,
        "ndcg_cut_10": 0.2538165846357146,
        "ndcg_cut_15": 0.2538165846357146,
        "ndcg_cut_20": 0.2538165846357146,
        "ndcg_cut_30": 0.2538165846357146,
        "ndcg_cut_100": 0.2538165846357146,
        "ndcg_cut_200": 0.2538165846357146,
        "ndcg_cut_500": 0.2538165846357146,
        "ndcg_cut_1000": 0.2538165846357146,
        "success_1": 1.0,
        "success_5": 1.0,
        "success_10": 1.0,
        "count_relevant_top5": 1
    },
    "T18Eval-00005": {
        "map": 0.009615384615384616,
        "recip_rank": 0.25,
        "ndcg_cut_5": 0.14606834984270645,
        "ndcg_cut_10": 0.09478836436955078,
        "ndcg_cut_15": 0.0734773909038217,
        "ndcg_cut_20": 0.06886063674130721,
        "ndcg_cut_30": 0.06439294242102883,
        "ndcg_cut_100": 0.06439294242102883,
        "ndcg_cut_200": 0.06439294242102883,
        "ndcg_cut_500": 0.06439294242102883,
        "ndcg_cut_1000": 0.06439294242102883,
        "success_1": 0.0,
        "success_5": 1.0,
        "success_10": 1.0,
        "count_relevant_top5": 1
    },
    "T18Eval-00006": {
        "map": 0.0,
        "recip_rank": 0.0,
        "ndcg_cut_5": 0.0,
        "ndcg_cut_10": 0.0,
        "ndcg_cut_15": 0.0,
        "ndcg_cut_20": 0.0,
        "ndcg_cut_30": 0.0,
        "ndcg_cut_100": 0.0,
        "ndcg_cut_200": 0.0,
        "ndcg_cut_500": 0.0,
        "ndcg_cut_1000": 0.0,
        "success_1": 0.0,
        "success_5": 0.0,
        "success_10": 0.0,
        "count_relevant_top5": 0
    },
    "T18Eval-00008": {
        "map": 0.0,
        "recip_rank": 0.0,
        "ndcg_cut_5": 0.0,
        "ndcg_cut_10": 0.0,
        "ndcg_cut_15": 0.0,
        "ndcg_cut_20": 0.0,
        "ndcg_cut_30": 0.0,
        "ndcg_cut_100": 0.0,
        "ndcg_cut_200": 0.0,
        "ndcg_cut_500": 0.0,
        "ndcg_cut_1000": 0.0,
        "success_1": 0.0,
        "success_5": 0.0,
        "success_10": 0.0,
        "count_relevant_top5": 0
    },
    "T18Eval-00009": {
        "map": 0.0,
        "recip_rank": 0.0,
        "ndcg_cut_5": 0.0,
        "ndcg_cut_10": 0.0,
        "ndcg_cut_15": 0.0,
        "ndcg_cut_20": 0.0,
        "ndcg_cut_30": 0.0,
        "ndcg_cut_100": 0.0,
        "ndcg_cut_200": 0.0,
        "ndcg_cut_500": 0.0,
        "ndcg_cut_1000": 0.0,
        "success_1": 0.0,
        "success_5": 0.0,
        "success_10": 0.0,
        "count_relevant_top5": 0
    },
    "T18Eval-00010": {
        "map": 0.0,
        "recip_rank": 0.0,
        "ndcg_cut_5": 0.0,
        "ndcg_cut_10": 0.0,
        "ndcg_cut_15": 0.0,
        "ndcg_cut_20": 0.0,
        "ndcg_cut_30": 0.0,
        "ndcg_cut_100": 0.0,
        "ndcg_cut_200": 0.0,
        "ndcg_cut_500": 0.0,
        "ndcg_cut_1000": 0.0,
        "success_1": 0.0,
        "success_5": 0.0,
        "success_10": 0.0,
        "count_relevant_top5": 0
    },
    "T18Eval-00011": {
        "map": 0.24964985994397754,
        "recip_rank": 0.5,
        "ndcg_cut_5": 0.5296347172140421,
        "ndcg_cut_10": 0.34369669139214537,
        "ndcg_cut_15": 0.4000309451707055,
        "ndcg_cut_20": 0.4528116945179848,
        "ndcg_cut_30": 0.4528116945179848,
        "ndcg_cut_100": 0.4528116945179848,
        "ndcg_cut_200": 0.4528116945179848,
        "ndcg_cut_500": 0.4528116945179848,
        "ndcg_cut_1000": 0.4528116945179848,
        "success_1": 0.0,
        "success_5": 1.0,
        "success_10": 1.0,
        "count_relevant_top5": 3
    },
    "T18Eval-00012": {
        "map": 0.0,
        "recip_rank": 0.0,
        "ndcg_cut_5": 0.0,
        "ndcg_cut_10": 0.0,
        "ndcg_cut_15": 0.0,
        "ndcg_cut_20": 0.0,
        "ndcg_cut_30": 0.0,
        "ndcg_cut_100": 0.0,
        "ndcg_cut_200": 0.0,
        "ndcg_cut_500": 0.0,
        "ndcg_cut_1000": 0.0,
        "success_1": 0.0,
        "success_5": 0.0,
        "success_10": 0.0,
        "count_relevant_top5": 0
    },
    "T18Eval-00013": {
        "map": 0.0,
        "recip_rank": 0.0,
        "ndcg_cut_5": 0.0,
        "ndcg_cut_10": 0.0,
        "ndcg_cut_15": 0.0,
        "ndcg_cut_20": 0.0,
        "ndcg_cut_30": 0.0,
        "ndcg_cut_100": 0.0,
        "ndcg_cut_200": 0.0,
        "ndcg_cut_500": 0.0,
        "ndcg_cut_1000": 0.0,
        "success_1": 0.0,
        "success_5": 0.0,
        "success_10": 0.0,
        "count_relevant_top5": 0
    },
    "T18Eval-00014": {
        "map": 0.0,
        "recip_rank": 0.0,
        "ndcg_cut_5": 0.0,
        "ndcg_cut_10": 0.0,
        "ndcg_cut_15": 0.0,
        "ndcg_cut_20": 0.0,
        "ndcg_cut_30": 0.0,
        "ndcg_cut_100": 0.0,
        "ndcg_cut_200": 0.0,
        "ndcg_cut_500": 0.0,
        "ndcg_cut_1000": 0.0,
        "success_1": 0.0,
        "success_5": 0.0,
        "success_10": 0.0,
        "count_relevant_top5": 0
    },
    "T18Eval-00015": {
        "map": 0.006211180124223602,
        "recip_rank": 0.043478260869565216,
        "ndcg_cut_5": 0.0,
        "ndcg_cut_10": 0.0,
        "ndcg_cut_15": 0.0,
        "ndcg_cut_20": 0.0,
        "ndcg_cut_30": 0.024894305199785922,
        "ndcg_cut_100": 0.024894305199785922,
        "ndcg_cut_200": 0.024894305199785922,
        "ndcg_cut_500": 0.024894305199785922,
        "ndcg_cut_1000": 0.024894305199785922,
        "success_1": 0.0,
        "success_5": 0.0,
        "success_10": 0.0,
        "count_relevant_top5": 0
    },
    "T18Eval-00016": {
        "map": 0.0,
        "recip_rank": 0.0,
        "ndcg_cut_5": 0.0,
        "ndcg_cut_10": 0.0,
        "ndcg_cut_15": 0.0,
        "ndcg_cut_20": 0.0,
        "ndcg_cut_30": 0.0,
        "ndcg_cut_100": 0.0,
        "ndcg_cut_200": 0.0,
        "ndcg_cut_500": 0.0,
        "ndcg_cut_1000": 0.0,
        "success_1": 0.0,
        "success_5": 0.0,
        "success_10": 0.0,
        "count_relevant_top5": 0
    },
    "T18Eval-00017": {
        "map": 0.0,
        "recip_rank": 0.0,
        "ndcg_cut_5": 0.0,
        "ndcg_cut_10": 0.0,
        "ndcg_cut_15": 0.0,
        "ndcg_cut_20": 0.0,
        "ndcg_cut_30": 0.0,
        "ndcg_cut_100": 0.0,
        "ndcg_cut_200": 0.0,
        "ndcg_cut_500": 0.0,
        "ndcg_cut_1000": 0.0,
        "success_1": 0.0,
        "success_5": 0.0,
        "success_10": 0.0,
        "count_relevant_top5": 0
    },
    "T18Eval-00018": {
        "map": 0.02857142857142857,
        "recip_rank": 0.14285714285714285,
        "ndcg_cut_5": 0.0,