{
    "T18Eval-00001": {
        "map": 0.07692307692307693,
        "recip_rank": 1.0,
        "ndcg_cut_5": 0.33916020527361607,
        "ndcg_cut_10": 0.2689885290230043,
        "ndcg_cut_15": 0.2507371130958122,
        "ndcg_cut_20": 0.2507371130958122,
        "ndcg_cut_30": 0.2507371130958122,
        "ndcg_cut_100": 0.2507371130958122,
        "ndcg_cut_200": 0.2507371130958122,
        "ndcg_cut_500": 0.2507371130958122,
        "ndcg_cut_1000": 0.2507371130958122,
        "success_1": 1.0,
        "success_5": 1.0,
        "success_10": 1.0,
        "count_relevant_top5": 1
    },
    "T18Eval-00002": {
        "map": 0.0,
        "recip_rank": 0.0,
        "ndcg_cut_5": 0.0,
        "ndcg_cut_10": 0.0,
        "ndcg_cut_15": 0.0,
        "ndcg_cut_20": 0.0,
        "ndcg_cut_30": 0.0,
        "ndcg_cut_100": 0.0,
        "ndcg_cut_200": 0.0,
        "ndcg_cut_500": 0.0,
        "ndcg_cut_1000": 0.0,
        "success_1": 0.0,
        "success_5": 0.0,
        "success_10": 0.0,
        "count_relevant_top5": 0
    },
    "T18Eval-00003": {
        "map": 0.0,
        "recip_rank": 0.0,
        "ndcg_cut_5": 0.0,
        "ndcg_cut_10": 0.0,
        "ndcg_cut_15": 0.0,
        "ndcg_cut_20": 0.0,
        "ndcg_cut_30": 0.0,
        "ndcg_cut_100": 0.0,
        "ndcg_cut_200": 0.0,
        "ndcg_cut_500": 0.0,
        "ndcg_cut_1000": 0.0,
        "success_1": 0.0,
        "success_5": 0.0,
        "success_10": 0.0,
        "count_relevant_top5": 0
    },
    "T18Eval-00004": {
        "map": 0.0,
        "recip_rank": 0.0,
        "ndcg_cut_5": 0.0,
        "ndcg_cut_10": 0.0,
        "ndcg_cut_15": 0.0,
        "ndcg_cut_20": 0.0,
        "ndcg_cut_30": 0.0,
        "ndcg_cut_100": 0.0,
        "ndcg_cut_200": 0.0,
        "ndcg_cut_500": 0.0,
        "ndcg_cut_1000": 0.0,
        "success_1": 0.0,
        "success_5": 0.0,
        "success_10": 0.0,
        "count_relevant_top5": 0
    },
    "T18Eval-00005": {
        "map": 0.0,
        "recip_rank": 0.0,
        "ndcg_cut_5": 0.0,
        "ndcg_cut_10": 0.0,
        "ndcg_cut_15": 0.0,
        "ndcg_cut_20": 0.0,
        "ndcg_cut_30": 0.0,
        "ndcg_cut_100": 0.0,
        "ndcg_cut_200": 0.0,
        "ndcg_cut_500": 0.0,
        "ndcg_cut_1000": 0.0,
        "success_1": 0.0,
        "success_5": 0.0,
        "success_10": 0.0,
        "count_relevant_top5": 0
    },
    "T18Eval-00008": {
        "map": 0.0,
        "recip_rank": 0.0,
        "ndcg_cut_5": 0.0,
        "ndcg_cut_10": 0.0,
        "ndcg_cut_15": 0.0,
        "ndcg_cut_20": 0.0,
        "ndcg_cut_30": 0.0,
        "ndcg_cut_100": 0.0,
        "ndcg_cut_200": 0.0,
        "ndcg_cut_500": 0.0,
        "ndcg_cut_1000": 0.0,
        "success_1": 0.0,
        "success_5": 0.0,
        "success_10": 0.0,
        "count_relevant_top5": 0
    },
    "T18Eval-00009": {
        "map": 0.0,
        "recip_rank": 0.0,
        "ndcg_cut_5": 0.0,
        "ndcg_cut_10": 0.0,
        "ndcg_cut_15": 0.0,
        "ndcg_cut_20": 0.0,
        "ndcg_cut_30": 0.0,
        "ndcg_cut_100": 0.0,
        "ndcg_cut_200": 0.0,
        "ndcg_cut_500": 0.0,
        "ndcg_cut_1000": 0.0,
        "success_1": 0.0,
        "success_5": 0.0,
        "success_10": 0.0,
        "count_relevant_top5": 0
    },
    "T18Eval-00010": {
        "map": 0.0,
        "recip_rank": 0.0,
        "ndcg_cut_5": 0.0,
        "ndcg_cut_10": 0.0,
        "ndcg_cut_15": 0.0,
        "ndcg_cut_20": 0.0,
        "ndcg_cut_30": 0.0,
        "ndcg_cut_100": 0.0,
        "ndcg_cut_200": 0.0,
        "ndcg_cut_500": 0.0,
        "ndcg_cut_1000": 0.0,
        "success_1": 0.0,
        "success_5": 0.0,
        "success_10": 0.0,
        "count_relevant_top5": 0
    },
    "T18Eval-00011": {
        "map": 0.3335470085470085,
        "recip_rank": 1.0,
        "ndcg_cut_5": 0.6992148198508501,
        "ndcg_cut_10": 0.45374257454118544,
        "ndcg_cut_15": 0.5115495746248908,
        "ndcg_cut_20": 0.563361138170066,
        "ndcg_cut_30": 0.563361138170066,
        "ndcg_cut_100": 0.563361138170066,
        "ndcg_cut_200": 0.563361138170066,
        "ndcg_cut_500": 0.563361138170066,
        "ndcg_cut_1000": 0.563361138170066,
        "success_1": 1.0,
        "success_5": 1.0,
        "success_10": 1.0,
        "count_relevant_top5": 3
    },
    "T18Eval-00012": {
        "map": 0.1111111111111111,
        "recip_rank": 0.3333333333333333,
        "ndcg_cut_5": 0.09271639884807328,
        "ndcg_cut_10": 0.09271639884807328,
        "ndcg_cut_15": 0.09271639884807328,
        "ndcg_cut_20": 0.09271639884807328,
        "ndcg_cut_30": 0.09271639884807328,
        "ndcg_cut_100": 0.09271639884807328,
        "ndcg_cut_200": 0.09271639884807328,
        "ndcg_cut_500": 0.09271639884807328,
        "ndcg_cut_1000": 0.09271639884807328,
        "success_1": 0.0,
        "success_5": 1.0,
        "success_10": 1.0,
        "count_relevant_top5": 1
    },
    "T18Eval-00015": {
        "map": 0.0,
        "recip_rank": 0.0,
        "ndcg_cut_5": 0.0,
        "ndcg_cut_10": 0.0,
        "ndcg_cut_15": 0.0,
        "ndcg_cut_20": 0.0,
        "ndcg_cut_30": 0.0,
        "ndcg_cut_100": 0.0,
        "ndcg_cut_200": 0.0,
        "ndcg_cut_500": 0.0,
        "ndcg_cut_1000": 0.0,
        "success_1": 0.0,
        "success_5": 0.0,
        "success_10": 0.0,
        "count_relevant_top5": 0
    },
    "T18Eval-00016": {
        "map": 0.0,
        "recip_rank": 0.0,
        "ndcg_cut_5": 0.0,
        "ndcg_cut_10": 0.0,
        "ndcg_cut_15": 0.0,
        "ndcg_cut_20": 0.0,
        "ndcg_cut_30": 0.0,
        "ndcg_cut_100": 0.0,
        "ndcg_cut_200": 0.0,
        "ndcg_cut_500": 0.0,
        "ndcg_cut_1000": 0.0,
        "success_1": 0.0,
        "success_5": 0.0,
        "success_10": 0.0,
        "count_relevant_top5": 0
    },
    "T18Eval-00017": {
        "map": 0.0,
        "recip_rank": 0.0,
        "ndcg_cut_5": 0.0,
        "ndcg_cut_10": 0.0,
        "ndcg_cut_15": 0.0,
        "ndcg_cut_20": 0.0,
        "ndcg_cut_30": 0.0,
        "ndcg_cut_100": 0.0,
        "ndcg_cut_200": 0.0,
        "ndcg_cut_500": 0.0,
        "ndcg_cut_1000": 0.0,
        "success_1": 0.0,
        "success_5": 0.0,
        "success_10": 0.0,
        "count_relevant_top5": 0
    },
    "T18Eval-00018": {
        "map": 0.0,
        "recip_rank": 0.0,
        "ndcg_cut_5": 0.0,
        "ndcg_cut_10": 0.0,
        "ndcg_cut_15": 0.0,
        "ndcg_cut_20": 0.0,
        "ndcg_cut_30": 0.0,
        "ndcg_cut_100": 0.0,
        "ndcg_cut_200": 0.0,
        "ndcg_cut_500": 0.0,
        "ndcg_cut_1000": 0.0,
        "success_1": 0.0,
        "success_5": 0.0,
        "success_10": 0.0,
        "count_relevant_top5": 0
    },
    "T18Eval-00019": {
        "map": 0.02222222222222222,
        "recip_rank": 0.3333333333333333,
        "ndcg_cut_5": 0.16958010263680803,
        "ndcg_cut_10": 0.13449426451150215,
        "ndcg_cut_15": 0.12028212788951917,
        "ndcg_cut_20": 0.12028212788951917,
        "ndcg_cut_30": 0.12028212788951917,
        "ndcg_cut_100": 0.12028212788951917,
        "ndcg_cut_200": 0.12028212788951917,
        "ndcg_cut_500": 0.12028212788951917,
        "ndcg_cut_1000": 0.12028212788951917,
        "success_1": 0.0,
        "success_5": 1.0,
        "success_10": 1.0,
        "count_relevant_top5": 1
    },
    "T18Eval-00020": {
        "map": 0.1,
        "recip_rank": 1.0,
        "ndcg_cut_5": 0.33916020527361607,
        "ndcg_cut_10": 0.2538165846357146,
        "ndcg_cut_15": 0.2538165846357146,
        "ndcg_cut_20": 0.2538165846357146,
        "ndcg_cut_30": 0.2538165846357146,
        "ndcg_cut_100": 0.2538165846357146,
        "ndcg_cut_200": 0.2538165846357146,
        "ndcg_cut_500": 0.2538165846357146,
        "ndcg_cut_1000": 0.2538165846357146,
        "success_1": 1.0,
        "success_5": 1.0,
        "success_10": 1.0,
        "count_relevant_top5": 1
    },
    "T18Eval-00021": {
        "map": 0.0,
        "recip_rank": 0.0,
        "ndcg_cut_5": 0.0,