{
    "T18Eval-00001": {
        "map": 0.15384615384615385,
        "recip_rank": 1.0,
        "ndcg_cut_5": 0.4104889601851253,
        "ndcg_cut_10": 0.32555948446634864,
        "ndcg_cut_15": 0.30346961475473205,
        "ndcg_cut_20": 0.30346961475473205,
        "ndcg_cut_30": 0.30346961475473205,
        "ndcg_cut_100": 0.30346961475473205,
        "ndcg_cut_200": 0.30346961475473205,
        "ndcg_cut_500": 0.30346961475473205,
        "ndcg_cut_1000": 0.30346961475473205,
        "success_1": 1.0,
        "success_5": 1.0,
        "success_10": 1.0,
        "count_relevant_top5": 2
    },
    "T18Eval-00002": {
        "map": 0.0,
        "recip_rank": 0.0,
        "ndcg_cut_5": 0.0,
        "ndcg_cut_10": 0.0,
        "ndcg_cut_15": 0.0,
        "ndcg_cut_20": 0.0,
        "ndcg_cut_30": 0.0,
        "ndcg_cut_100": 0.0,
        "ndcg_cut_200": 0.0,
        "ndcg_cut_500": 0.0,
        "ndcg_cut_1000": 0.0,
        "success_1": 0.0,
        "success_5": 0.0,
        "success_10": 0.0,
        "count_relevant_top5": 0
    },
    "T18Eval-00003": {
        "map": 0.0,
        "recip_rank": 0.0,
        "ndcg_cut_5": 0.0,
        "ndcg_cut_10": 0.0,
        "ndcg_cut_15": 0.0,
        "ndcg_cut_20": 0.0,
        "ndcg_cut_30": 0.0,
        "ndcg_cut_100": 0.0,
        "ndcg_cut_200": 0.0,
        "ndcg_cut_500": 0.0,
        "ndcg_cut_1000": 0.0,
        "success_1": 0.0,
        "success_5": 0.0,
        "success_10": 0.0,
        "count_relevant_top5": 0
    },
    "T18Eval-00004": {
        "map": 0.0,
        "recip_rank": 0.0,
        "ndcg_cut_5": 0.0,
        "ndcg_cut_10": 0.0,
        "ndcg_cut_15": 0.0,
        "ndcg_cut_20": 0.0,
        "ndcg_cut_30": 0.0,
        "ndcg_cut_100": 0.0,
        "ndcg_cut_200": 0.0,
        "ndcg_cut_500": 0.0,
        "ndcg_cut_1000": 0.0,
        "success_1": 0.0,
        "success_5": 0.0,
        "success_10": 0.0,
        "count_relevant_top5": 0
    },
    "T18Eval-00005": {
        "map": 0.0,
        "recip_rank": 0.0,
        "ndcg_cut_5": 0.0,
        "ndcg_cut_10": 0.0,
        "ndcg_cut_15": 0.0,
        "ndcg_cut_20": 0.0,
        "ndcg_cut_30": 0.0,
        "ndcg_cut_100": 0.0,
        "ndcg_cut_200": 0.0,
        "ndcg_cut_500": 0.0,
        "ndcg_cut_1000": 0.0,
        "success_1": 0.0,
        "success_5": 0.0,
        "success_10": 0.0,
        "count_relevant_top5": 0
    },
    "T18Eval-00008": {
        "map": 0.0,
        "recip_rank": 0.0,
        "ndcg_cut_5": 0.0,
        "ndcg_cut_10": 0.0,
        "ndcg_cut_15": 0.0,
        "ndcg_cut_20": 0.0,
        "ndcg_cut_30": 0.0,
        "ndcg_cut_100": 0.0,
        "ndcg_cut_200": 0.0,
        "ndcg_cut_500": 0.0,
        "ndcg_cut_1000": 0.0,
        "success_1": 0.0,
        "success_5": 0.0,
        "success_10": 0.0,
        "count_relevant_top5": 0
    },
    "T18Eval-00009": {
        "map": 0.0,
        "recip_rank": 0.0,
        "ndcg_cut_5": 0.0,
        "ndcg_cut_10": 0.0,
        "ndcg_cut_15": 0.0,
        "ndcg_cut_20": 0.0,
        "ndcg_cut_30": 0.0,
        "ndcg_cut_100": 0.0,
        "ndcg_cut_200": 0.0,
        "ndcg_cut_500": 0.0,
        "ndcg_cut_1000": 0.0,
        "success_1": 0.0,
        "success_5": 0.0,
        "success_10": 0.0,
        "count_relevant_top5": 0
    },
    "T18Eval-00010": {
        "map": 0.0,
        "recip_rank": 0.0,
        "ndcg_cut_5": 0.0,
        "ndcg_cut_10": 0.0,
        "ndcg_cut_15": 0.0,
        "ndcg_cut_20": 0.0,
        "ndcg_cut_30": 0.0,
        "ndcg_cut_100": 0.0,
        "ndcg_cut_200": 0.0,
        "ndcg_cut_500": 0.0,
        "ndcg_cut_1000": 0.0,
        "success_1": 0.0,
        "success_5": 0.0,
        "success_10": 0.0,
        "count_relevant_top5": 0
    },
    "T18Eval-00011": {
        "map": 0.28500000000000003,
        "recip_rank": 1.0,
        "ndcg_cut_5": 0.6399453854227659,
        "ndcg_cut_10": 0.4152807670887412,
        "ndcg_cut_15": 0.47475795981778335,
        "ndcg_cut_20": 0.5248663069870189,
        "ndcg_cut_30": 0.5248663069870189,
        "ndcg_cut_100": 0.5248663069870189,
        "ndcg_cut_200": 0.5248663069870189,
        "ndcg_cut_500": 0.5248663069870189,
        "ndcg_cut_1000": 0.5248663069870189,
        "success_1": 1.0,
        "success_5": 1.0,
        "success_10": 1.0,
        "count_relevant_top5": 3
    },
    "T18Eval-00012": {
        "map": 0.08333333333333333,
        "recip_rank": 0.25,
        "ndcg_cut_5": 0.07986155906569621,
        "ndcg_cut_10": 0.07986155906569621,
        "ndcg_cut_15": 0.07986155906569621,
        "ndcg_cut_20": 0.07986155906569621,
        "ndcg_cut_30": 0.07986155906569621,
        "ndcg_cut_100": 0.07986155906569621,
        "ndcg_cut_200": 0.07986155906569621,
        "ndcg_cut_500": 0.07986155906569621,
        "ndcg_cut_1000": 0.07986155906569621,
        "success_1": 0.0,
        "success_5": 1.0,
        "success_10": 1.0,
        "count_relevant_top5": 1
    },
    "T18Eval-00015": {
        "map": 0.008403361344537815,
        "recip_rank": 0.058823529411764705,
        "ndcg_cut_5": 0.0,
        "ndcg_cut_10": 0.0,
        "ndcg_cut_15": 0.0,
        "ndcg_cut_20": 0.02737206443354427,
        "ndcg_cut_30": 0.02737206443354427,
        "ndcg_cut_100": 0.02737206443354427,
        "ndcg_cut_200": 0.02737206443354427,
        "ndcg_cut_500": 0.02737206443354427,
        "ndcg_cut_1000": 0.02737206443354427,
        "success_1": 0.0,
        "success_5": 0.0,
        "success_10": 0.0,
        "count_relevant_top5": 0
    },
    "T18Eval-00016": {
        "map": 0.0,
        "recip_rank": 0.0,
        "ndcg_cut_5": 0.0,
        "ndcg_cut_10": 0.0,
        "ndcg_cut_15": 0.0,
        "ndcg_cut_20": 0.0,
        "ndcg_cut_30": 0.0,
        "ndcg_cut_100": 0.0,
        "ndcg_cut_200": 0.0,
        "ndcg_cut_500": 0.0,
        "ndcg_cut_1000": 0.0,
        "success_1": 0.0,
        "success_5": 0.0,
        "success_10": 0.0,
        "count_relevant_top5": 0
    },
    "T18Eval-00017": {
        "map": 0.0,
        "recip_rank": 0.0,
        "ndcg_cut_5": 0.0,
        "ndcg_cut_10": 0.0,
        "ndcg_cut_15": 0.0,
        "ndcg_cut_20": 0.0,
        "ndcg_cut_30": 0.0,
        "ndcg_cut_100": 0.0,
        "ndcg_cut_200": 0.0,
        "ndcg_cut_500": 0.0,
        "ndcg_cut_1000": 0.0,
        "success_1": 0.0,
        "success_5": 0.0,
        "success_10": 0.0,
        "count_relevant_top5": 0
    },
    "T18Eval-00018": {
        "map": 0.0,
        "recip_rank": 0.0,
        "ndcg_cut_5": 0.0,
        "ndcg_cut_10": 0.0,
        "ndcg_cut_15": 0.0,
        "ndcg_cut_20": 0.0,
        "ndcg_cut_30": 0.0,
        "ndcg_cut_100": 0.0,
        "ndcg_cut_200": 0.0,
        "ndcg_cut_500": 0.0,
        "ndcg_cut_1000": 0.0,
        "success_1": 0.0,
        "success_5": 0.0,
        "success_10": 0.0,
        "count_relevant_top5": 0
    },
    "T18Eval-00019": {
        "map": 0.06666666666666667,
        "recip_rank": 1.0,
        "ndcg_cut_5": 0.33916020527361607,
        "ndcg_cut_10": 0.2689885290230043,
        "ndcg_cut_15": 0.24056425577903834,
        "ndcg_cut_20": 0.24056425577903834,
        "ndcg_cut_30": 0.24056425577903834,
        "ndcg_cut_100": 0.24056425577903834,
        "ndcg_cut_200": 0.24056425577903834,
        "ndcg_cut_500": 0.24056425577903834,
        "ndcg_cut_1000": 0.24056425577903834,
        "success_1": 1.0,
        "success_5": 1.0,
        "success_10": 1.0,
        "count_relevant_top5": 1
    },
    "T18Eval-00021": {
        "map": 0.0,
        "recip_rank": 0.0,
        "ndcg_cut_5": 0.0,
        "ndcg_cut_10": 0.0,
        "ndcg_cut_15": 0.0,
        "ndcg_cut_20": 0.0,
        "ndcg_cut_30": 0.0,
        "ndcg_cut_100": 0.0,
        "ndcg_cut_200": 0.0,
        "ndcg_cut_500": 0.0,
        "ndcg_cut_1000": 0.0,
        "success_1": 0.0,
        "success_5": 0.0,
        "success_10": 0.0,
        "count_relevant_top5": 0
    },
    "T18Eval-00022": {
        "map": 0.0,
        "recip_rank": 0.0,
        "ndcg_cut_5": 0.0,