{
    "T18Eval-00001": {
        "map": 0.07692307692307693,
        "recip_rank": 1.0,
        "ndcg_cut_5": 0.11305340175787203,
        "ndcg_cut_10": 0.08966284300766811,
        "ndcg_cut_15": 0.08357903769860406,
        "ndcg_cut_20": 0.08357903769860406,
        "ndcg_cut_30": 0.08357903769860406,
        "ndcg_cut_100": 0.08357903769860406,
        "ndcg_cut_200": 0.08357903769860406,
        "ndcg_cut_500": 0.08357903769860406,
        "ndcg_cut_1000": 0.08357903769860406,
        "success_1": 1.0,
        "success_5": 1.0,
        "success_10": 1.0,
        "count_relevant_top5": 1
    },
    "T18Eval-00002": {
        "map": 0.0,
        "recip_rank": 0.0,
        "ndcg_cut_5": 0.0,
        "ndcg_cut_10": 0.0,
        "ndcg_cut_15": 0.0,
        "ndcg_cut_20": 0.0,
        "ndcg_cut_30": 0.0,
        "ndcg_cut_100": 0.0,
        "ndcg_cut_200": 0.0,
        "ndcg_cut_500": 0.0,
        "ndcg_cut_1000": 0.0,
        "success_1": 0.0,
        "success_5": 0.0,
        "success_10": 0.0,
        "count_relevant_top5": 0
    },
    "T18Eval-00004": {
        "map": 0.1,
        "recip_rank": 1.0,
        "ndcg_cut_5": 0.33916020527361607,
        "ndcg_cut_10": 0.2538165846357146,
        "ndcg_cut_15": 0.2538165846357146,
        "ndcg_cut_20": 0.2538165846357146,
        "ndcg_cut_30": 0.2538165846357146,
        "ndcg_cut_100": 0.2538165846357146,
        "ndcg_cut_200": 0.2538165846357146,
        "ndcg_cut_500": 0.2538165846357146,
        "ndcg_cut_1000": 0.2538165846357146,
        "success_1": 1.0,
        "success_5": 1.0,
        "success_10": 1.0,
        "count_relevant_top5": 1
    },
    "T18Eval-00005": {
        "map": 0.0,
        "recip_rank": 0.0,
        "ndcg_cut_5": 0.0,
        "ndcg_cut_10": 0.0,
        "ndcg_cut_15": 0.0,
        "ndcg_cut_20": 0.0,
        "ndcg_cut_30": 0.0,
        "ndcg_cut_100": 0.0,
        "ndcg_cut_200": 0.0,
        "ndcg_cut_500": 0.0,
        "ndcg_cut_1000": 0.0,
        "success_1": 0.0,
        "success_5": 0.0,
        "success_10": 0.0,
        "count_relevant_top5": 0
    },
    "T18Eval-00008": {
        "map": 0.0,
        "recip_rank": 0.0,
        "ndcg_cut_5": 0.0,
        "ndcg_cut_10": 0.0,
        "ndcg_cut_15": 0.0,
        "ndcg_cut_20": 0.0,
        "ndcg_cut_30": 0.0,
        "ndcg_cut_100": 0.0,
        "ndcg_cut_200": 0.0,
        "ndcg_cut_500": 0.0,
        "ndcg_cut_1000": 0.0,
        "success_1": 0.0,
        "success_5": 0.0,
        "success_10": 0.0,
        "count_relevant_top5": 0
    },
    "T18Eval-00010": {
        "map": 0.0,
        "recip_rank": 0.0,
        "ndcg_cut_5": 0.0,
        "ndcg_cut_10": 0.0,
        "ndcg_cut_15": 0.0,
        "ndcg_cut_20": 0.0,
        "ndcg_cut_30": 0.0,
        "ndcg_cut_100": 0.0,
        "ndcg_cut_200": 0.0,
        "ndcg_cut_500": 0.0,
        "ndcg_cut_1000": 0.0,
        "success_1": 0.0,
        "success_5": 0.0,
        "success_10": 0.0,
        "count_relevant_top5": 0
    },
    "T18Eval-00011": {
        "map": 0.2736652236652236,
        "recip_rank": 1.0,
        "ndcg_cut_5": 0.5087403079104241,
        "ndcg_cut_10": 0.40350157154648025,
        "ndcg_cut_15": 0.4648946171512268,
        "ndcg_cut_20": 0.516706180696402,
        "ndcg_cut_30": 0.516706180696402,
        "ndcg_cut_100": 0.516706180696402,
        "ndcg_cut_200": 0.516706180696402,
        "ndcg_cut_500": 0.516706180696402,
        "ndcg_cut_1000": 0.516706180696402,
        "success_1": 1.0,
        "success_5": 1.0,
        "success_10": 1.0,
        "count_relevant_top5": 2
    },
    "T18Eval-00012": {
        "map": 0.1111111111111111,
        "recip_rank": 0.3333333333333333,
        "ndcg_cut_5": 0.09271639884807328,
        "ndcg_cut_10": 0.09271639884807328,
        "ndcg_cut_15": 0.09271639884807328,
        "ndcg_cut_20": 0.09271639884807328,
        "ndcg_cut_30": 0.09271639884807328,
        "ndcg_cut_100": 0.09271639884807328,
        "ndcg_cut_200": 0.09271639884807328,
        "ndcg_cut_500": 0.09271639884807328,
        "ndcg_cut_1000": 0.09271639884807328,
        "success_1": 0.0,
        "success_5": 1.0,
        "success_10": 1.0,
        "count_relevant_top5": 1
    },
    "T18Eval-00015": {
        "map": 0.0,
        "recip_rank": 0.0,
        "ndcg_cut_5": 0.0,
        "ndcg_cut_10": 0.0,
        "ndcg_cut_15": 0.0,
        "ndcg_cut_20": 0.0,
        "ndcg_cut_30": 0.0,
        "ndcg_cut_100": 0.0,
        "ndcg_cut_200": 0.0,
        "ndcg_cut_500": 0.0,
        "ndcg_cut_1000": 0.0,
        "success_1": 0.0,
        "success_5": 0.0,
        "success_10": 0.0,
        "count_relevant_top5": 0
    },
    "T18Eval-00016": {
        "map": 0.0,
        "recip_rank": 0.0,
        "ndcg_cut_5": 0.0,
        "ndcg_cut_10": 0.0,
        "ndcg_cut_15": 0.0,
        "ndcg_cut_20": 0.0,
        "ndcg_cut_30": 0.0,
        "ndcg_cut_100": 0.0,
        "ndcg_cut_200": 0.0,
        "ndcg_cut_500": 0.0,
        "ndcg_cut_1000": 0.0,
        "success_1": 0.0,
        "success_5": 0.0,
        "success_10": 0.0,
        "count_relevant_top5": 0
    },
    "T18Eval-00017": {
        "map": 0.0,
        "recip_rank": 0.0,
        "ndcg_cut_5": 0.0,
        "ndcg_cut_10": 0.0,
        "ndcg_cut_15": 0.0,
        "ndcg_cut_20": 0.0,
        "ndcg_cut_30": 0.0,
        "ndcg_cut_100": 0.0,
        "ndcg_cut_200": 0.0,
        "ndcg_cut_500": 0.0,
        "ndcg_cut_1000": 0.0,
        "success_1": 0.0,
        "success_5": 0.0,
        "success_10": 0.0,
        "count_relevant_top5": 0
    },
    "T18Eval-00018": {
        "map": 0.0,
        "recip_rank": 0.0,
        "ndcg_cut_5": 0.0,
        "ndcg_cut_10": 0.0,
        "ndcg_cut_15": 0.0,
        "ndcg_cut_20": 0.0,
        "ndcg_cut_30": 0.0,
        "ndcg_cut_100": 0.0,
        "ndcg_cut_200": 0.0,
        "ndcg_cut_500": 0.0,
        "ndcg_cut_1000": 0.0,
        "success_1": 0.0,
        "success_5": 0.0,
        "success_10": 0.0,
        "count_relevant_top5": 0
    },
    "T18Eval-00019": {
        "map": 0.016666666666666666,
        "recip_rank": 0.25,
        "ndcg_cut_5": 0.14606834984270645,
        "ndcg_cut_10": 0.1158470538408525,
        "ndcg_cut_15": 0.1036053856744036,
        "ndcg_cut_20": 0.1036053856744036,
        "ndcg_cut_30": 0.1036053856744036,
        "ndcg_cut_100": 0.1036053856744036,
        "ndcg_cut_200": 0.1036053856744036,
        "ndcg_cut_500": 0.1036053856744036,
        "ndcg_cut_1000": 0.1036053856744036,
        "success_1": 0.0,
        "success_5": 1.0,
        "success_10": 1.0,
        "count_relevant_top5": 1
    },
    "T18Eval-00020": {
        "map": 0.1,
        "recip_rank": 1.0,
        "ndcg_cut_5": 0.33916020527361607,
        "ndcg_cut_10": 0.2538165846357146,
        "ndcg_cut_15": 0.2538165846357146,
        "ndcg_cut_20": 0.2538165846357146,
        "ndcg_cut_30": 0.2538165846357146,
        "ndcg_cut_100": 0.2538165846357146,
        "ndcg_cut_200": 0.2538165846357146,
        "ndcg_cut_500": 0.2538165846357146,
        "ndcg_cut_1000": 0.2538165846357146,
        "success_1": 1.0,
        "success_5": 1.0,
        "success_10": 1.0,
        "count_relevant_top5": 1
    },
    "T18Eval-00021": {
        "map": 0.0,
        "recip_rank": 0.0,
        "ndcg_cut_5": 0.0,
        "ndcg_cut_10": 0.0,
        "ndcg_cut_15": 0.0,
        "ndcg_cut_20": 0.0,
        "ndcg_cut_30": 0.0,
        "ndcg_cut_100": 0.0,
        "ndcg_cut_200": 0.0,
        "ndcg_cut_500": 0.0,
        "ndcg_cut_1000": 0.0,
        "success_1": 0.0,
        "success_5": 0.0,
        "success_10": 0.0,
        "count_relevant_top5": 0
    },
    "T18Eval-00022": {
        "map": 0.0,
        "recip_rank": 0.0,
        "ndcg_cut_5": 0.0,
        "ndcg_cut_10": 0.0,
        "ndcg_cut_15": 0.0,
        "ndcg_cut_20": 0.0,
        "ndcg_cut_30": 0.0,
        "ndcg_cut_100": 0.0,
        "ndcg_cut_200": 0.0,
        "ndcg_cut_500": 0.0,
        "ndcg_cut_1000": 0.0,
        "success_1": 0.0,
        "success_5": 0.0,
        "success_10": 0.0,