{
    "T1": [
        0.3182783190479539,
        0.39008404714126754,
        0.4618897752345812
    ],
    "T2": [
        0.0,
        0.0,
        0.0
    ],
    "T3": [
        0.0,
        0.0,
        0.0
    ],
    "T4": [
        0.01630823221318732,
        0.06783204105472322,
        0.11935584989625912
    ],
    "T5": [
        0.02049276347122994,
        0.045799373032997116,
        0.07110598259476429
    ],
    "T6": [
        0.0,
        0.0,
        0.0
    ],
    "T7": [
        0.0,
        0.0,
        0.0
    ],
    "T8": [
        0.0,
        0.0,
        0.0
    ],
    "T9": [
        0.0,
        0.0,
        0.0
    ],
    "T10": [
        0.0,
        0.0,
        0.0
    ],
    "T11": [
        0.40020404739166704,
        0.4590383487645035,
        0.51787265013734
    ],
    "T12": [
        0.023483663652951195,
        0.04502501514385455,
        0.0665663666347579
    ],
    "T13": [
        0.0,
        0.0,
        0.0
    ],
    "T14": [
        0.0,
        0.0,
        0.0
    ],
    "T15": [
        0.0,
        0.0,
        0.0
    ],
    "T16": [
        0.0,
        0.0,
        0.0
    ],
    "T17": [
        0.0,
        0.0,
        0.0
    ],
    "T18": [
        0.0,
        0.0,
        0.0
    ],
    "T19": [
        0.19235841821506233,
        0.22307987740848362,
        0.2538013366019049
    ],
    "T20": [
        0.016308232213187307,
        0.06783204105472322,
        0.11935584989625914
    ],
    "T21": [
        0.0,
        0.0,
        0.0
    ],
    "T22": [
        0.0,
        0.0,
        0.0
    ],
    "T23": [
        0.0,
        0.0,
        0.0
    ],
    "T24": [
        0.0,
        0.0,
        0.0
    ],
    "T25": [
        0.0,
        0.0,
        0.0
    ],
    "T26": [
        0.10623052289117357,
        0.26309297535714576,
        0.41995542782311795
    ],
    "T27": [
        0.06071683461531256,
        0.08745965089858766,
        0.11420246718186276
    ],
    "T28": [
        0.0,
        0.0,
        0.0
    ],
    "T29": [
        0.17020789771685113,
        0.21492166599947143,
        0.25963543428209174
    ],
    "T30": [
        0.0,
        0.0,
        0.0
    ],
    "T31": [
        0.0,
        0.0,
        0.0
    ],
    "T32": [
        0.0,
        0.0,
        0.0
    ],
    "T33": [
        0.10738189801147285,
        0.20745028447349365,
        0.30751867093551444
    ],
    "T34": [
        0.0029282960077768594,
        0.012384484978636656,
        0.02184067394949645
    ],
    "T35": [
        0.0,
        0.0,
        0.0
    ],
    "T36": [
        0.0,
        0.0,
        0.0
    ],
    "T37": [
        0.0,
        0.0,
        0.0
    ],
    "T38": [
        0.016308232213187335,
        0.06783204105472324,
        0.11935584989625914
    ],
    "T39": [
        0.0,
        0.0,
        0.0
    ],
    "T40": [
        0.0,
        0.0,
        0.0
    ],
    "T41": [
        0.0,
        0.0,
        0.0
    ],
    "T42": [
        0.0,
        0.0,
        0.0
    ],
    "T43": [
        0.0,
        0.0,
        0.0
    ],
    "T44": [
        0.08350367827071808,
        0.09994207525070539,
        0.1163804722306927
    ],
    "T45": [
        0.0,
        0.03391602052736161,
        0.07255887715851353
    ]
}