{
    "T1": {
        "mean": 1.5333333333333334
    },
    "T2": {
        "mean": 0.0
    },
    "T3": {
        "mean": 0.0
    },
    "T4": {
        "mean": 0.2
    },
    "T5": {
        "mean": 0.43333333333333335
    },
    "T6": {
        "mean": 0.0
    },
    "T7": {
        "mean": 0.0
    },
    "T8": {
        "mean": 0.0
    },
    "T9": {
        "mean": 0.0
    },
    "T10": {
        "mean": 0.0
    },
    "T11": {
        "mean": 2.3666666666666667
    },
    "T12": {
        "mean": 0.43333333333333335
    },
    "T13": {
        "mean": 0.0
    },
    "T14": {
        "mean": 0.0
    },
    "T15": {
        "mean": 0.0
    },
    "T16": {
        "mean": 0.0
    },
    "T17": {
        "mean": 0.0
    },
    "T18": {
        "mean": 0.0
    },
    "T19": {
        "mean": 0.9666666666666667
    },
    "T20": {
        "mean": 0.375
    },
    "T21": {
        "mean": 0.0
    },
    "T22": {
        "mean": 0.0
    },
    "T23": {
        "mean": 0.0
    },
    "T24": {
        "mean": 0.0
    },
    "T25": {
        "mean": 0.0
    },
    "T26": {
        "mean": 0.3
    },
    "T27": {
        "mean": 0.9629629629629629
    },
    "T28": {
        "mean": 0.0
    },
    "T29": {
        "mean": 1.2333333333333334
    },
    "T30": {
        "mean": 0.0
    },
    "T31": {
        "mean": 0.0
    },
    "T32": {
        "mean": 0.0
    },
    "T33": {
        "mean": 0.5833333333333334
    },
    "T34": {
        "mean": 0.2
    },
    "T35": {
        "mean": 0.0
    },
    "T36": {
        "mean": 0.0
    },
    "T37": {
        "mean": 0.0
    },
    "T38": {
        "mean": 0.2
    },
    "T39": {
        "mean": 0.0
    },
    "T40": {
        "mean": 0.0
    },
    "T41": {
        "mean": 0.0
    },
    "T42": {
        "mean": 0.0
    },
    "T43": {
        "mean": 0.0
    },
    "T44": {
        "mean": 1.4666666666666666
    },
    "T45": {
        "mean": 0.1
    }
}