{
    "model_global_ndcg": {
        "mean": 0.0736264623566754,
        "margin": 0.04632682872831499,
        "interval": [
            0.02729963362836041,
            0.0736264623566754,
            0.1199532910849904
        ]
    }
}