{
    "model_global_ndcg": {
        "mean": 0.058318168054522126,
        "margin": 0.0311966058560615,
        "interval": [
            0.027121562198460625,
            0.058318168054522126,
            0.08951477391058363
        ]
    }
}