{
    "model_global_ndcg": {
        "mean": 0.05831816805452214,
        "margin": 0.031196605856061516,
        "interval": [
            0.027121562198460625,
            0.05831816805452214,
            0.08951477391058366
        ]
    }
}