{
    "model_global_ndcg": {
        "mean": 0.05831816805452215,
        "margin": 0.03119660585606151,
        "interval": [
            0.02712156219846064,
            0.05831816805452215,
            0.08951477391058366
        ]
    }
}