{
    "T18Eval-00045": {
        "map": 0.03571428571428571,
        "recip_rank": 0.25,
        "ndcg_cut_5": 0.14606834984270645,
        "ndcg_cut_10": 0.13550506578835025,
        "ndcg_cut_15": 0.13550506578835025,
        "ndcg_cut_20": 0.13550506578835025,
        "ndcg_cut_30": 0.13550506578835025,
        "ndcg_cut_100": 0.13550506578835025,
        "ndcg_cut_200": 0.13550506578835025,
        "ndcg_cut_500": 0.13550506578835025,
        "ndcg_cut_1000": 0.13550506578835025,
        "success_1": 0.0,
        "success_5": 1.0,
        "success_10": 1.0,
        "count_relevant_folders_training": 0,
        "count_relevant_folders_total": 2,
        "count_highly_relevant_folders_training": 3,
        "count_highly_relevant_folders_total": 5,
        "count_relevant_in_top5_model": 0,
        "count_highly_relevant_in_top5_model": 1
    },
    "T18Eval-00035": {
        "map": 0.012380007960118457,
        "recip_rank": 0.02564102564102564,
        "ndcg_cut_5": 0.0,
        "ndcg_cut_10": 0.0,
        "ndcg_cut_15": 0.0,
        "ndcg_cut_20": 0.0,
        "ndcg_cut_30": 0.0,
        "ndcg_cut_100": 0.1401079745786243,
        "ndcg_cut_200": 0.15696838985290645,
        "ndcg_cut_500": 0.15696838985290645,
        "ndcg_cut_1000": 0.15696838985290645,
        "success_1": 0.0,
        "success_5": 0.0,
        "success_10": 0.0,
        "count_relevant_folders_training": 4,
        "count_relevant_folders_total": 4,
        "count_highly_relevant_folders_training": 3,
        "count_highly_relevant_folders_total": 3,
        "count_relevant_in_top5_model": 0,
        "count_highly_relevant_in_top5_model": 0
    },
    "T18Eval-00001": {
        "map": 0.24307532384455463,
        "recip_rank": 1.0,
        "ndcg_cut_5": 0.5531464700081437,
        "ndcg_cut_10": 0.5345170426406463,
        "ndcg_cut_15": 0.49824897983201694,
        "ndcg_cut_20": 0.5595919504800664,
        "ndcg_cut_30": 0.5773730609102322,
        "ndcg_cut_100": 0.6053826961605474,
        "ndcg_cut_200": 0.6053826961605474,
        "ndcg_cut_500": 0.6053826961605474,
        "ndcg_cut_1000": 0.6053826961605474,
        "success_1": 1.0,
        "success_5": 1.0,
        "success_10": 1.0,
        "count_relevant_folders_training": 1,
        "count_relevant_folders_total": 7,
        "count_highly_relevant_folders_training": 2,
        "count_highly_relevant_folders_total": 6,
        "count_relevant_in_top5_model": 0,
        "count_highly_relevant_in_top5_model": 2
    },
    "T18Eval-00017": {
        "map": 0.3333333333333333,
        "recip_rank": 1.0,
        "ndcg_cut_5": 0.5562983930884396,
        "ndcg_cut_10": 0.5562983930884396,
        "ndcg_cut_15": 0.5562983930884396,
        "ndcg_cut_20": 0.5562983930884396,
        "ndcg_cut_30": 0.5562983930884396,
        "ndcg_cut_100": 0.5562983930884396,
        "ndcg_cut_200": 0.5562983930884396,
        "ndcg_cut_500": 0.5562983930884396,
        "ndcg_cut_1000": 0.5562983930884396,
        "success_1": 1.0,
        "success_5": 1.0,
        "success_10": 1.0,
        "count_relevant_folders_training": 1,
        "count_relevant_folders_total": 1,
        "count_highly_relevant_folders_training": 1,
        "count_highly_relevant_folders_total": 2,
        "count_relevant_in_top5_model": 0,
        "count_highly_relevant_in_top5_model": 1
    },
    "T18Eval-00003": {
        "map": 0.0,
        "recip_rank": 0.0,
        "ndcg_cut_5": 0.0,
        "ndcg_cut_10": 0.0,
        "ndcg_cut_15": 0.0,
        "ndcg_cut_20": 0.0,
        "ndcg_cut_30": 0.0,
        "ndcg_cut_100": 0.0,
        "ndcg_cut_200": 0.0,
        "ndcg_cut_500": 0.0,
        "ndcg_cut_1000": 0.0,
        "success_1": 0.0,
        "success_5": 0.0,
        "success_10": 0.0,
        "count_relevant_folders_training": 0,
        "count_relevant_folders_total": 0,
        "count_highly_relevant_folders_training": 2,
        "count_highly_relevant_folders_total": 3,
        "count_relevant_in_top5_model": 0,
        "count_highly_relevant_in_top5_model": 0
    },
    "T18Eval-00034": {
        "map": 0.009254764473211075,
        "recip_rank": 0.03333333333333333,
        "ndcg_cut_5": 0.0,
        "ndcg_cut_10": 0.0,
        "ndcg_cut_15": 0.0,
        "ndcg_cut_20": 0.0,
        "ndcg_cut_30": 0.02370134991263015,
        "ndcg_cut_100": 0.04149266672181223,
        "ndcg_cut_200": 0.05901705992998168,
        "ndcg_cut_500": 0.05901705992998168,
        "ndcg_cut_1000": 0.05901705992998168,
        "success_1": 0.0,
        "success_5": 0.0,
        "success_10": 0.0,
        "count_relevant_folders_training": 2,
        "count_relevant_folders_total": 6,
        "count_highly_relevant_folders_training": 1,
        "count_highly_relevant_folders_total": 3,
        "count_relevant_in_top5_model": 0,
        "count_highly_relevant_in_top5_model": 0
    },
    "T18Eval-00030": {
        "map": 0.006294129985164157,
        "recip_rank": 0.010526315789473684,
        "ndcg_cut_5": 0.0,
        "ndcg_cut_10": 0.0,
        "ndcg_cut_15": 0.0,
        "ndcg_cut_20": 0.0,
        "ndcg_cut_30": 0.0,
        "ndcg_cut_100": 0.02428032402060194,
        "ndcg_cut_200": 0.04814219427191433,
        "ndcg_cut_500": 0.08792000650281975,
        "ndcg_cut_1000": 0.08792000650281975,
        "success_1": 0.0,
        "success_5": 0.0,
        "success_10": 0.0,
        "count_relevant_folders_training": 7,
        "count_relevant_folders_total": 8,
        "count_highly_relevant_folders_training": 0,
        "count_highly_relevant_folders_total": 1,
        "count_relevant_in_top5_model": 0,
        "count_highly_relevant_in_top5_model": 0
    },
    "T18Eval-00010": {
        "map": 0.0,
        "recip_rank": 0.0,
        "ndcg_cut_5": 0.0,
        "ndcg_cut_10": 0.0,
        "ndcg_cut_15": 0.0,
        "ndcg_cut_20": 0.0,
        "ndcg_cut_30": 0.0,
        "ndcg_cut_100": 0.0,
        "ndcg_cut_200": 0.0,
        "ndcg_cut_500": 0.0,
        "ndcg_cut_1000": 0.0,
        "success_1": 0.0,
        "success_5": 0.0,
        "success_10": 0.0,
        "count_relevant_folders_training": 1,
        "count_relevant_folders_total": 1,
        "count_highly_relevant_folders_training": 2,
        "count_highly_relevant_folders_total": 2,
        "count_relevant_in_top5_model": 0,
        "count_highly_relevant_in_top5_model": 0
    },
    "T18Eval-00008": {
        "map": 0.0,
        "recip_rank": 0.0,
        "ndcg_cut_5": 0.0,
        "ndcg_cut_10": 0.0,
        "ndcg_cut_15": 0.0,
        "ndcg_cut_20": 0.0,
        "ndcg_cut_30": 0.0,
        "ndcg_cut_100": 0.0,
        "ndcg_cut_200": 0.0,
        "ndcg_cut_500": 0.0,
        "ndcg_cut_1000": 0.0,
        "success_1": 0.0,
        "success_5": 0.0,
        "success_10": 0.0,
        "count_relevant_folders_training": 1,
        "count_relevant_folders_total": 2,
        "count_highly_relevant_folders_training": 1,
        "count_highly_relevant_folders_total": 1,
        "count_relevant_in_top5_model": 0,
        "count_highly_relevant_in_top5_model": 0
    },
    "T18Eval-00044": {
        "map": 0.10821408719890692,
        "recip_rank": 0.25,
        "ndcg_cut_5": 0.1316404865093951,
        "ndcg_cut_10": 0.18033935336471987,
        "ndcg_cut_15": 0.1542904933921728,
        "ndcg_cut_20": 0.14300648467781718,
        "ndcg_cut_30": 0.14300648467781718,
        "ndcg_cut_100": 0.2967781084436477,
        "ndcg_cut_200": 0.2967781084436477,
        "ndcg_cut_500": 0.2967781084436477,
        "ndcg_cut_1000": 0.2967781084436477,
        "success_1": 0.0,
        "success_5": 1.0,
        "success_10": 1.0,
        "count_relevant_folders_training": 9,
        "count_relevant_folders_total": 16,
        "count_highly_relevant_folders_training": 1,
        "count_highly_relevant_folders_total": 2,
        "count_relevant_in_top5_model": 2,
        "count_highly_relevant_in_top5_model": 0
    },
    "T18Eval-00005": {
        "map": 0.004086538461538462,
        "recip_rank": 0.03333333333333333,