{
    "T1": [
        0.2940433258916345,
        0.36210624922512274,
        0.430169172558611
    ],
    "T6": [
        0.0,
        0.0,
        0.0
    ],
    "T28": [
        0.0,
        0.0,
        0.0
    ],
    "T12": [
        0.014333518325184494,
        0.03428923178946796,
        0.054244945253751425
    ],
    "T24": [
        0.0,
        0.0,
        0.0
    ],
    "T22": [
        0.0,
        0.007817641773751719,
        0.023806514461003618
    ],
    "T32": [
        0.0,
        0.0,
        0.0
    ],
    "T31": [
        0.0,
        0.0,
        0.0
    ],
    "T41": [
        0.0,
        0.0,
        0.0
    ],
    "T35": [
        0.0,
        0.0,
        0.0
    ],
    "T13": [
        0.0,
        0.0,
        0.0
    ],
    "T34": [
        0.0,
        0.003779441694191992,
        0.009158450608444314
    ],
    "T10": [
        0.0,
        0.0,
        0.0
    ],
    "T18": [
        0.0,
        0.0,
        0.0
    ],
    "T42": [
        0.0,
        0.0,
        0.0
    ],
    "T8": [
        0.0,
        0.0,
        0.0
    ],
    "T16": [
        0.0,
        0.0,
        0.0
    ],
    "T27": [
        0.07730365253855623,
        0.10578586417078753,
        0.13426807580301883
    ],
    "T30": [
        0.0,
        0.0,
        0.0
    ],
    "T38": [
        0.04272012305489151,
        0.10174806158208484,
        0.16077600010927817
    ],
    "T15": [
        0.0,
        0.0,
        0.0
    ],
    "T33": [
        0.12058358912627692,
        0.23501039063826393,
        0.34943719215025093
    ],
    "T21": [
        0.0,
        0.0,
        0.0
    ],
    "T5": [
        0.012605863024194038,
        0.030821680359322364,
        0.04903749769445069
    ],
    "T11": [
        0.3201122695514218,
        0.36781367556538574,
        0.4155150815793497
    ],
    "T9": [
        0.0,
        0.0,
        0.0
    ],
    "T17": [
        0.262862743800018,
        0.33370295551039525,
        0.4045431672207725
    ],
    "T43": [
        0.0,
        0.0,
        0.0
    ],
    "T4": [
        0.03348100750717406,
        0.09044272140629762,
        0.1474044353054212
    ],
    "T23": [
        0.0,
        0.0,
        0.0
    ],
    "T36": [
        0.0,
        0.0,
        0.0
    ],
    "T37": [
        0.0,
        0.004373502583744726,
        0.013318319707963405
    ],
    "T29": [
        0.12585996422564483,
        0.1820105396213439,
        0.23816111501704296
    ],
    "T44": [
        0.0855853353754053,
        0.09998349263795178,
        0.11438164990049826
    ],
    "T2": [
        0.0,
        0.0,
        0.0
    ],
    "T40": [
        0.0,
        0.0,
        0.0
    ],
    "T7": [
        0.0,
        0.0,
        0.0
    ],
    "T14": [
        0.0,
        0.0,
        0.0
    ],
    "T25": [
        0.0,
        0.0,
        0.0
    ],
    "T3": [
        0.0,
        0.0,
        0.0
    ],
    "T19": [
        0.19719012491684573,
        0.22328091530759206,
        0.2493717056983384
    ],
    "T45": [
        0.16950533168044846,
        0.19754115343427667,
        0.22557697518810488
    ],
    "T39": [
        0.0,
        0.0,
        0.0
    ],
    "T26": [
        0.018203659400698236,
        0.1420619835714305,
        0.26592030774216274
    ],
    "T20": [
        0.04272012305489151,
        0.10174806158208481,
        0.16077600010927812
    ]
}