{
    "T22": [
        0.0,
        0.007817641773751719,
        0.023806514461003618
    ],
    "T3": [
        0.0,
        0.0,
        0.0
    ],
    "T37": [
        0.0,
        0.004373502583744726,
        0.013318319707963405
    ],
    "T17": [
        0.26286274380001795,
        0.3337029555103952,
        0.40454316722077244
    ],
    "T32": [
        0.0,
        0.0,
        0.0
    ],
    "T28": [
        0.0,
        0.0,
        0.0
    ],
    "T29": [
        0.1258599642256448,
        0.18201053962134386,
        0.23816111501704293
    ],
    "T4": [
        0.03348100750717406,
        0.09044272140629762,
        0.1474044353054212
    ],
    "T35": [
        0.0,
        0.0,
        0.0
    ],
    "T27": [
        0.07730365253855617,
        0.10578586417078749,
        0.1342680758030188
    ],
    "T1": [
        0.2940433258916346,
        0.36210624922512286,
        0.4301691725586111
    ],
    "T16": [
        0.0,
        0.0,
        0.0
    ],
    "T18": [
        0.0,
        0.0,
        0.0
    ],
    "T45": [
        0.16950533168044846,
        0.19754115343427667,
        0.22557697518810488
    ],
    "T30": [
        0.0,
        0.0,
        0.0
    ],
    "T33": [
        0.12058358912627692,
        0.2350103906382639,
        0.3494371921502509
    ],
    "T5": [
        0.012605863024194038,
        0.030821680359322364,
        0.04903749769445069
    ],
    "T12": [
        0.014333518325184494,
        0.03428923178946796,
        0.054244945253751425
    ],
    "T21": [
        0.0,
        0.0,
        0.0
    ],
    "T26": [
        0.018203659400698236,
        0.1420619835714305,
        0.26592030774216274
    ],
    "T20": [
        0.04272012305489148,
        0.10174806158208481,
        0.16077600010927814
    ],
    "T9": [
        0.0,
        0.0,
        0.0
    ],
    "T39": [
        0.0,
        0.0,
        0.0
    ],
    "T25": [
        0.0,
        0.0,
        0.0
    ],
    "T42": [
        0.0,
        0.0,
        0.0
    ],
    "T36": [
        0.0,
        0.0,
        0.0
    ],
    "T10": [
        0.0,
        0.0,
        0.0
    ],
    "T7": [
        0.0,
        0.0,
        0.0
    ],
    "T40": [
        0.0,
        0.0,
        0.0
    ],
    "T43": [
        0.0,
        0.0,
        0.0
    ],
    "T19": [
        0.1971901249168457,
        0.22328091530759203,
        0.24937170569833836
    ],
    "T31": [
        0.0,
        0.0,
        0.0
    ],
    "T14": [
        0.0,
        0.0,
        0.0
    ],
    "T24": [
        0.0,
        0.0,
        0.0
    ],
    "T34": [
        0.0,
        0.003779441694191992,
        0.009158450608444314
    ],
    "T38": [
        0.04272012305489151,
        0.10174806158208484,
        0.16077600010927817
    ],
    "T44": [
        0.08558533537540532,
        0.0999834926379518,
        0.11438164990049828
    ],
    "T8": [
        0.0,
        0.0,
        0.0
    ],
    "T2": [
        0.0,
        0.0,
        0.0
    ],
    "T23": [
        0.0,
        0.0,
        0.0
    ],
    "T41": [
        0.0,
        0.0,
        0.0
    ],
    "T15": [
        0.0,
        0.0,
        0.0
    ],
    "T11": [
        0.32011226955142175,
        0.3678136755653857,
        0.41551508157934963
    ],
    "T13": [
        0.0,
        0.0,
        0.0
    ],
    "T6": [
        0.0,
        0.0,
        0.0
    ]
}