{
    "model_global_ndcg": {
        "mean": 0.062246005939315036,
        "margin": 0.042478929329501036,
        "interval": [
            0.019767076609814,
            0.062246005939315036,
            0.10472493526881607
        ]
    }
}