{
    "model_global_ndcg": {
        "mean": 0.04715103659987736,
        "margin": 0.027041236464975194,
        "interval": [
            0.02010980013490217,
            0.04715103659987736,
            0.07419227306485256
        ]
    }
}