{
    "T18Eval-00001": {
        "map": 0.07692307692307693,
        "recip_rank": 1.0,
        "ndcg_cut_5": 0.33916020527361607,
        "ndcg_cut_10": 0.2689885290230043,
        "ndcg_cut_15": 0.2507371130958122,
        "ndcg_cut_20": 0.2507371130958122,
        "ndcg_cut_30": 0.2507371130958122,
        "ndcg_cut_100": 0.2507371130958122,
        "ndcg_cut_200": 0.2507371130958122,
        "ndcg_cut_500": 0.2507371130958122,
        "ndcg_cut_1000": 0.2507371130958122,
        "success_1": 1.0,
        "success_5": 1.0,
        "success_10": 1.0
    },
    "T18Eval-00002": {
        "map": 0.0,
        "recip_rank": 0.0,
        "ndcg_cut_5": 0.0,
        "ndcg_cut_10": 0.0,
        "ndcg_cut_15": 0.0,
        "ndcg_cut_20": 0.0,
        "ndcg_cut_30": 0.0,
        "ndcg_cut_100": 0.0,
        "ndcg_cut_200": 0.0,
        "ndcg_cut_500": 0.0,
        "ndcg_cut_1000": 0.0,
        "success_1": 0.0,
        "success_5": 0.0,
        "success_10": 0.0
    },
    "T18Eval-00003": {
        "map": 0.0,
        "recip_rank": 0.0,
        "ndcg_cut_5": 0.0,
        "ndcg_cut_10": 0.0,
        "ndcg_cut_15": 0.0,
        "ndcg_cut_20": 0.0,
        "ndcg_cut_30": 0.0,
        "ndcg_cut_100": 0.0,
        "ndcg_cut_200": 0.0,
        "ndcg_cut_500": 0.0,
        "ndcg_cut_1000": 0.0,
        "success_1": 0.0,
        "success_5": 0.0,
        "success_10": 0.0
    },
    "T18Eval-00004": {
        "map": 0.0,
        "recip_rank": 0.0,
        "ndcg_cut_5": 0.0,
        "ndcg_cut_10": 0.0,
        "ndcg_cut_15": 0.0,
        "ndcg_cut_20": 0.0,
        "ndcg_cut_30": 0.0,
        "ndcg_cut_100": 0.0,
        "ndcg_cut_200": 0.0,
        "ndcg_cut_500": 0.0,
        "ndcg_cut_1000": 0.0,
        "success_1": 0.0,
        "success_5": 0.0,
        "success_10": 0.0
    },
    "T18Eval-00005": {
        "map": 0.03205128205128205,
        "recip_rank": 0.3333333333333333,
        "ndcg_cut_5": 0.20259505072164247,
        "ndcg_cut_10": 0.13147032541923082,
        "ndcg_cut_15": 0.10191226061692249,
        "ndcg_cut_20": 0.0955088779215529,
        "ndcg_cut_30": 0.08931223944100401,
        "ndcg_cut_100": 0.08931223944100401,
        "ndcg_cut_200": 0.08931223944100401,
        "ndcg_cut_500": 0.08931223944100401,
        "ndcg_cut_1000": 0.08931223944100401,
        "success_1": 0.0,
        "success_5": 1.0,
        "success_10": 1.0
    },
    "T18Eval-00008": {
        "map": 0.0,
        "recip_rank": 0.0,
        "ndcg_cut_5": 0.0,
        "ndcg_cut_10": 0.0,
        "ndcg_cut_15": 0.0,
        "ndcg_cut_20": 0.0,
        "ndcg_cut_30": 0.0,
        "ndcg_cut_100": 0.0,
        "ndcg_cut_200": 0.0,
        "ndcg_cut_500": 0.0,
        "ndcg_cut_1000": 0.0,
        "success_1": 0.0,
        "success_5": 0.0,
        "success_10": 0.0
    },
    "T18Eval-00010": {
        "map": 0.0,
        "recip_rank": 0.0,
        "ndcg_cut_5": 0.0,
        "ndcg_cut_10": 0.0,
        "ndcg_cut_15": 0.0,
        "ndcg_cut_20": 0.0,
        "ndcg_cut_30": 0.0,
        "ndcg_cut_100": 0.0,
        "ndcg_cut_200": 0.0,
        "ndcg_cut_500": 0.0,
        "ndcg_cut_1000": 0.0,
        "success_1": 0.0,
        "success_5": 0.0,
        "success_10": 0.0
    },
    "T18Eval-00011": {
        "map": 0.2884226884226884,
        "recip_rank": 1.0,
        "ndcg_cut_5": 0.47036528278595785,
        "ndcg_cut_10": 0.4530643748551538,
        "ndcg_cut_15": 0.4530643748551538,
        "ndcg_cut_20": 0.4530643748551538,
        "ndcg_cut_30": 0.4993518561463386,
        "ndcg_cut_100": 0.5792738886827865,
        "ndcg_cut_200": 0.5792738886827865,
        "ndcg_cut_500": 0.5792738886827865,
        "ndcg_cut_1000": 0.5792738886827865,
        "success_1": 1.0,
        "success_5": 1.0,
        "success_10": 1.0
    },
    "T18Eval-00012": {
        "map": 0.13194444444444445,
        "recip_rank": 0.3333333333333333,
        "ndcg_cut_5": 0.09271639884807328,
        "ndcg_cut_10": 0.09271639884807328,
        "ndcg_cut_15": 0.09271639884807328,
        "ndcg_cut_20": 0.09271639884807328,
        "ndcg_cut_30": 0.09271639884807328,
        "ndcg_cut_100": 0.20299691617592827,
        "ndcg_cut_200": 0.20299691617592827,
        "ndcg_cut_500": 0.20299691617592827,
        "ndcg_cut_1000": 0.20299691617592827,
        "success_1": 0.0,
        "success_5": 1.0,
        "success_10": 1.0
    },
    "T18Eval-00013": {
        "map": 0.0,
        "recip_rank": 0.0,
        "ndcg_cut_5": 0.0,
        "ndcg_cut_10": 0.0,
        "ndcg_cut_15": 0.0,
        "ndcg_cut_20": 0.0,
        "ndcg_cut_30": 0.0,
        "ndcg_cut_100": 0.0,
        "ndcg_cut_200": 0.0,
        "ndcg_cut_500": 0.0,
        "ndcg_cut_1000": 0.0,
        "success_1": 0.0,
        "success_5": 0.0,
        "success_10": 0.0
    },
    "T18Eval-00015": {
        "map": 0.005952380952380952,
        "recip_rank": 0.041666666666666664,
        "ndcg_cut_5": 0.0,
        "ndcg_cut_10": 0.0,
        "ndcg_cut_15": 0.0,
        "ndcg_cut_20": 0.0,
        "ndcg_cut_30": 0.024578593987007832,
        "ndcg_cut_100": 0.024578593987007832,
        "ndcg_cut_200": 0.024578593987007832,
        "ndcg_cut_500": 0.024578593987007832,
        "ndcg_cut_1000": 0.024578593987007832,
        "success_1": 0.0,
        "success_5": 0.0,
        "success_10": 0.0
    },
    "T18Eval-00016": {
        "map": 0.0,
        "recip_rank": 0.0,
        "ndcg_cut_5": 0.0,
        "ndcg_cut_10": 0.0,
        "ndcg_cut_15": 0.0,
        "ndcg_cut_20": 0.0,
        "ndcg_cut_30": 0.0,
        "ndcg_cut_100": 0.0,
        "ndcg_cut_200": 0.0,
        "ndcg_cut_500": 0.0,
        "ndcg_cut_1000": 0.0,
        "success_1": 0.0,
        "success_5": 0.0,
        "success_10": 0.0
    },
    "T18Eval-00017": {
        "map": 0.0,
        "recip_rank": 0.0,
        "ndcg_cut_5": 0.0,
        "ndcg_cut_10": 0.0,
        "ndcg_cut_15": 0.0,
        "ndcg_cut_20": 0.0,
        "ndcg_cut_30": 0.0,
        "ndcg_cut_100": 0.0,
        "ndcg_cut_200": 0.0,
        "ndcg_cut_500": 0.0,
        "ndcg_cut_1000": 0.0,
        "success_1": 0.0,
        "success_5": 0.0,
        "success_10": 0.0
    },
    "T18Eval-00018": {
        "map": 0.0,
        "recip_rank": 0.0,
        "ndcg_cut_5": 0.0,
        "ndcg_cut_10": 0.0,
        "ndcg_cut_15": 0.0,
        "ndcg_cut_20": 0.0,
        "ndcg_cut_30": 0.0,
        "ndcg_cut_100": 0.0,
        "ndcg_cut_200": 0.0,
        "ndcg_cut_500": 0.0,
        "ndcg_cut_1000": 0.0,
        "success_1": 0.0,
        "success_5": 0.0,
        "success_10": 0.0
    },
    "T18Eval-00019": {
        "map": 0.04401709401709401,
        "recip_rank": 0.5,
        "ndcg_cut_5": 0.21398626473452753,
        "ndcg_cut_10": 0.16971286633003294,
        "ndcg_cut_15": 0.15177914661676972,
        "ndcg_cut_20": 0.15177914661676972,
        "ndcg_cut_30": 0.20237219548902632,
        "ndcg_cut_100": 0.24855060210770125,
        "ndcg_cut_200": 0.24855060210770125,
        "ndcg_cut_500": 0.24855060210770125,
        "ndcg_cut_1000": 0.24855060210770125,
        "success_1": 0.0,
        "success_5": 1.0,
        "success_10": 1.0
    },
    "T18Eval-00020": {
        "map": 0.1,
        "recip_rank": 1.0,
        "ndcg_cut_5": 0.33916020527361607,
        "ndcg_cut_10": 0.2538165846357146,
        "ndcg_cut_15": 0.2538165846357146,
        "ndcg_cut_20": 0.2538165846357146,
        "ndcg_cut_30": 0.2538165846357146,
        "ndcg_cut_100": 0.2538165846357146,
        "ndcg_cut_200": 0.2538165846357146,
        "ndcg_cut_500": 0.2538165846357146,
        "ndcg_cut_1000": 0.2538165846357146,
        "success_1": 1.0,
        "success_5": 1.0,
        "success_10": 1.0
    },
    "T18Eval-00021": {
        "map": 0.0,
        "recip_rank": 0.0,
        "ndcg_cut_5": 0.0,
        "ndcg_cut_10": 0.0,
        "ndcg_cut_15": 0.0,
        "ndcg_cut_20": 0.0,
        "ndcg_cut_30": 0.0,
        "ndcg_cut_100": 0.0,
        "ndcg_cut_200": 0.0,
        "ndcg_cut_500": 0.0,
        "ndcg_cut_1000": 0.0,
        "success_1": 0.0,