{
    "T18Eval-00001": {
        "map": 0.07692307692307693,
        "recip_rank": 1.0,
        "ndcg_cut_5": 0.33916020527361607,
        "ndcg_cut_10": 0.2689885290230043,
        "ndcg_cut_15": 0.2507371130958122,
        "ndcg_cut_20": 0.2507371130958122,
        "ndcg_cut_30": 0.2507371130958122,
        "ndcg_cut_100": 0.2507371130958122,
        "ndcg_cut_200": 0.2507371130958122,
        "ndcg_cut_500": 0.2507371130958122,
        "ndcg_cut_1000": 0.2507371130958122,
        "success_1": 1.0,
        "success_5": 1.0,
        "success_10": 1.0
    },
    "T18Eval-00002": {
        "map": 0.0,
        "recip_rank": 0.0,
        "ndcg_cut_5": 0.0,
        "ndcg_cut_10": 0.0,
        "ndcg_cut_15": 0.0,
        "ndcg_cut_20": 0.0,
        "ndcg_cut_30": 0.0,
        "ndcg_cut_100": 0.0,
        "ndcg_cut_200": 0.0,
        "ndcg_cut_500": 0.0,
        "ndcg_cut_1000": 0.0,
        "success_1": 0.0,
        "success_5": 0.0,
        "success_10": 0.0
    },
    "T18Eval-00003": {
        "map": 0.0,
        "recip_rank": 0.0,
        "ndcg_cut_5": 0.0,
        "ndcg_cut_10": 0.0,
        "ndcg_cut_15": 0.0,
        "ndcg_cut_20": 0.0,
        "ndcg_cut_30": 0.0,
        "ndcg_cut_100": 0.0,
        "ndcg_cut_200": 0.0,
        "ndcg_cut_500": 0.0,
        "ndcg_cut_1000": 0.0,
        "success_1": 0.0,
        "success_5": 0.0,
        "success_10": 0.0
    },
    "T18Eval-00004": {
        "map": 0.0,
        "recip_rank": 0.0,
        "ndcg_cut_5": 0.0,
        "ndcg_cut_10": 0.0,
        "ndcg_cut_15": 0.0,
        "ndcg_cut_20": 0.0,
        "ndcg_cut_30": 0.0,
        "ndcg_cut_100": 0.0,
        "ndcg_cut_200": 0.0,
        "ndcg_cut_500": 0.0,
        "ndcg_cut_1000": 0.0,
        "success_1": 0.0,
        "success_5": 0.0,
        "success_10": 0.0
    },
    "T18Eval-00005": {
        "map": 0.033104395604395605,
        "recip_rank": 0.2,
        "ndcg_cut_5": 0.13120507751234178,
        "ndcg_cut_10": 0.2279382616777583,
        "ndcg_cut_15": 0.17669161048014,
        "ndcg_cut_20": 0.16558966853403387,
        "ndcg_cut_30": 0.1548461718628435,
        "ndcg_cut_100": 0.1548461718628435,
        "ndcg_cut_200": 0.1548461718628435,
        "ndcg_cut_500": 0.1548461718628435,
        "ndcg_cut_1000": 0.1548461718628435,
        "success_1": 0.0,
        "success_5": 1.0,
        "success_10": 1.0
    },
    "T18Eval-00008": {
        "map": 0.037037037037037035,
        "recip_rank": 0.1111111111111111,
        "ndcg_cut_5": 0.0,
        "ndcg_cut_10": 0.07287221367144313,
        "ndcg_cut_15": 0.07287221367144313,
        "ndcg_cut_20": 0.07287221367144313,
        "ndcg_cut_30": 0.07287221367144313,
        "ndcg_cut_100": 0.07287221367144313,
        "ndcg_cut_200": 0.07287221367144313,
        "ndcg_cut_500": 0.07287221367144313,
        "ndcg_cut_1000": 0.07287221367144313,
        "success_1": 0.0,
        "success_5": 0.0,
        "success_10": 1.0
    },
    "T18Eval-00009": {
        "map": 0.0,
        "recip_rank": 0.0,
        "ndcg_cut_5": 0.0,
        "ndcg_cut_10": 0.0,
        "ndcg_cut_15": 0.0,
        "ndcg_cut_20": 0.0,
        "ndcg_cut_30": 0.0,
        "ndcg_cut_100": 0.0,
        "ndcg_cut_200": 0.0,
        "ndcg_cut_500": 0.0,
        "ndcg_cut_1000": 0.0,
        "success_1": 0.0,
        "success_5": 0.0,
        "success_10": 0.0
    },
    "T18Eval-00010": {
        "map": 0.0,
        "recip_rank": 0.0,
        "ndcg_cut_5": 0.0,
        "ndcg_cut_10": 0.0,
        "ndcg_cut_15": 0.0,
        "ndcg_cut_20": 0.0,
        "ndcg_cut_30": 0.0,
        "ndcg_cut_100": 0.0,
        "ndcg_cut_200": 0.0,
        "ndcg_cut_500": 0.0,
        "ndcg_cut_1000": 0.0,
        "success_1": 0.0,
        "success_5": 0.0,
        "success_10": 0.0
    },
    "T18Eval-00011": {
        "map": 0.2698160173160173,
        "recip_rank": 1.0,
        "ndcg_cut_5": 0.47036528278595785,
        "ndcg_cut_10": 0.38363315291837646,
        "ndcg_cut_15": 0.44502619852312303,
        "ndcg_cut_20": 0.44502619852312303,
        "ndcg_cut_30": 0.4894515205146315,
        "ndcg_cut_100": 0.5676473549370454,
        "ndcg_cut_200": 0.5676473549370454,
        "ndcg_cut_500": 0.5676473549370454,
        "ndcg_cut_1000": 0.5676473549370454,
        "success_1": 1.0,
        "success_5": 1.0,
        "success_10": 1.0
    },
    "T18Eval-00012": {
        "map": 0.1851851851851852,
        "recip_rank": 0.5,
        "ndcg_cut_5": 0.11699506935449569,
        "ndcg_cut_10": 0.11699506935449569,
        "ndcg_cut_15": 0.11699506935449569,
        "ndcg_cut_20": 0.11699506935449569,
        "ndcg_cut_30": 0.11699506935449569,
        "ndcg_cut_100": 0.22378139683345882,
        "ndcg_cut_200": 0.22378139683345882,
        "ndcg_cut_500": 0.22378139683345882,
        "ndcg_cut_1000": 0.22378139683345882,
        "success_1": 0.0,
        "success_5": 1.0,
        "success_10": 1.0
    },
    "T18Eval-00013": {
        "map": 0.0,
        "recip_rank": 0.0,
        "ndcg_cut_5": 0.0,
        "ndcg_cut_10": 0.0,
        "ndcg_cut_15": 0.0,
        "ndcg_cut_20": 0.0,
        "ndcg_cut_30": 0.0,
        "ndcg_cut_100": 0.0,
        "ndcg_cut_200": 0.0,
        "ndcg_cut_500": 0.0,
        "ndcg_cut_1000": 0.0,
        "success_1": 0.0,
        "success_5": 0.0,
        "success_10": 0.0
    },
    "T18Eval-00014": {
        "map": 0.0,
        "recip_rank": 0.0,
        "ndcg_cut_5": 0.0,
        "ndcg_cut_10": 0.0,
        "ndcg_cut_15": 0.0,
        "ndcg_cut_20": 0.0,
        "ndcg_cut_30": 0.0,
        "ndcg_cut_100": 0.0,
        "ndcg_cut_200": 0.0,
        "ndcg_cut_500": 0.0,
        "ndcg_cut_1000": 0.0,
        "success_1": 0.0,
        "success_5": 0.0,
        "success_10": 0.0
    },
    "T18Eval-00015": {
        "map": 0.0,
        "recip_rank": 0.0,
        "ndcg_cut_5": 0.0,
        "ndcg_cut_10": 0.0,
        "ndcg_cut_15": 0.0,
        "ndcg_cut_20": 0.0,
        "ndcg_cut_30": 0.0,
        "ndcg_cut_100": 0.0,
        "ndcg_cut_200": 0.0,
        "ndcg_cut_500": 0.0,
        "ndcg_cut_1000": 0.0,
        "success_1": 0.0,
        "success_5": 0.0,
        "success_10": 0.0
    },
    "T18Eval-00016": {
        "map": 0.0,
        "recip_rank": 0.0,
        "ndcg_cut_5": 0.0,
        "ndcg_cut_10": 0.0,
        "ndcg_cut_15": 0.0,
        "ndcg_cut_20": 0.0,
        "ndcg_cut_30": 0.0,
        "ndcg_cut_100": 0.0,
        "ndcg_cut_200": 0.0,
        "ndcg_cut_500": 0.0,
        "ndcg_cut_1000": 0.0,
        "success_1": 0.0,
        "success_5": 0.0,
        "success_10": 0.0
    },
    "T18Eval-00017": {
        "map": 0.0,
        "recip_rank": 0.0,
        "ndcg_cut_5": 0.0,
        "ndcg_cut_10": 0.0,
        "ndcg_cut_15": 0.0,
        "ndcg_cut_20": 0.0,
        "ndcg_cut_30": 0.0,
        "ndcg_cut_100": 0.0,
        "ndcg_cut_200": 0.0,
        "ndcg_cut_500": 0.0,
        "ndcg_cut_1000": 0.0,
        "success_1": 0.0,
        "success_5": 0.0,
        "success_10": 0.0
    },
    "T18Eval-00018": {
        "map": 0.0,
        "recip_rank": 0.0,
        "ndcg_cut_5": 0.0,
        "ndcg_cut_10": 0.0,
        "ndcg_cut_15": 0.0,
        "ndcg_cut_20": 0.0,
        "ndcg_cut_30": 0.0,
        "ndcg_cut_100": 0.0,
        "ndcg_cut_200": 0.0,
        "ndcg_cut_500": 0.0,
        "ndcg_cut_1000": 0.0,
        "success_1": 0.0,
        "success_5": 0.0,
        "success_10": 0.0
    },
    "T18Eval-00019": {
        "map": 0.03467432950191571,
        "recip_rank": 0.3333333333333333,
        "ndcg_cut_5": 0.16958010263680803,
        "ndcg_cut_10": 0.13449426451150215,
        "ndcg_cut_15": 0.12028212788951917,
        "ndcg_cut_20": 0.12028212788951917,
        "ndcg_cut_30": 0.22111062456150266,
        "ndcg_cut_100": 0.22111062456150266,
        "ndcg_cut_200": 0.22111062456150266,
        "ndcg_cut_500": 0.22111062456150266,
        "ndcg_cut_1000": 0.22111062456150266,
        "success_1": 0.0,
        "success_5": 1.0,
        "success_10": 1.0
    },
    "T18Eval-00021": {
        "map": 0.0,