{
    "T18Eval-00001": {
        "map": 0.15384615384615385,
        "recip_rank": 1.0,
        "ndcg_cut_5": 0.4104889601851253,
        "ndcg_cut_10": 0.32555948446634864,
        "ndcg_cut_15": 0.30346961475473205,
        "ndcg_cut_20": 0.30346961475473205,
        "ndcg_cut_30": 0.30346961475473205,
        "ndcg_cut_100": 0.30346961475473205,
        "ndcg_cut_200": 0.30346961475473205,
        "ndcg_cut_500": 0.30346961475473205,
        "ndcg_cut_1000": 0.30346961475473205,
        "success_1": 1.0,
        "success_5": 1.0,
        "success_10": 1.0
    },
    "T18Eval-00002": {
        "map": 0.0,
        "recip_rank": 0.0,
        "ndcg_cut_5": 0.0,
        "ndcg_cut_10": 0.0,
        "ndcg_cut_15": 0.0,
        "ndcg_cut_20": 0.0,
        "ndcg_cut_30": 0.0,
        "ndcg_cut_100": 0.0,
        "ndcg_cut_200": 0.0,
        "ndcg_cut_500": 0.0,
        "ndcg_cut_1000": 0.0,
        "success_1": 0.0,
        "success_5": 0.0,
        "success_10": 0.0
    },
    "T18Eval-00003": {
        "map": 0.0,
        "recip_rank": 0.0,
        "ndcg_cut_5": 0.0,
        "ndcg_cut_10": 0.0,
        "ndcg_cut_15": 0.0,
        "ndcg_cut_20": 0.0,
        "ndcg_cut_30": 0.0,
        "ndcg_cut_100": 0.0,
        "ndcg_cut_200": 0.0,
        "ndcg_cut_500": 0.0,
        "ndcg_cut_1000": 0.0,
        "success_1": 0.0,
        "success_5": 0.0,
        "success_10": 0.0
    },
    "T18Eval-00004": {
        "map": 0.0,
        "recip_rank": 0.0,
        "ndcg_cut_5": 0.0,
        "ndcg_cut_10": 0.0,
        "ndcg_cut_15": 0.0,
        "ndcg_cut_20": 0.0,
        "ndcg_cut_30": 0.0,
        "ndcg_cut_100": 0.0,
        "ndcg_cut_200": 0.0,
        "ndcg_cut_500": 0.0,
        "ndcg_cut_1000": 0.0,
        "success_1": 0.0,
        "success_5": 0.0,
        "success_10": 0.0
    },
    "T18Eval-00005": {
        "map": 0.004273504273504273,
        "recip_rank": 0.1111111111111111,
        "ndcg_cut_5": 0.0,
        "ndcg_cut_10": 0.06625422345438903,
        "ndcg_cut_15": 0.0513584922386436,
        "ndcg_cut_20": 0.048131519561652514,
        "ndcg_cut_30": 0.04500873524323553,
        "ndcg_cut_100": 0.04500873524323553,
        "ndcg_cut_200": 0.04500873524323553,
        "ndcg_cut_500": 0.04500873524323553,
        "ndcg_cut_1000": 0.04500873524323553,
        "success_1": 0.0,
        "success_5": 0.0,
        "success_10": 1.0
    },
    "T18Eval-00008": {
        "map": 0.0,
        "recip_rank": 0.0,
        "ndcg_cut_5": 0.0,
        "ndcg_cut_10": 0.0,
        "ndcg_cut_15": 0.0,
        "ndcg_cut_20": 0.0,
        "ndcg_cut_30": 0.0,
        "ndcg_cut_100": 0.0,
        "ndcg_cut_200": 0.0,
        "ndcg_cut_500": 0.0,
        "ndcg_cut_1000": 0.0,
        "success_1": 0.0,
        "success_5": 0.0,
        "success_10": 0.0
    },
    "T18Eval-00010": {
        "map": 0.0,
        "recip_rank": 0.0,
        "ndcg_cut_5": 0.0,
        "ndcg_cut_10": 0.0,
        "ndcg_cut_15": 0.0,
        "ndcg_cut_20": 0.0,
        "ndcg_cut_30": 0.0,
        "ndcg_cut_100": 0.0,
        "ndcg_cut_200": 0.0,
        "ndcg_cut_500": 0.0,
        "ndcg_cut_1000": 0.0,
        "success_1": 0.0,
        "success_5": 0.0,
        "success_10": 0.0
    },
    "T18Eval-00011": {
        "map": 0.26736042692939244,
        "recip_rank": 1.0,
        "ndcg_cut_5": 0.47036528278595785,
        "ndcg_cut_10": 0.38363315291837646,
        "ndcg_cut_15": 0.44311034564741864,
        "ndcg_cut_20": 0.44311034564741864,
        "ndcg_cut_30": 0.48796395752436855,
        "ndcg_cut_100": 0.5661597919467825,
        "ndcg_cut_200": 0.5661597919467825,
        "ndcg_cut_500": 0.5661597919467825,
        "ndcg_cut_1000": 0.5661597919467825,
        "success_1": 1.0,
        "success_5": 1.0,
        "success_10": 1.0
    },
    "T18Eval-00012": {
        "map": 0.16666666666666666,
        "recip_rank": 0.5,
        "ndcg_cut_5": 0.11699506935449569,
        "ndcg_cut_10": 0.11699506935449569,
        "ndcg_cut_15": 0.11699506935449569,
        "ndcg_cut_20": 0.11699506935449569,
        "ndcg_cut_30": 0.11699506935449569,
        "ndcg_cut_100": 0.11699506935449569,
        "ndcg_cut_200": 0.11699506935449569,
        "ndcg_cut_500": 0.11699506935449569,
        "ndcg_cut_1000": 0.11699506935449569,
        "success_1": 0.0,
        "success_5": 1.0,
        "success_10": 1.0
    },
    "T18Eval-00013": {
        "map": 0.0,
        "recip_rank": 0.0,
        "ndcg_cut_5": 0.0,
        "ndcg_cut_10": 0.0,
        "ndcg_cut_15": 0.0,
        "ndcg_cut_20": 0.0,
        "ndcg_cut_30": 0.0,
        "ndcg_cut_100": 0.0,
        "ndcg_cut_200": 0.0,
        "ndcg_cut_500": 0.0,
        "ndcg_cut_1000": 0.0,
        "success_1": 0.0,
        "success_5": 0.0,
        "success_10": 0.0
    },
    "T18Eval-00015": {
        "map": 0.0,
        "recip_rank": 0.0,
        "ndcg_cut_5": 0.0,
        "ndcg_cut_10": 0.0,
        "ndcg_cut_15": 0.0,
        "ndcg_cut_20": 0.0,
        "ndcg_cut_30": 0.0,
        "ndcg_cut_100": 0.0,
        "ndcg_cut_200": 0.0,
        "ndcg_cut_500": 0.0,
        "ndcg_cut_1000": 0.0,
        "success_1": 0.0,
        "success_5": 0.0,
        "success_10": 0.0
    },
    "T18Eval-00016": {
        "map": 0.0,
        "recip_rank": 0.0,
        "ndcg_cut_5": 0.0,
        "ndcg_cut_10": 0.0,
        "ndcg_cut_15": 0.0,
        "ndcg_cut_20": 0.0,
        "ndcg_cut_30": 0.0,
        "ndcg_cut_100": 0.0,
        "ndcg_cut_200": 0.0,
        "ndcg_cut_500": 0.0,
        "ndcg_cut_1000": 0.0,
        "success_1": 0.0,
        "success_5": 0.0,
        "success_10": 0.0
    },
    "T18Eval-00017": {
        "map": 0.3333333333333333,
        "recip_rank": 1.0,
        "ndcg_cut_5": 0.5562983930884396,
        "ndcg_cut_10": 0.5562983930884396,
        "ndcg_cut_15": 0.5562983930884396,
        "ndcg_cut_20": 0.5562983930884396,
        "ndcg_cut_30": 0.5562983930884396,
        "ndcg_cut_100": 0.5562983930884396,
        "ndcg_cut_200": 0.5562983930884396,
        "ndcg_cut_500": 0.5562983930884396,
        "ndcg_cut_1000": 0.5562983930884396,
        "success_1": 1.0,
        "success_5": 1.0,
        "success_10": 1.0
    },
    "T18Eval-00018": {
        "map": 0.0,
        "recip_rank": 0.0,
        "ndcg_cut_5": 0.0,
        "ndcg_cut_10": 0.0,
        "ndcg_cut_15": 0.0,
        "ndcg_cut_20": 0.0,
        "ndcg_cut_30": 0.0,
        "ndcg_cut_100": 0.0,
        "ndcg_cut_200": 0.0,
        "ndcg_cut_500": 0.0,
        "ndcg_cut_1000": 0.0,
        "success_1": 0.0,
        "success_5": 0.0,
        "success_10": 0.0
    },
    "T18Eval-00019": {
        "map": 0.046296296296296294,
        "recip_rank": 0.5,
        "ndcg_cut_5": 0.21398626473452753,
        "ndcg_cut_10": 0.16971286633003294,
        "ndcg_cut_15": 0.15177914661676972,
        "ndcg_cut_20": 0.15177914661676972,
        "ndcg_cut_30": 0.2536227163351971,
        "ndcg_cut_100": 0.2536227163351971,
        "ndcg_cut_200": 0.2536227163351971,
        "ndcg_cut_500": 0.2536227163351971,
        "ndcg_cut_1000": 0.2536227163351971,
        "success_1": 0.0,
        "success_5": 1.0,
        "success_10": 1.0
    },
    "T18Eval-00020": {
        "map": 0.1,
        "recip_rank": 1.0,
        "ndcg_cut_5": 0.33916020527361607,
        "ndcg_cut_10": 0.2538165846357146,
        "ndcg_cut_15": 0.2538165846357146,
        "ndcg_cut_20": 0.2538165846357146,
        "ndcg_cut_30": 0.2538165846357146,
        "ndcg_cut_100": 0.2538165846357146,
        "ndcg_cut_200": 0.2538165846357146,
        "ndcg_cut_500": 0.2538165846357146,
        "ndcg_cut_1000": 0.2538165846357146,
        "success_1": 1.0,
        "success_5": 1.0,
        "success_10": 1.0
    },
    "T18Eval-00021": {
        "map": 0.0,
        "recip_rank": 0.0,
        "ndcg_cut_5": 0.0,
        "ndcg_cut_10": 0.0,
        "ndcg_cut_15": 0.0,
        "ndcg_cut_20": 0.0,
        "ndcg_cut_30": 0.0,
        "ndcg_cut_100": 0.0,
        "ndcg_cut_200": 0.0,
        "ndcg_cut_500": 0.0,
        "ndcg_cut_1000": 0.0,