{
    "T18Eval-00001": {
        "map": 0.07692307692307693,
        "recip_rank": 1.0,
        "ndcg_cut_5": 0.33916020527361607,
        "ndcg_cut_10": 0.2689885290230043,
        "ndcg_cut_15": 0.2507371130958122,
        "ndcg_cut_20": 0.2507371130958122,
        "ndcg_cut_30": 0.2507371130958122,
        "ndcg_cut_100": 0.2507371130958122,
        "ndcg_cut_200": 0.2507371130958122,
        "ndcg_cut_500": 0.2507371130958122,
        "ndcg_cut_1000": 0.2507371130958122,
        "success_1": 1.0,
        "success_5": 1.0,
        "success_10": 1.0
    },
    "T18Eval-00002": {
        "map": 0.0,
        "recip_rank": 0.0,
        "ndcg_cut_5": 0.0,
        "ndcg_cut_10": 0.0,
        "ndcg_cut_15": 0.0,
        "ndcg_cut_20": 0.0,
        "ndcg_cut_30": 0.0,
        "ndcg_cut_100": 0.0,
        "ndcg_cut_200": 0.0,
        "ndcg_cut_500": 0.0,
        "ndcg_cut_1000": 0.0,
        "success_1": 0.0,
        "success_5": 0.0,
        "success_10": 0.0
    },
    "T18Eval-00003": {
        "map": 0.0,
        "recip_rank": 0.0,
        "ndcg_cut_5": 0.0,
        "ndcg_cut_10": 0.0,
        "ndcg_cut_15": 0.0,
        "ndcg_cut_20": 0.0,
        "ndcg_cut_30": 0.0,
        "ndcg_cut_100": 0.0,
        "ndcg_cut_200": 0.0,
        "ndcg_cut_500": 0.0,
        "ndcg_cut_1000": 0.0,
        "success_1": 0.0,
        "success_5": 0.0,
        "success_10": 0.0
    },
    "T18Eval-00004": {
        "map": 0.0,
        "recip_rank": 0.0,
        "ndcg_cut_5": 0.0,
        "ndcg_cut_10": 0.0,
        "ndcg_cut_15": 0.0,
        "ndcg_cut_20": 0.0,
        "ndcg_cut_30": 0.0,
        "ndcg_cut_100": 0.0,
        "ndcg_cut_200": 0.0,
        "ndcg_cut_500": 0.0,
        "ndcg_cut_1000": 0.0,
        "success_1": 0.0,
        "success_5": 0.0,
        "success_10": 0.0
    },
    "T18Eval-00005": {
        "map": 0.01282051282051282,
        "recip_rank": 0.3333333333333333,
        "ndcg_cut_5": 0.05652670087893601,
        "ndcg_cut_10": 0.03668196104968002,
        "ndcg_cut_15": 0.028434869713100785,
        "ndcg_cut_20": 0.02664824118024569,
        "ndcg_cut_30": 0.024919297019975178,
        "ndcg_cut_100": 0.024919297019975178,
        "ndcg_cut_200": 0.024919297019975178,
        "ndcg_cut_500": 0.024919297019975178,
        "ndcg_cut_1000": 0.024919297019975178,
        "success_1": 0.0,
        "success_5": 1.0,
        "success_10": 1.0
    },
    "T18Eval-00006": {
        "map": 0.0,
        "recip_rank": 0.0,
        "ndcg_cut_5": 0.0,
        "ndcg_cut_10": 0.0,
        "ndcg_cut_15": 0.0,
        "ndcg_cut_20": 0.0,
        "ndcg_cut_30": 0.0,
        "ndcg_cut_100": 0.0,
        "ndcg_cut_200": 0.0,
        "ndcg_cut_500": 0.0,
        "ndcg_cut_1000": 0.0,
        "success_1": 0.0,
        "success_5": 0.0,
        "success_10": 0.0
    },
    "T18Eval-00007": {
        "map": 0.0,
        "recip_rank": 0.0,
        "ndcg_cut_5": 0.0,
        "ndcg_cut_10": 0.0,
        "ndcg_cut_15": 0.0,
        "ndcg_cut_20": 0.0,
        "ndcg_cut_30": 0.0,
        "ndcg_cut_100": 0.0,
        "ndcg_cut_200": 0.0,
        "ndcg_cut_500": 0.0,
        "ndcg_cut_1000": 0.0,
        "success_1": 0.0,
        "success_5": 0.0,
        "success_10": 0.0
    },
    "T18Eval-00008": {
        "map": 0.030303030303030304,
        "recip_rank": 0.09090909090909091,
        "ndcg_cut_5": 0.0,
        "ndcg_cut_10": 0.0,
        "ndcg_cut_15": 0.06752546334392773,
        "ndcg_cut_20": 0.06752546334392773,
        "ndcg_cut_30": 0.06752546334392773,
        "ndcg_cut_100": 0.06752546334392773,
        "ndcg_cut_200": 0.06752546334392773,
        "ndcg_cut_500": 0.06752546334392773,
        "ndcg_cut_1000": 0.06752546334392773,
        "success_1": 0.0,
        "success_5": 0.0,
        "success_10": 0.0
    },
    "T18Eval-00009": {
        "map": 0.0,
        "recip_rank": 0.0,
        "ndcg_cut_5": 0.0,
        "ndcg_cut_10": 0.0,
        "ndcg_cut_15": 0.0,
        "ndcg_cut_20": 0.0,
        "ndcg_cut_30": 0.0,
        "ndcg_cut_100": 0.0,
        "ndcg_cut_200": 0.0,
        "ndcg_cut_500": 0.0,
        "ndcg_cut_1000": 0.0,
        "success_1": 0.0,
        "success_5": 0.0,
        "success_10": 0.0
    },
    "T18Eval-00010": {
        "map": 0.0,
        "recip_rank": 0.0,
        "ndcg_cut_5": 0.0,
        "ndcg_cut_10": 0.0,
        "ndcg_cut_15": 0.0,
        "ndcg_cut_20": 0.0,
        "ndcg_cut_30": 0.0,
        "ndcg_cut_100": 0.0,
        "ndcg_cut_200": 0.0,
        "ndcg_cut_500": 0.0,
        "ndcg_cut_1000": 0.0,
        "success_1": 0.0,
        "success_5": 0.0,
        "success_10": 0.0
    },
    "T18Eval-00011": {
        "map": 0.2633810977997024,
        "recip_rank": 1.0,
        "ndcg_cut_5": 0.47036528278595785,
        "ndcg_cut_10": 0.38363315291837646,
        "ndcg_cut_15": 0.38363315291837646,
        "ndcg_cut_20": 0.43747872285895967,
        "ndcg_cut_30": 0.4832610230773671,
        "ndcg_cut_100": 0.5636511146783827,
        "ndcg_cut_200": 0.5636511146783827,
        "ndcg_cut_500": 0.5636511146783827,
        "ndcg_cut_1000": 0.5636511146783827,
        "success_1": 1.0,
        "success_5": 1.0,
        "success_10": 1.0
    },
    "T18Eval-00012": {
        "map": 0.18888888888888888,
        "recip_rank": 0.5,
        "ndcg_cut_5": 0.11699506935449569,
        "ndcg_cut_10": 0.11699506935449569,
        "ndcg_cut_15": 0.11699506935449569,
        "ndcg_cut_20": 0.11699506935449569,
        "ndcg_cut_30": 0.2292833918664872,
        "ndcg_cut_100": 0.2292833918664872,
        "ndcg_cut_200": 0.2292833918664872,
        "ndcg_cut_500": 0.2292833918664872,
        "ndcg_cut_1000": 0.2292833918664872,
        "success_1": 0.0,
        "success_5": 1.0,
        "success_10": 1.0
    },
    "T18Eval-00013": {
        "map": 0.0,
        "recip_rank": 0.0,
        "ndcg_cut_5": 0.0,
        "ndcg_cut_10": 0.0,
        "ndcg_cut_15": 0.0,
        "ndcg_cut_20": 0.0,
        "ndcg_cut_30": 0.0,
        "ndcg_cut_100": 0.0,
        "ndcg_cut_200": 0.0,
        "ndcg_cut_500": 0.0,
        "ndcg_cut_1000": 0.0,
        "success_1": 0.0,
        "success_5": 0.0,
        "success_10": 0.0
    },
    "T18Eval-00014": {
        "map": 0.0,
        "recip_rank": 0.0,
        "ndcg_cut_5": 0.0,
        "ndcg_cut_10": 0.0,
        "ndcg_cut_15": 0.0,
        "ndcg_cut_20": 0.0,
        "ndcg_cut_30": 0.0,
        "ndcg_cut_100": 0.0,
        "ndcg_cut_200": 0.0,
        "ndcg_cut_500": 0.0,
        "ndcg_cut_1000": 0.0,
        "success_1": 0.0,
        "success_5": 0.0,
        "success_10": 0.0
    },
    "T18Eval-00015": {
        "map": 0.0,
        "recip_rank": 0.0,
        "ndcg_cut_5": 0.0,
        "ndcg_cut_10": 0.0,
        "ndcg_cut_15": 0.0,
        "ndcg_cut_20": 0.0,
        "ndcg_cut_30": 0.0,
        "ndcg_cut_100": 0.0,
        "ndcg_cut_200": 0.0,
        "ndcg_cut_500": 0.0,
        "ndcg_cut_1000": 0.0,
        "success_1": 0.0,
        "success_5": 0.0,
        "success_10": 0.0
    },
    "T18Eval-00016": {
        "map": 0.0,
        "recip_rank": 0.0,
        "ndcg_cut_5": 0.0,
        "ndcg_cut_10": 0.0,
        "ndcg_cut_15": 0.0,
        "ndcg_cut_20": 0.0,
        "ndcg_cut_30": 0.0,
        "ndcg_cut_100": 0.0,
        "ndcg_cut_200": 0.0,
        "ndcg_cut_500": 0.0,
        "ndcg_cut_1000": 0.0,
        "success_1": 0.0,
        "success_5": 0.0,
        "success_10": 0.0
    },
    "T18Eval-00017": {
        "map": 0.0,
        "recip_rank": 0.0,
        "ndcg_cut_5": 0.0,
        "ndcg_cut_10": 0.0,
        "ndcg_cut_15": 0.0,
        "ndcg_cut_20": 0.0,
        "ndcg_cut_30": 0.0,
        "ndcg_cut_100": 0.0,
        "ndcg_cut_200": 0.0,
        "ndcg_cut_500": 0.0,
        "ndcg_cut_1000": 0.0,
        "success_1": 0.0,
        "success_5": 0.0,
        "success_10": 0.0
    },
    "T18Eval-00018": {
        "map": 0.0,
        "recip_rank": 0.0,
        "ndcg_cut_5": 0.0,
        "ndcg_cut_10": 0.0,
        "ndcg_cut_15": 0.0,
        "ndcg_cut_20": 0.0,
        "ndcg_cut_30": 0.0,