{
    "T18Eval-00001": {
        "map": 0.23076923076923078,
        "recip_rank": 1.0,
        "ndcg_cut_5": 0.4670156610640613,
        "ndcg_cut_10": 0.3703909059701827,
        "ndcg_cut_15": 0.34525913360403404,
        "ndcg_cut_20": 0.34525913360403404,
        "ndcg_cut_30": 0.34525913360403404,
        "ndcg_cut_100": 0.34525913360403404,
        "ndcg_cut_200": 0.34525913360403404,
        "ndcg_cut_500": 0.34525913360403404,
        "ndcg_cut_1000": 0.34525913360403404,
        "success_1": 1.0,
        "success_5": 1.0,
        "success_10": 1.0
    },
    "T18Eval-00002": {
        "map": 0.0,
        "recip_rank": 0.0,
        "ndcg_cut_5": 0.0,
        "ndcg_cut_10": 0.0,
        "ndcg_cut_15": 0.0,
        "ndcg_cut_20": 0.0,
        "ndcg_cut_30": 0.0,
        "ndcg_cut_100": 0.0,
        "ndcg_cut_200": 0.0,
        "ndcg_cut_500": 0.0,
        "ndcg_cut_1000": 0.0,
        "success_1": 0.0,
        "success_5": 0.0,
        "success_10": 0.0
    },
    "T18Eval-00003": {
        "map": 0.0,
        "recip_rank": 0.0,
        "ndcg_cut_5": 0.0,
        "ndcg_cut_10": 0.0,
        "ndcg_cut_15": 0.0,
        "ndcg_cut_20": 0.0,
        "ndcg_cut_30": 0.0,
        "ndcg_cut_100": 0.0,
        "ndcg_cut_200": 0.0,
        "ndcg_cut_500": 0.0,
        "ndcg_cut_1000": 0.0,
        "success_1": 0.0,
        "success_5": 0.0,
        "success_10": 0.0
    },
    "T18Eval-00004": {
        "map": 0.0,
        "recip_rank": 0.0,
        "ndcg_cut_5": 0.0,
        "ndcg_cut_10": 0.0,
        "ndcg_cut_15": 0.0,
        "ndcg_cut_20": 0.0,
        "ndcg_cut_30": 0.0,
        "ndcg_cut_100": 0.0,
        "ndcg_cut_200": 0.0,
        "ndcg_cut_500": 0.0,
        "ndcg_cut_1000": 0.0,
        "success_1": 0.0,
        "success_5": 0.0,
        "success_10": 0.0
    },
    "T18Eval-00005": {
        "map": 0.0,
        "recip_rank": 0.0,
        "ndcg_cut_5": 0.0,
        "ndcg_cut_10": 0.0,
        "ndcg_cut_15": 0.0,
        "ndcg_cut_20": 0.0,
        "ndcg_cut_30": 0.0,
        "ndcg_cut_100": 0.0,
        "ndcg_cut_200": 0.0,
        "ndcg_cut_500": 0.0,
        "ndcg_cut_1000": 0.0,
        "success_1": 0.0,
        "success_5": 0.0,
        "success_10": 0.0
    },
    "T18Eval-00008": {
        "map": 0.0,
        "recip_rank": 0.0,
        "ndcg_cut_5": 0.0,
        "ndcg_cut_10": 0.0,
        "ndcg_cut_15": 0.0,
        "ndcg_cut_20": 0.0,
        "ndcg_cut_30": 0.0,
        "ndcg_cut_100": 0.0,
        "ndcg_cut_200": 0.0,
        "ndcg_cut_500": 0.0,
        "ndcg_cut_1000": 0.0,
        "success_1": 0.0,
        "success_5": 0.0,
        "success_10": 0.0
    },
    "T18Eval-00010": {
        "map": 0.0,
        "recip_rank": 0.0,
        "ndcg_cut_5": 0.0,
        "ndcg_cut_10": 0.0,
        "ndcg_cut_15": 0.0,
        "ndcg_cut_20": 0.0,
        "ndcg_cut_30": 0.0,
        "ndcg_cut_100": 0.0,
        "ndcg_cut_200": 0.0,
        "ndcg_cut_500": 0.0,
        "ndcg_cut_1000": 0.0,
        "success_1": 0.0,
        "success_5": 0.0,
        "success_10": 0.0
    },
    "T18Eval-00011": {
        "map": 0.2668116563715397,
        "recip_rank": 1.0,
        "ndcg_cut_5": 0.47036528278595785,
        "ndcg_cut_10": 0.38363315291837646,
        "ndcg_cut_15": 0.44311034564741864,
        "ndcg_cut_20": 0.44311034564741864,
        "ndcg_cut_30": 0.44311034564741864,
        "ndcg_cut_100": 0.5657357553420722,
        "ndcg_cut_200": 0.5657357553420722,
        "ndcg_cut_500": 0.5657357553420722,
        "ndcg_cut_1000": 0.5657357553420722,
        "success_1": 1.0,
        "success_5": 1.0,
        "success_10": 1.0
    },
    "T18Eval-00012": {
        "map": 0.011494252873563218,
        "recip_rank": 0.034482758620689655,
        "ndcg_cut_5": 0.0,
        "ndcg_cut_10": 0.0,
        "ndcg_cut_15": 0.0,
        "ndcg_cut_20": 0.0,
        "ndcg_cut_30": 0.11337085721583148,
        "ndcg_cut_100": 0.11337085721583148,
        "ndcg_cut_200": 0.11337085721583148,
        "ndcg_cut_500": 0.11337085721583148,
        "ndcg_cut_1000": 0.11337085721583148,
        "success_1": 0.0,
        "success_5": 0.0,
        "success_10": 0.0
    },
    "T18Eval-00013": {
        "map": 0.0,
        "recip_rank": 0.0,
        "ndcg_cut_5": 0.0,
        "ndcg_cut_10": 0.0,
        "ndcg_cut_15": 0.0,
        "ndcg_cut_20": 0.0,
        "ndcg_cut_30": 0.0,
        "ndcg_cut_100": 0.0,
        "ndcg_cut_200": 0.0,
        "ndcg_cut_500": 0.0,
        "ndcg_cut_1000": 0.0,
        "success_1": 0.0,
        "success_5": 0.0,
        "success_10": 0.0
    },
    "T18Eval-00015": {
        "map": 0.0,
        "recip_rank": 0.0,
        "ndcg_cut_5": 0.0,
        "ndcg_cut_10": 0.0,
        "ndcg_cut_15": 0.0,
        "ndcg_cut_20": 0.0,
        "ndcg_cut_30": 0.0,
        "ndcg_cut_100": 0.0,
        "ndcg_cut_200": 0.0,
        "ndcg_cut_500": 0.0,
        "ndcg_cut_1000": 0.0,
        "success_1": 0.0,
        "success_5": 0.0,
        "success_10": 0.0
    },
    "T18Eval-00016": {
        "map": 0.0,
        "recip_rank": 0.0,
        "ndcg_cut_5": 0.0,
        "ndcg_cut_10": 0.0,
        "ndcg_cut_15": 0.0,
        "ndcg_cut_20": 0.0,
        "ndcg_cut_30": 0.0,
        "ndcg_cut_100": 0.0,
        "ndcg_cut_200": 0.0,
        "ndcg_cut_500": 0.0,
        "ndcg_cut_1000": 0.0,
        "success_1": 0.0,
        "success_5": 0.0,
        "success_10": 0.0
    },
    "T18Eval-00017": {
        "map": 0.3333333333333333,
        "recip_rank": 1.0,
        "ndcg_cut_5": 0.5562983930884396,
        "ndcg_cut_10": 0.5562983930884396,
        "ndcg_cut_15": 0.5562983930884396,
        "ndcg_cut_20": 0.5562983930884396,
        "ndcg_cut_30": 0.5562983930884396,
        "ndcg_cut_100": 0.5562983930884396,
        "ndcg_cut_200": 0.5562983930884396,
        "ndcg_cut_500": 0.5562983930884396,
        "ndcg_cut_1000": 0.5562983930884396,
        "success_1": 1.0,
        "success_5": 1.0,
        "success_10": 1.0
    },
    "T18Eval-00018": {
        "map": 0.0,
        "recip_rank": 0.0,
        "ndcg_cut_5": 0.0,
        "ndcg_cut_10": 0.0,
        "ndcg_cut_15": 0.0,
        "ndcg_cut_20": 0.0,
        "ndcg_cut_30": 0.0,
        "ndcg_cut_100": 0.0,
        "ndcg_cut_200": 0.0,
        "ndcg_cut_500": 0.0,
        "ndcg_cut_1000": 0.0,
        "success_1": 0.0,
        "success_5": 0.0,
        "success_10": 0.0
    },
    "T18Eval-00019": {
        "map": 0.057028985507246374,
        "recip_rank": 0.5,
        "ndcg_cut_5": 0.21398626473452753,
        "ndcg_cut_10": 0.16971286633003294,
        "ndcg_cut_15": 0.15177914661676972,
        "ndcg_cut_20": 0.20654847055758077,
        "ndcg_cut_30": 0.25901656724129424,
        "ndcg_cut_100": 0.30670599239065854,
        "ndcg_cut_200": 0.30670599239065854,
        "ndcg_cut_500": 0.30670599239065854,
        "ndcg_cut_1000": 0.30670599239065854,
        "success_1": 0.0,
        "success_5": 1.0,
        "success_10": 1.0
    },
    "T18Eval-00022": {
        "map": 0.0,
        "recip_rank": 0.0,
        "ndcg_cut_5": 0.0,
        "ndcg_cut_10": 0.0,
        "ndcg_cut_15": 0.0,
        "ndcg_cut_20": 0.0,
        "ndcg_cut_30": 0.0,
        "ndcg_cut_100": 0.0,
        "ndcg_cut_200": 0.0,
        "ndcg_cut_500": 0.0,
        "ndcg_cut_1000": 0.0,
        "success_1": 0.0,
        "success_5": 0.0,
        "success_10": 0.0
    },
    "T18Eval-00025": {
        "map": 0.0,
        "recip_rank": 0.0,
        "ndcg_cut_5": 0.0,
        "ndcg_cut_10": 0.0,
        "ndcg_cut_15": 0.0,
        "ndcg_cut_20": 0.0,
        "ndcg_cut_30": 0.0,
        "ndcg_cut_100": 0.0,
        "ndcg_cut_200": 0.0,
        "ndcg_cut_500": 0.0,
        "ndcg_cut_1000": 0.0,
        "success_1": 0.0,
        "success_5": 0.0,
        "success_10": 0.0
    },
    "T18Eval-00026": {
        "map": 0.0,
        "recip_rank": 0.0,
        "ndcg_cut_5": 0.0,
        "ndcg_cut_10": 0.0,
        "ndcg_cut_15": 0.0,
        "ndcg_cut_20": 0.0,
        "ndcg_cut_30": 0.0,
        "ndcg_cut_100": 0.0,
        "ndcg_cut_200": 0.0,