{
    "T18Eval-00001": {
        "map": 0.15384615384615385,
        "recip_rank": 1.0,
        "ndcg_cut_5": 0.5531464700081437,
        "ndcg_cut_10": 0.43870139535303726,
        "ndcg_cut_15": 0.40893461807257164,
        "ndcg_cut_20": 0.40893461807257164,
        "ndcg_cut_30": 0.40893461807257164,
        "ndcg_cut_100": 0.40893461807257164,
        "ndcg_cut_200": 0.40893461807257164,
        "ndcg_cut_500": 0.40893461807257164,
        "ndcg_cut_1000": 0.40893461807257164,
        "success_1": 1.0,
        "success_5": 1.0,
        "success_10": 1.0
    },
    "T18Eval-00002": {
        "map": 0.0,
        "recip_rank": 0.0,
        "ndcg_cut_5": 0.0,
        "ndcg_cut_10": 0.0,
        "ndcg_cut_15": 0.0,
        "ndcg_cut_20": 0.0,
        "ndcg_cut_30": 0.0,
        "ndcg_cut_100": 0.0,
        "ndcg_cut_200": 0.0,
        "ndcg_cut_500": 0.0,
        "ndcg_cut_1000": 0.0,
        "success_1": 0.0,
        "success_5": 0.0,
        "success_10": 0.0
    },
    "T18Eval-00003": {
        "map": 0.0,
        "recip_rank": 0.0,
        "ndcg_cut_5": 0.0,
        "ndcg_cut_10": 0.0,
        "ndcg_cut_15": 0.0,
        "ndcg_cut_20": 0.0,
        "ndcg_cut_30": 0.0,
        "ndcg_cut_100": 0.0,
        "ndcg_cut_200": 0.0,
        "ndcg_cut_500": 0.0,
        "ndcg_cut_1000": 0.0,
        "success_1": 0.0,
        "success_5": 0.0,
        "success_10": 0.0
    },
    "T18Eval-00004": {
        "map": 0.0,
        "recip_rank": 0.0,
        "ndcg_cut_5": 0.0,
        "ndcg_cut_10": 0.0,
        "ndcg_cut_15": 0.0,
        "ndcg_cut_20": 0.0,
        "ndcg_cut_30": 0.0,
        "ndcg_cut_100": 0.0,
        "ndcg_cut_200": 0.0,
        "ndcg_cut_500": 0.0,
        "ndcg_cut_1000": 0.0,
        "success_1": 0.0,
        "success_5": 0.0,
        "success_10": 0.0
    },
    "T18Eval-00005": {
        "map": 0.0,
        "recip_rank": 0.0,
        "ndcg_cut_5": 0.0,
        "ndcg_cut_10": 0.0,
        "ndcg_cut_15": 0.0,
        "ndcg_cut_20": 0.0,
        "ndcg_cut_30": 0.0,
        "ndcg_cut_100": 0.0,
        "ndcg_cut_200": 0.0,
        "ndcg_cut_500": 0.0,
        "ndcg_cut_1000": 0.0,
        "success_1": 0.0,
        "success_5": 0.0,
        "success_10": 0.0
    },
    "T18Eval-00008": {
        "map": 0.03333333333333333,
        "recip_rank": 0.1,
        "ndcg_cut_5": 0.0,
        "ndcg_cut_10": 0.06997573029848124,
        "ndcg_cut_15": 0.06997573029848124,
        "ndcg_cut_20": 0.06997573029848124,
        "ndcg_cut_30": 0.06997573029848124,
        "ndcg_cut_100": 0.06997573029848124,
        "ndcg_cut_200": 0.06997573029848124,
        "ndcg_cut_500": 0.06997573029848124,
        "ndcg_cut_1000": 0.06997573029848124,
        "success_1": 0.0,
        "success_5": 0.0,
        "success_10": 1.0
    },
    "T18Eval-00010": {
        "map": 0.0,
        "recip_rank": 0.0,
        "ndcg_cut_5": 0.0,
        "ndcg_cut_10": 0.0,
        "ndcg_cut_15": 0.0,
        "ndcg_cut_20": 0.0,
        "ndcg_cut_30": 0.0,
        "ndcg_cut_100": 0.0,
        "ndcg_cut_200": 0.0,
        "ndcg_cut_500": 0.0,
        "ndcg_cut_1000": 0.0,
        "success_1": 0.0,
        "success_5": 0.0,
        "success_10": 0.0
    },
    "T18Eval-00011": {
        "map": 0.23185825027685492,
        "recip_rank": 1.0,
        "ndcg_cut_5": 0.47036528278595785,
        "ndcg_cut_10": 0.38363315291837646,
        "ndcg_cut_15": 0.38363315291837646,
        "ndcg_cut_20": 0.38363315291837646,
        "ndcg_cut_30": 0.4304568076178821,
        "ndcg_cut_100": 0.5113313063796708,
        "ndcg_cut_200": 0.5113313063796708,
        "ndcg_cut_500": 0.5113313063796708,
        "ndcg_cut_1000": 0.5113313063796708,
        "success_1": 1.0,
        "success_5": 1.0,
        "success_10": 1.0
    },
    "T18Eval-00012": {
        "map": 0.16666666666666666,
        "recip_rank": 0.5,
        "ndcg_cut_5": 0.11699506935449569,
        "ndcg_cut_10": 0.11699506935449569,
        "ndcg_cut_15": 0.11699506935449569,
        "ndcg_cut_20": 0.11699506935449569,
        "ndcg_cut_30": 0.11699506935449569,
        "ndcg_cut_100": 0.11699506935449569,
        "ndcg_cut_200": 0.11699506935449569,
        "ndcg_cut_500": 0.11699506935449569,
        "ndcg_cut_1000": 0.11699506935449569,
        "success_1": 0.0,
        "success_5": 1.0,
        "success_10": 1.0
    },
    "T18Eval-00013": {
        "map": 0.0,
        "recip_rank": 0.0,
        "ndcg_cut_5": 0.0,
        "ndcg_cut_10": 0.0,
        "ndcg_cut_15": 0.0,
        "ndcg_cut_20": 0.0,
        "ndcg_cut_30": 0.0,
        "ndcg_cut_100": 0.0,
        "ndcg_cut_200": 0.0,
        "ndcg_cut_500": 0.0,
        "ndcg_cut_1000": 0.0,
        "success_1": 0.0,
        "success_5": 0.0,
        "success_10": 0.0
    },
    "T18Eval-00015": {
        "map": 0.006211180124223602,
        "recip_rank": 0.043478260869565216,
        "ndcg_cut_5": 0.0,
        "ndcg_cut_10": 0.0,
        "ndcg_cut_15": 0.0,
        "ndcg_cut_20": 0.0,
        "ndcg_cut_30": 0.024894305199785922,
        "ndcg_cut_100": 0.024894305199785922,
        "ndcg_cut_200": 0.024894305199785922,
        "ndcg_cut_500": 0.024894305199785922,
        "ndcg_cut_1000": 0.024894305199785922,
        "success_1": 0.0,
        "success_5": 0.0,
        "success_10": 0.0
    },
    "T18Eval-00016": {
        "map": 0.0,
        "recip_rank": 0.0,
        "ndcg_cut_5": 0.0,
        "ndcg_cut_10": 0.0,
        "ndcg_cut_15": 0.0,
        "ndcg_cut_20": 0.0,
        "ndcg_cut_30": 0.0,
        "ndcg_cut_100": 0.0,
        "ndcg_cut_200": 0.0,
        "ndcg_cut_500": 0.0,
        "ndcg_cut_1000": 0.0,
        "success_1": 0.0,
        "success_5": 0.0,
        "success_10": 0.0
    },
    "T18Eval-00017": {
        "map": 0.16666666666666666,
        "recip_rank": 0.5,
        "ndcg_cut_5": 0.35098520806348704,
        "ndcg_cut_10": 0.35098520806348704,
        "ndcg_cut_15": 0.35098520806348704,
        "ndcg_cut_20": 0.35098520806348704,
        "ndcg_cut_30": 0.35098520806348704,
        "ndcg_cut_100": 0.35098520806348704,
        "ndcg_cut_200": 0.35098520806348704,
        "ndcg_cut_500": 0.35098520806348704,
        "ndcg_cut_1000": 0.35098520806348704,
        "success_1": 0.0,
        "success_5": 1.0,
        "success_10": 1.0
    },
    "T18Eval-00018": {
        "map": 0.0,
        "recip_rank": 0.0,
        "ndcg_cut_5": 0.0,
        "ndcg_cut_10": 0.0,
        "ndcg_cut_15": 0.0,
        "ndcg_cut_20": 0.0,
        "ndcg_cut_30": 0.0,
        "ndcg_cut_100": 0.0,
        "ndcg_cut_200": 0.0,
        "ndcg_cut_500": 0.0,
        "ndcg_cut_1000": 0.0,
        "success_1": 0.0,
        "success_5": 0.0,
        "success_10": 0.0
    },
    "T18Eval-00019": {
        "map": 0.037014032666206585,
        "recip_rank": 0.25,
        "ndcg_cut_5": 0.14606834984270645,
        "ndcg_cut_10": 0.1158470538408525,
        "ndcg_cut_15": 0.1036053856744036,
        "ndcg_cut_20": 0.1036053856744036,
        "ndcg_cut_30": 0.20559287241343388,
        "ndcg_cut_100": 0.2517712790321088,
        "ndcg_cut_200": 0.2517712790321088,
        "ndcg_cut_500": 0.2517712790321088,
        "ndcg_cut_1000": 0.2517712790321088,
        "success_1": 0.0,
        "success_5": 1.0,
        "success_10": 1.0
    },
    "T18Eval-00021": {
        "map": 0.0,
        "recip_rank": 0.0,
        "ndcg_cut_5": 0.0,
        "ndcg_cut_10": 0.0,
        "ndcg_cut_15": 0.0,
        "ndcg_cut_20": 0.0,
        "ndcg_cut_30": 0.0,
        "ndcg_cut_100": 0.0,
        "ndcg_cut_200": 0.0,
        "ndcg_cut_500": 0.0,
        "ndcg_cut_1000": 0.0,
        "success_1": 0.0,
        "success_5": 0.0,
        "success_10": 0.0
    },
    "T18Eval-00022": {
        "map": 0.0,
        "recip_rank": 0.0,
        "ndcg_cut_5": 0.0,
        "ndcg_cut_10": 0.0,
        "ndcg_cut_15": 0.0,
        "ndcg_cut_20": 0.0,
        "ndcg_cut_30": 0.0,
        "ndcg_cut_100": 0.0,
        "ndcg_cut_200": 0.0,
        "ndcg_cut_500": 0.0,
        "ndcg_cut_1000": 0.0,
        "success_1": 0.0,