{
    "T18Eval-00001": {
        "map": 0.15384615384615385,
        "recip_rank": 1.0,
        "ndcg_cut_5": 0.5531464700081437,
        "ndcg_cut_10": 0.43870139535303726,
        "ndcg_cut_15": 0.40893461807257164,
        "ndcg_cut_20": 0.40893461807257164,
        "ndcg_cut_30": 0.40893461807257164,
        "ndcg_cut_100": 0.40893461807257164,
        "ndcg_cut_200": 0.40893461807257164,
        "ndcg_cut_500": 0.40893461807257164,
        "ndcg_cut_1000": 0.40893461807257164,
        "success_1": 1.0,
        "success_5": 1.0,
        "success_10": 1.0
    },
    "T18Eval-00002": {
        "map": 0.0,
        "recip_rank": 0.0,
        "ndcg_cut_5": 0.0,
        "ndcg_cut_10": 0.0,
        "ndcg_cut_15": 0.0,
        "ndcg_cut_20": 0.0,
        "ndcg_cut_30": 0.0,
        "ndcg_cut_100": 0.0,
        "ndcg_cut_200": 0.0,
        "ndcg_cut_500": 0.0,
        "ndcg_cut_1000": 0.0,
        "success_1": 0.0,
        "success_5": 0.0,
        "success_10": 0.0
    },
    "T18Eval-00003": {
        "map": 0.0,
        "recip_rank": 0.0,
        "ndcg_cut_5": 0.0,
        "ndcg_cut_10": 0.0,
        "ndcg_cut_15": 0.0,
        "ndcg_cut_20": 0.0,
        "ndcg_cut_30": 0.0,
        "ndcg_cut_100": 0.0,
        "ndcg_cut_200": 0.0,
        "ndcg_cut_500": 0.0,
        "ndcg_cut_1000": 0.0,
        "success_1": 0.0,
        "success_5": 0.0,
        "success_10": 0.0
    },
    "T18Eval-00004": {
        "map": 0.0,
        "recip_rank": 0.0,
        "ndcg_cut_5": 0.0,
        "ndcg_cut_10": 0.0,
        "ndcg_cut_15": 0.0,
        "ndcg_cut_20": 0.0,
        "ndcg_cut_30": 0.0,
        "ndcg_cut_100": 0.0,
        "ndcg_cut_200": 0.0,
        "ndcg_cut_500": 0.0,
        "ndcg_cut_1000": 0.0,
        "success_1": 0.0,
        "success_5": 0.0,
        "success_10": 0.0
    },
    "T18Eval-00005": {
        "map": 0.03292540792540792,
        "recip_rank": 0.25,
        "ndcg_cut_5": 0.04868944994756881,
        "ndcg_cut_10": 0.10999439043519225,
        "ndcg_cut_15": 0.13285493127419817,
        "ndcg_cut_20": 0.12450734912102145,
        "ndcg_cut_30": 0.11642928300335481,
        "ndcg_cut_100": 0.11642928300335481,
        "ndcg_cut_200": 0.11642928300335481,
        "ndcg_cut_500": 0.11642928300335481,
        "ndcg_cut_1000": 0.11642928300335481,
        "success_1": 0.0,
        "success_5": 1.0,
        "success_10": 1.0
    },
    "T18Eval-00008": {
        "map": 0.037037037037037035,
        "recip_rank": 0.1111111111111111,
        "ndcg_cut_5": 0.0,
        "ndcg_cut_10": 0.07287221367144313,
        "ndcg_cut_15": 0.07287221367144313,
        "ndcg_cut_20": 0.07287221367144313,
        "ndcg_cut_30": 0.07287221367144313,
        "ndcg_cut_100": 0.07287221367144313,
        "ndcg_cut_200": 0.07287221367144313,
        "ndcg_cut_500": 0.07287221367144313,
        "ndcg_cut_1000": 0.07287221367144313,
        "success_1": 0.0,
        "success_5": 0.0,
        "success_10": 1.0
    },
    "T18Eval-00009": {
        "map": 0.0,
        "recip_rank": 0.0,
        "ndcg_cut_5": 0.0,
        "ndcg_cut_10": 0.0,
        "ndcg_cut_15": 0.0,
        "ndcg_cut_20": 0.0,
        "ndcg_cut_30": 0.0,
        "ndcg_cut_100": 0.0,
        "ndcg_cut_200": 0.0,
        "ndcg_cut_500": 0.0,
        "ndcg_cut_1000": 0.0,
        "success_1": 0.0,
        "success_5": 0.0,
        "success_10": 0.0
    },
    "T18Eval-00010": {
        "map": 0.0,
        "recip_rank": 0.0,
        "ndcg_cut_5": 0.0,
        "ndcg_cut_10": 0.0,
        "ndcg_cut_15": 0.0,
        "ndcg_cut_20": 0.0,
        "ndcg_cut_30": 0.0,
        "ndcg_cut_100": 0.0,
        "ndcg_cut_200": 0.0,
        "ndcg_cut_500": 0.0,
        "ndcg_cut_1000": 0.0,
        "success_1": 0.0,
        "success_5": 0.0,
        "success_10": 0.0
    },
    "T18Eval-00011": {
        "map": 0.21027383469243938,
        "recip_rank": 0.5,
        "ndcg_cut_5": 0.21398626473452753,
        "ndcg_cut_10": 0.2906246349515899,
        "ndcg_cut_15": 0.3520176805563365,
        "ndcg_cut_20": 0.3520176805563365,
        "ndcg_cut_30": 0.3973228734994184,
        "ndcg_cut_100": 0.477712965100434,
        "ndcg_cut_200": 0.477712965100434,
        "ndcg_cut_500": 0.477712965100434,
        "ndcg_cut_1000": 0.477712965100434,
        "success_1": 0.0,
        "success_5": 1.0,
        "success_10": 1.0
    },
    "T18Eval-00012": {
        "map": 0.012345679012345678,
        "recip_rank": 0.037037037037037035,
        "ndcg_cut_5": 0.0,
        "ndcg_cut_10": 0.0,
        "ndcg_cut_15": 0.0,
        "ndcg_cut_20": 0.0,
        "ndcg_cut_30": 0.1157181864263805,
        "ndcg_cut_100": 0.1157181864263805,
        "ndcg_cut_200": 0.1157181864263805,
        "ndcg_cut_500": 0.1157181864263805,
        "ndcg_cut_1000": 0.1157181864263805,
        "success_1": 0.0,
        "success_5": 0.0,
        "success_10": 0.0
    },
    "T18Eval-00013": {
        "map": 0.0,
        "recip_rank": 0.0,
        "ndcg_cut_5": 0.0,
        "ndcg_cut_10": 0.0,
        "ndcg_cut_15": 0.0,
        "ndcg_cut_20": 0.0,
        "ndcg_cut_30": 0.0,
        "ndcg_cut_100": 0.0,
        "ndcg_cut_200": 0.0,
        "ndcg_cut_500": 0.0,
        "ndcg_cut_1000": 0.0,
        "success_1": 0.0,
        "success_5": 0.0,
        "success_10": 0.0
    },
    "T18Eval-00014": {
        "map": 0.0,
        "recip_rank": 0.0,
        "ndcg_cut_5": 0.0,
        "ndcg_cut_10": 0.0,
        "ndcg_cut_15": 0.0,
        "ndcg_cut_20": 0.0,
        "ndcg_cut_30": 0.0,
        "ndcg_cut_100": 0.0,
        "ndcg_cut_200": 0.0,
        "ndcg_cut_500": 0.0,
        "ndcg_cut_1000": 0.0,
        "success_1": 0.0,
        "success_5": 0.0,
        "success_10": 0.0
    },
    "T18Eval-00015": {
        "map": 0.0,
        "recip_rank": 0.0,
        "ndcg_cut_5": 0.0,
        "ndcg_cut_10": 0.0,
        "ndcg_cut_15": 0.0,
        "ndcg_cut_20": 0.0,
        "ndcg_cut_30": 0.0,
        "ndcg_cut_100": 0.0,
        "ndcg_cut_200": 0.0,
        "ndcg_cut_500": 0.0,
        "ndcg_cut_1000": 0.0,
        "success_1": 0.0,
        "success_5": 0.0,
        "success_10": 0.0
    },
    "T18Eval-00016": {
        "map": 0.0,
        "recip_rank": 0.0,
        "ndcg_cut_5": 0.0,
        "ndcg_cut_10": 0.0,
        "ndcg_cut_15": 0.0,
        "ndcg_cut_20": 0.0,
        "ndcg_cut_30": 0.0,
        "ndcg_cut_100": 0.0,
        "ndcg_cut_200": 0.0,
        "ndcg_cut_500": 0.0,
        "ndcg_cut_1000": 0.0,
        "success_1": 0.0,
        "success_5": 0.0,
        "success_10": 0.0
    },
    "T18Eval-00017": {
        "map": 0.0,
        "recip_rank": 0.0,
        "ndcg_cut_5": 0.0,
        "ndcg_cut_10": 0.0,
        "ndcg_cut_15": 0.0,
        "ndcg_cut_20": 0.0,
        "ndcg_cut_30": 0.0,
        "ndcg_cut_100": 0.0,
        "ndcg_cut_200": 0.0,
        "ndcg_cut_500": 0.0,
        "ndcg_cut_1000": 0.0,
        "success_1": 0.0,
        "success_5": 0.0,
        "success_10": 0.0
    },
    "T18Eval-00018": {
        "map": 0.0,
        "recip_rank": 0.0,
        "ndcg_cut_5": 0.0,
        "ndcg_cut_10": 0.0,
        "ndcg_cut_15": 0.0,
        "ndcg_cut_20": 0.0,
        "ndcg_cut_30": 0.0,
        "ndcg_cut_100": 0.0,
        "ndcg_cut_200": 0.0,
        "ndcg_cut_500": 0.0,
        "ndcg_cut_1000": 0.0,
        "success_1": 0.0,
        "success_5": 0.0,
        "success_10": 0.0
    },
    "T18Eval-00019": {
        "map": 0.03968253968253968,
        "recip_rank": 0.5,
        "ndcg_cut_5": 0.21398626473452753,
        "ndcg_cut_10": 0.16971286633003294,
        "ndcg_cut_15": 0.15177914661676972,
        "ndcg_cut_20": 0.15177914661676972,
        "ndcg_cut_30": 0.20572419530271627,
        "ndcg_cut_100": 0.20572419530271627,
        "ndcg_cut_200": 0.20572419530271627,
        "ndcg_cut_500": 0.20572419530271627,
        "ndcg_cut_1000": 0.20572419530271627,
        "success_1": 0.0,
        "success_5": 1.0,
        "success_10": 1.0
    },
    "T18Eval-00021": {
        "map": 0.0,
        "recip_rank": 0.0,
        "ndcg_cut_5": 0.0,