{
    "T1": [
        0.2737726564543428,
        0.3668371887269457,
        0.4599017209995486
    ],
    "T2": [
        0.0,
        0.0,
        0.0
    ],
    "T3": [
        0.0,
        0.0,
        0.0
    ],
    "T4": [
        0.0014345429202127918,
        0.04522136070314881,
        0.08900817848608483
    ],
    "T5": [
        0.021686233778186945,
        0.04397068114901144,
        0.06625512851983593
    ],
    "T6": [
        0.0,
        0.0,
        0.0
    ],
    "T7": [
        0.0,
        0.0,
        0.0
    ],
    "T8": [
        0.0,
        0.0,
        0.0
    ],
    "T9": [
        0.0,
        0.0,
        0.0
    ],
    "T10": [
        0.0,
        0.0,
        0.0
    ],
    "T11": [
        0.32257039655655856,
        0.37191902662399473,
        0.4212676566914309
    ],
    "T12": [
        0.030831134990620263,
        0.05216983198145575,
        0.07350852897229124
    ],
    "T13": [
        0.0,
        0.0,
        0.0
    ],
    "T14": [
        0.0,
        0.0,
        0.0
    ],
    "T15": [
        0.0,
        0.0,
        0.0
    ],
    "T16": [
        0.0,
        0.0,
        0.0
    ],
    "T17": [
        0.117905675985432,
        0.21368754566833018,
        0.30946941535122835
    ],
    "T18": [
        0.0,
        0.0,
        0.0
    ],
    "T19": [
        0.17691574130274312,
        0.20042863176395817,
        0.22394152222517322
    ],
    "T20": [
        0.03348100750717403,
        0.09044272140629762,
        0.14740443530542122
    ],
    "T21": [
        0.0,
        0.0,
        0.0
    ],
    "T22": [
        0.0,
        0.0,
        0.0
    ],
    "T23": [
        0.0,
        0.0,
        0.0
    ],
    "T24": [
        0.0,
        0.0,
        0.0
    ],
    "T25": [
        0.0,
        0.0,
        0.0
    ],
    "T26": [
        0.0017621916605330412,
        0.12103099178571525,
        0.24029979191089745
    ],
    "T27": [
        0.06834657822428593,
        0.09257276142639663,
        0.11679894462850733
    ],
    "T28": [
        0.0,
        0.0,
        0.0
    ],
    "T29": [
        0.08809923435867678,
        0.13844999571726374,
        0.1888007570758507
    ],
    "T30": [
        0.0,
        0.0,
        0.0
    ],
    "T31": [
        0.0,
        0.0,
        0.0
    ],
    "T32": [
        0.0,
        0.0,
        0.0
    ],
    "T33": [
        0.06113573203257944,
        0.15065301483902246,
        0.2401702976454655
    ],
    "T34": [
        0.00022766456296881288,
        0.007558883388383984,
        0.014890102213799154
    ],
    "T35": [
        0.0,
        0.0,
        0.0
    ],
    "T36": [
        0.0,
        0.0,
        0.0
    ],
    "T37": [
        0.0,
        0.0,
        0.0
    ],
    "T38": [
        0.008522226283361425,
        0.05652670087893601,
        0.1045311754745106
    ],
    "T39": [
        0.0,
        0.0,
        0.0
    ],
    "T40": [
        0.0,
        0.0,
        0.0
    ],
    "T41": [
        0.0,
        0.0,
        0.0
    ],
    "T42": [
        0.0,
        0.0,
        0.0
    ],
    "T43": [
        0.0,
        0.0,
        0.0
    ],
    "T44": [
        0.06428739057040044,
        0.07988458952932338,
        0.09548178848824633
    ],
    "T45": [
        0.03348100750717403,
        0.09044272140629762,
        0.14740443530542122
    ]
}